# Blender 5.0.1
# www.blender.org
mtllib logo.mtl
o Untitled
v 15.781000 0.000000 0.000000
v 12.771000 0.000000 0.000000
v 1.505000 30.959999 -0.000002
v 38.098000 0.000000 0.000000
v 35.044998 0.000000 0.000000
v 25.413000 26.445000 -0.000002
v 45.580002 30.959999 -0.000002
v 49.363998 30.959999 -0.000002
v 38.098000 0.000000 0.000000
v 23.306000 30.959999 -0.000002
v 27.520000 30.959999 -0.000002
v 36.592999 6.106000 -0.000000
v 1.505000 30.959999 -0.000002
v 5.203000 30.959999 -0.000002
v 14.276000 6.106000 -0.000000
v 36.592999 6.106000 -0.000000
v 45.580002 30.959999 -0.000002
v 38.098000 0.000000 0.000000
v 15.781000 0.000000 0.000000
v 1.505000 30.959999 -0.000002
v 14.276000 6.106000 -0.000000
v 36.592999 6.106000 -0.000000
v 38.098000 0.000000 0.000000
v 25.413000 26.445000 -0.000002
v 15.781000 0.000000 0.000000
v 14.276000 6.106000 -0.000000
v 23.306000 30.959999 -0.000002
v 23.306000 30.959999 -0.000002
v 36.592999 6.106000 -0.000000
v 25.413000 26.445000 -0.000002
v 25.413000 26.445000 -0.000002
v 15.781000 0.000000 0.000000
v 23.306000 30.959999 -0.000002
v 1.505000 30.959999 10.999998
v 12.771000 0.000001 11.000000
v 15.781000 0.000001 11.000000
v 25.413000 26.445000 10.999998
v 35.044998 0.000001 11.000000
v 38.098000 0.000001 11.000000
v 38.098000 0.000001 11.000000
v 49.363998 30.959999 10.999998
v 45.580002 30.959999 10.999998
v 36.592999 6.106001 11.000000
v 27.520000 30.959999 10.999998
v 23.306000 30.959999 10.999998
v 14.276000 6.106001 11.000000
v 5.203000 30.959999 10.999998
v 1.505000 30.959999 10.999998
v 38.098000 0.000001 11.000000
v 45.580002 30.959999 10.999998
v 36.592999 6.106001 11.000000
v 14.276000 6.106001 11.000000
v 1.505000 30.959999 10.999998
v 15.781000 0.000001 11.000000
v 25.413000 26.445000 10.999998
v 38.098000 0.000001 11.000000
v 36.592999 6.106001 11.000000
v 23.306000 30.959999 10.999998
v 14.276000 6.106001 11.000000
v 15.781000 0.000001 11.000000
v 25.413000 26.445000 10.999998
v 36.592999 6.106001 11.000000
v 23.306000 30.959999 10.999998
v 23.306000 30.959999 10.999998
v 15.781000 0.000001 11.000000
v 25.413000 26.445000 10.999998
v 15.781000 0.000000 0.000000
v 25.413000 26.445000 -0.000002
v 15.781000 0.000001 11.000000
v 25.413000 26.445000 -0.000002
v 25.413000 26.445000 10.999998
v 15.781000 0.000001 11.000000
v 25.413000 26.445000 -0.000002
v 35.044998 0.000000 0.000000
v 25.413000 26.445000 10.999998
v 35.044998 0.000000 0.000000
v 35.044998 0.000001 11.000000
v 25.413000 26.445000 10.999998
v 35.044998 0.000000 0.000000
v 38.098000 0.000000 0.000000
v 35.044998 0.000001 11.000000
v 38.098000 0.000000 0.000000
v 38.098000 0.000001 11.000000
v 35.044998 0.000001 11.000000
v 38.098000 0.000000 0.000000
v 49.363998 30.959999 -0.000002
v 38.098000 0.000001 11.000000
v 49.363998 30.959999 -0.000002
v 49.363998 30.959999 10.999998
v 38.098000 0.000001 11.000000
v 49.363998 30.959999 -0.000002
v 45.580002 30.959999 -0.000002
v 49.363998 30.959999 10.999998
v 45.580002 30.959999 -0.000002
v 45.580002 30.959999 10.999998
v 49.363998 30.959999 10.999998
v 45.580002 30.959999 -0.000002
v 36.592999 6.106000 -0.000000
v 45.580002 30.959999 10.999998
v 36.592999 6.106000 -0.000000
v 36.592999 6.106001 11.000000
v 45.580002 30.959999 10.999998
v 36.592999 6.106000 -0.000000
v 27.520000 30.959999 -0.000002
v 36.592999 6.106001 11.000000
v 27.520000 30.959999 -0.000002
v 27.520000 30.959999 10.999998
v 36.592999 6.106001 11.000000
v 27.520000 30.959999 -0.000002
v 23.306000 30.959999 -0.000002
v 27.520000 30.959999 10.999998
v 23.306000 30.959999 -0.000002
v 23.306000 30.959999 10.999998
v 27.520000 30.959999 10.999998
v 23.306000 30.959999 -0.000002
v 14.276000 6.106000 -0.000000
v 23.306000 30.959999 10.999998
v 14.276000 6.106000 -0.000000
v 14.276000 6.106001 11.000000
v 23.306000 30.959999 10.999998
v 14.276000 6.106000 -0.000000
v 5.203000 30.959999 -0.000002
v 14.276000 6.106001 11.000000
v 5.203000 30.959999 -0.000002
v 5.203000 30.959999 10.999998
v 14.276000 6.106001 11.000000
v 5.203000 30.959999 -0.000002
v 1.505000 30.959999 -0.000002
v 5.203000 30.959999 10.999998
v 1.505000 30.959999 -0.000002
v 1.505000 30.959999 10.999998
v 5.203000 30.959999 10.999998
v 1.505000 30.959999 -0.000002
v 12.771000 0.000000 0.000000
v 1.505000 30.959999 10.999998
v 12.771000 0.000000 0.000000
v 12.771000 0.000001 11.000000
v 1.505000 30.959999 10.999998
v 12.771000 0.000000 0.000000
v 15.781000 0.000000 0.000000
v 12.771000 0.000001 11.000000
v 15.781000 0.000000 0.000000
v 15.781000 0.000001 11.000000
v 12.771000 0.000001 11.000000
v 70.306999 10.965000 -0.000001
v 53.536999 10.965000 -0.000001
v 53.536999 14.491000 -0.000001
v 53.536999 14.491000 -0.000001
v 70.306999 14.491000 -0.000001
v 70.306999 10.965000 -0.000001
v 53.536999 14.491001 10.999999
v 53.536999 10.965001 10.999999
v 70.306999 10.965001 10.999999
v 70.306999 10.965001 10.999999
v 70.306999 14.491001 10.999999
v 53.536999 14.491001 10.999999
v 70.306999 10.965000 -0.000001
v 70.306999 14.491000 -0.000001
v 70.306999 10.965001 10.999999
v 70.306999 14.491000 -0.000001
v 70.306999 14.491001 10.999999
v 70.306999 10.965001 10.999999
v 70.306999 14.491000 -0.000001
v 53.536999 14.491000 -0.000001
v 70.306999 14.491001 10.999999
v 53.536999 14.491000 -0.000001
v 53.536999 14.491001 10.999999
v 70.306999 14.491001 10.999999
v 53.536999 14.491000 -0.000001
v 53.536999 10.965000 -0.000001
v 53.536999 14.491001 10.999999
v 53.536999 10.965000 -0.000001
v 53.536999 10.965001 10.999999
v 53.536999 14.491001 10.999999
v 53.536999 10.965000 -0.000001
v 70.306999 10.965000 -0.000001
v 53.536999 10.965001 10.999999
v 70.306999 10.965000 -0.000001
v 70.306999 10.965001 10.999999
v 53.536999 10.965001 10.999999
v 103.745003 3.483000 -0.000000
v 103.745003 0.000000 0.000000
v 75.494003 0.000000 0.000000
v 98.886002 17.243000 -0.000001
v 98.886002 13.717000 -0.000001
v 78.976997 13.717000 -0.000001
v 103.745003 30.959999 -0.000002
v 103.745003 27.476999 -0.000002
v 78.976997 27.476999 -0.000002
v 78.976997 3.483000 -0.000000
v 103.745003 3.483000 -0.000000
v 75.494003 0.000000 0.000000
v 78.976997 17.243000 -0.000001
v 98.886002 17.243000 -0.000001
v 78.976997 13.717000 -0.000001
v 75.494003 30.959999 -0.000002
v 103.745003 30.959999 -0.000002
v 78.976997 27.476999 -0.000002
v 78.976997 3.483000 -0.000000
v 75.494003 0.000000 0.000000
v 75.494003 30.959999 -0.000002
v 75.494003 30.959999 -0.000002
v 78.976997 27.476999 -0.000002
v 78.976997 17.243000 -0.000001
v 78.976997 13.717000 -0.000001
v 78.976997 3.483000 -0.000000
v 75.494003 30.959999 -0.000002
v 75.494003 30.959999 -0.000002
v 78.976997 17.243000 -0.000001
v 78.976997 13.717000 -0.000001
v 75.494003 0.000001 11.000000
v 103.745003 0.000001 11.000000
v 103.745003 3.483001 11.000000
v 78.976997 13.717001 10.999999
v 98.886002 13.717001 10.999999
v 98.886002 17.243000 10.999999
v 78.976997 27.476999 10.999998
v 103.745003 27.476999 10.999998
v 103.745003 30.959999 10.999998
v 75.494003 0.000001 11.000000
v 103.745003 3.483001 11.000000
v 78.976997 3.483001 11.000000
v 78.976997 13.717001 10.999999
v 98.886002 17.243000 10.999999
v 78.976997 17.243000 10.999999
v 78.976997 27.476999 10.999998
v 103.745003 30.959999 10.999998
v 75.494003 30.959999 10.999998
v 75.494003 30.959999 10.999998
v 75.494003 0.000001 11.000000
v 78.976997 3.483001 11.000000
v 78.976997 17.243000 10.999999
v 78.976997 27.476999 10.999998
v 75.494003 30.959999 10.999998
v 75.494003 30.959999 10.999998
v 78.976997 3.483001 11.000000
v 78.976997 13.717001 10.999999
v 78.976997 13.717001 10.999999
v 78.976997 17.243000 10.999999
v 75.494003 30.959999 10.999998
v 103.745003 0.000000 0.000000
v 103.745003 3.483000 -0.000000
v 103.745003 0.000001 11.000000
v 103.745003 3.483000 -0.000000
v 103.745003 3.483001 11.000000
v 103.745003 0.000001 11.000000
v 103.745003 3.483000 -0.000000
v 78.976997 3.483000 -0.000000
v 103.745003 3.483001 11.000000
v 78.976997 3.483000 -0.000000
v 78.976997 3.483001 11.000000
v 103.745003 3.483001 11.000000
v 78.976997 3.483000 -0.000000
v 78.976997 13.717000 -0.000001
v 78.976997 3.483001 11.000000
v 78.976997 13.717000 -0.000001
v 78.976997 13.717001 10.999999
v 78.976997 3.483001 11.000000
v 78.976997 13.717000 -0.000001
v 98.886002 13.717000 -0.000001
v 78.976997 13.717001 10.999999
v 98.886002 13.717000 -0.000001
v 98.886002 13.717001 10.999999
v 78.976997 13.717001 10.999999
v 98.886002 13.717000 -0.000001
v 98.886002 17.243000 -0.000001
v 98.886002 13.717001 10.999999
v 98.886002 17.243000 -0.000001
v 98.886002 17.243000 10.999999
v 98.886002 13.717001 10.999999
v 98.886002 17.243000 -0.000001
v 78.976997 17.243000 -0.000001
v 98.886002 17.243000 10.999999
v 78.976997 17.243000 -0.000001
v 78.976997 17.243000 10.999999
v 98.886002 17.243000 10.999999
v 78.976997 17.243000 -0.000001
v 78.976997 27.476999 -0.000002
v 78.976997 17.243000 10.999999
v 78.976997 27.476999 -0.000002
v 78.976997 27.476999 10.999998
v 78.976997 17.243000 10.999999
v 78.976997 27.476999 -0.000002
v 103.745003 27.476999 -0.000002
v 78.976997 27.476999 10.999998
v 103.745003 27.476999 -0.000002
v 103.745003 27.476999 10.999998
v 78.976997 27.476999 10.999998
v 103.745003 27.476999 -0.000002
v 103.745003 30.959999 -0.000002
v 103.745003 27.476999 10.999998
v 103.745003 30.959999 -0.000002
v 103.745003 30.959999 10.999998
v 103.745003 27.476999 10.999998
v 103.745003 30.959999 -0.000002
v 75.494003 30.959999 -0.000002
v 103.745003 30.959999 10.999998
v 75.494003 30.959999 -0.000002
v 75.494003 30.959999 10.999998
v 103.745003 30.959999 10.999998
v 75.494003 30.959999 -0.000002
v 75.494003 0.000000 0.000000
v 75.494003 30.959999 10.999998
v 75.494003 0.000000 0.000000
v 75.494003 0.000001 11.000000
v 75.494003 30.959999 10.999998
v 75.494003 0.000000 0.000000
v 103.745003 0.000000 0.000000
v 75.494003 0.000001 11.000000
v 103.745003 0.000000 0.000000
v 103.745003 0.000001 11.000000
v 75.494003 0.000001 11.000000
v 111.848000 0.000000 0.000000
v 108.321999 0.000000 0.000000
v 108.321999 24.940001 -0.000002
v 133.735001 0.000000 0.000000
v 130.209000 0.000000 0.000000
v 130.209000 19.737000 -0.000001
v 133.730072 19.971857 -0.000002
v 133.735001 19.737000 -0.000001
v 133.735001 0.000000 0.000000
v 133.690659 20.431719 -0.000002
v 133.715286 20.203430 -0.000002
v 133.730072 19.971857 -0.000002
v 133.611816 20.878441 -0.000002
v 133.656174 20.656723 -0.000002
v 133.690659 20.431719 -0.000002
v 133.493576 21.312025 -0.000002
v 133.557632 21.096874 -0.000002
v 133.611816 20.878441 -0.000002
v 133.335907 21.732470 -0.000002
v 133.419662 21.523890 -0.000002
v 133.493576 21.312025 -0.000002
v 133.138824 22.139774 -0.000002
v 133.242294 21.937763 -0.000002
v 133.335907 21.732470 -0.000002
v 132.903961 22.532299 -0.000002
v 133.025497 22.338499 -0.000002
v 133.138824 22.139774 -0.000002
v 132.641190 22.900188 -0.000002
v 132.775864 22.719528 -0.000002
v 132.903961 22.532299 -0.000002
v 132.352127 23.241798 -0.000002
v 132.499939 23.074278 -0.000002
v 132.641190 22.900188 -0.000002
v 132.036804 23.557133 -0.000002
v 132.197754 23.402750 -0.000002
v 132.352127 23.241798 -0.000002
v 131.695190 23.846188 -0.000002
v 131.869278 23.704945 -0.000002
v 132.036804 23.557133 -0.000002
v 131.327301 24.108965 -0.000002
v 131.514526 23.980862 -0.000002
v 131.695190 23.846188 -0.000002
v 130.934769 24.343822 -0.000002
v 131.133499 24.230499 -0.000002
v 131.327301 24.108965 -0.000002
v 130.527466 24.540907 -0.000002
v 130.732758 24.447292 -0.000002
v 130.934769 24.343822 -0.000002
v 130.107025 24.698572 -0.000002
v 130.318893 24.624666 -0.000002
v 130.527466 24.540907 -0.000002
v 129.673447 24.816822 -0.000002
v 129.891876 24.762625 -0.000002
v 130.107025 24.698572 -0.000002
v 129.226715 24.895657 -0.000002
v 129.451721 24.861166 -0.000002
v 129.673447 24.816822 -0.000002
v 128.766861 24.935074 -0.000002
v 128.998428 24.920292 -0.000002
v 129.226715 24.895657 -0.000002
v 108.321999 24.940001 -0.000002
v 128.531998 24.940001 -0.000002
v 128.766861 24.935074 -0.000002
v 111.848000 19.737000 -0.000001
v 111.848000 0.000000 0.000000
v 108.321999 24.940001 -0.000002
v 133.735001 0.000000 0.000000
v 130.209000 19.737000 -0.000001
v 130.205566 19.850323 -0.000001
v 133.690659 20.431719 -0.000002
v 133.730072 19.971857 -0.000002
v 133.735001 0.000000 0.000000
v 133.493576 21.312025 -0.000002
v 133.611816 20.878441 -0.000002
v 133.690659 20.431719 -0.000002
v 133.138824 22.139774 -0.000002
v 133.335907 21.732470 -0.000002
v 133.493576 21.312025 -0.000002
v 132.641190 22.900188 -0.000002
v 132.903961 22.532299 -0.000002
v 133.138824 22.139774 -0.000002
v 132.036804 23.557133 -0.000002
v 132.352127 23.241798 -0.000002
v 132.641190 22.900188 -0.000002
v 131.327301 24.108965 -0.000002
v 131.695190 23.846188 -0.000002
v 132.036804 23.557133 -0.000002
v 130.527466 24.540907 -0.000002
v 130.934769 24.343822 -0.000002
v 131.327301 24.108965 -0.000002
v 129.673447 24.816822 -0.000002
v 130.107025 24.698572 -0.000002
v 130.527466 24.540907 -0.000002
v 128.766861 24.935074 -0.000002
v 129.226715 24.895657 -0.000002
v 129.673447 24.816822 -0.000002
v 111.851585 19.850323 -0.000001
v 111.848000 19.737000 -0.000001
v 108.321999 24.940001 -0.000002
v 133.735001 0.000000 0.000000
v 130.205566 19.850323 -0.000001
v 130.195267 19.960958 -0.000002
v 133.493576 21.312025 -0.000002
v 133.690659 20.431719 -0.000002
v 133.735001 0.000000 0.000000
v 132.641190 22.900188 -0.000002
v 133.138824 22.139774 -0.000002
v 133.493576 21.312025 -0.000002
v 131.327301 24.108965 -0.000002
v 132.036804 23.557133 -0.000002
v 132.641190 22.900188 -0.000002
v 129.673447 24.816822 -0.000002
v 130.527466 24.540907 -0.000002
v 131.327301 24.108965 -0.000002
v 108.321999 24.940001 -0.000002
v 128.766861 24.935074 -0.000002
v 129.673447 24.816822 -0.000002
v 111.862335 19.960958 -0.000002
v 111.851585 19.850323 -0.000001
v 108.321999 24.940001 -0.000002
v 133.735001 0.000000 0.000000
v 130.195267 19.960958 -0.000002
v 130.178101 20.068907 -0.000002
v 132.641190 22.900188 -0.000002
v 133.493576 21.312025 -0.000002
v 133.735001 0.000000 0.000000
v 129.673447 24.816822 -0.000002
v 131.327301 24.108965 -0.000002
v 132.641190 22.900188 -0.000002
v 111.880249 20.068907 -0.000002
v 111.862335 19.960958 -0.000002
v 108.321999 24.940001 -0.000002
v 132.641190 22.900188 -0.000002
v 133.735001 0.000000 0.000000
v 130.178101 20.068907 -0.000002
v 108.321999 24.940001 -0.000002
v 129.673447 24.816822 -0.000002
v 132.641190 22.900188 -0.000002
v 111.905334 20.174166 -0.000002
v 111.880249 20.068907 -0.000002
v 108.321999 24.940001 -0.000002
v 132.641190 22.900188 -0.000002
v 130.178101 20.068907 -0.000002
v 130.154053 20.174166 -0.000002
v 111.937584 20.276739 -0.000002
v 111.905334 20.174166 -0.000002
v 108.321999 24.940001 -0.000002
v 132.641190 22.900188 -0.000002
v 130.154053 20.174166 -0.000002
v 130.123154 20.276739 -0.000002
v 111.976997 20.376625 -0.000002
v 111.937584 20.276739 -0.000002
v 108.321999 24.940001 -0.000002
v 132.641190 22.900188 -0.000002
v 130.123154 20.276739 -0.000002
v 130.085373 20.376625 -0.000002
v 112.023582 20.473824 -0.000002
v 111.976997 20.376625 -0.000002
v 108.321999 24.940001 -0.000002
v 132.641190 22.900188 -0.000002
v 130.085373 20.376625 -0.000002
v 130.040726 20.473824 -0.000002
v 112.077332 20.568333 -0.000002
v 112.023582 20.473824 -0.000002
v 108.321999 24.940001 -0.000002
v 132.641190 22.900188 -0.000002
v 130.040726 20.473824 -0.000002
v 129.989227 20.568333 -0.000002
v 112.138252 20.660156 -0.000002
v 112.077332 20.568333 -0.000002
v 108.321999 24.940001 -0.000002
v 132.641190 22.900188 -0.000002
v 129.989227 20.568333 -0.000002
v 129.930847 20.660156 -0.000002
v 112.206337 20.749292 -0.000002
v 112.138252 20.660156 -0.000002
v 108.321999 24.940001 -0.000002
v 132.641190 22.900188 -0.000002
v 129.930847 20.660156 -0.000002
v 129.865601 20.749292 -0.000002
v 112.281586 20.835739 -0.000002
v 112.206337 20.749292 -0.000002
v 108.321999 24.940001 -0.000002
v 132.641190 22.900188 -0.000002
v 129.865601 20.749292 -0.000002
v 129.793488 20.835739 -0.000002
v 112.363998 20.919500 -0.000002
v 112.281586 20.835739 -0.000002
v 108.321999 24.940001 -0.000002
v 132.641190 22.900188 -0.000002
v 129.793488 20.835739 -0.000002
v 129.714493 20.919500 -0.000002
v 112.451195 20.998482 -0.000002
v 112.363998 20.919500 -0.000002
v 108.321999 24.940001 -0.000002
v 132.641190 22.900188 -0.000002
v 129.714493 20.919500 -0.000002
v 129.630737 20.998482 -0.000002
v 112.540779 21.070597 -0.000002
v 112.451195 20.998482 -0.000002
v 108.321999 24.940001 -0.000002
v 132.641190 22.900188 -0.000002
v 129.630737 20.998482 -0.000002
v 129.544296 21.070597 -0.000002
v 112.632751 21.135843 -0.000002
v 112.540779 21.070597 -0.000002
v 108.321999 24.940001 -0.000002
v 132.641190 22.900188 -0.000002
v 129.544296 21.070597 -0.000002
v 129.455154 21.135843 -0.000002
v 112.727112 21.194221 -0.000002
v 112.632751 21.135843 -0.000002
v 108.321999 24.940001 -0.000002
v 132.641190 22.900188 -0.000002
v 129.455154 21.135843 -0.000002
v 129.363327 21.194221 -0.000002
v 112.823860 21.245733 -0.000002
v 112.727112 21.194221 -0.000002
v 108.321999 24.940001 -0.000002
v 132.641190 22.900188 -0.000002
v 129.363327 21.194221 -0.000002
v 129.268829 21.245733 -0.000002
v 112.922997 21.290375 -0.000002
v 112.823860 21.245733 -0.000002
v 108.321999 24.940001 -0.000002
v 132.641190 22.900188 -0.000002
v 129.268829 21.245733 -0.000002
v 129.171631 21.290375 -0.000002
v 113.024529 21.328150 -0.000002
v 112.922997 21.290375 -0.000002
v 108.321999 24.940001 -0.000002
v 132.641190 22.900188 -0.000002
v 129.171631 21.290375 -0.000002
v 129.071747 21.328150 -0.000002
v 113.128441 21.359056 -0.000002
v 113.024529 21.328150 -0.000002
v 108.321999 24.940001 -0.000002
v 132.641190 22.900188 -0.000002
v 129.071747 21.328150 -0.000002
v 128.969162 21.359056 -0.000002
v 113.234749 21.383093 -0.000002
v 113.128441 21.359056 -0.000002
v 108.321999 24.940001 -0.000002
v 132.641190 22.900188 -0.000002
v 128.969162 21.359056 -0.000002
v 128.863907 21.383093 -0.000002
v 113.343445 21.400265 -0.000002
v 113.234749 21.383093 -0.000002
v 108.321999 24.940001 -0.000002
v 132.641190 22.900188 -0.000002
v 128.863907 21.383093 -0.000002
v 128.755951 21.400265 -0.000002
v 113.454529 21.410566 -0.000002
v 113.343445 21.400265 -0.000002
v 108.321999 24.940001 -0.000002
v 132.641190 22.900188 -0.000002
v 128.755951 21.400265 -0.000002
v 128.645325 21.410566 -0.000002
v 113.454529 21.410566 -0.000002
v 108.321999 24.940001 -0.000002
v 132.641190 22.900188 -0.000002
v 132.641190 22.900188 -0.000002
v 128.645325 21.410566 -0.000002
v 128.531998 21.414000 -0.000002
v 113.568001 21.414000 -0.000002
v 113.454529 21.410566 -0.000002
v 132.641190 22.900188 -0.000002
v 132.641190 22.900188 -0.000002
v 128.531998 21.414000 -0.000002
v 113.568001 21.414000 -0.000002
v 108.321999 24.940001 10.999998
v 108.321999 0.000001 11.000000
v 111.848000 0.000001 11.000000
v 130.209000 19.737000 10.999998
v 130.209000 0.000001 11.000000
v 133.735001 0.000001 11.000000
v 133.735001 0.000001 11.000000
v 133.735001 19.737000 10.999998
v 133.730072 19.971857 10.999998
v 133.730072 19.971857 10.999998
v 133.715286 20.203430 10.999998
v 133.690659 20.431719 10.999998
v 133.690659 20.431719 10.999998
v 133.656174 20.656723 10.999998
v 133.611816 20.878441 10.999998
v 133.611816 20.878441 10.999998
v 133.557632 21.096874 10.999998
v 133.493576 21.312025 10.999998
v 133.493576 21.312025 10.999998
v 133.419662 21.523890 10.999998
v 133.335907 21.732470 10.999998
v 133.335907 21.732470 10.999998
v 133.242294 21.937763 10.999998
v 133.138824 22.139774 10.999998
v 133.138824 22.139774 10.999998
v 133.025497 22.338499 10.999998
v 132.903961 22.532299 10.999998
v 132.903961 22.532299 10.999998
v 132.775864 22.719528 10.999998
v 132.641190 22.900188 10.999998
v 132.641190 22.900188 10.999998
v 132.499939 23.074278 10.999998
v 132.352127 23.241798 10.999998
v 132.352127 23.241798 10.999998
v 132.197754 23.402750 10.999998
v 132.036804 23.557133 10.999998
v 132.036804 23.557133 10.999998
v 131.869278 23.704945 10.999998
v 131.695190 23.846188 10.999998
v 131.695190 23.846188 10.999998
v 131.514526 23.980862 10.999998
v 131.327301 24.108965 10.999998
v 131.327301 24.108965 10.999998
v 131.133499 24.230499 10.999998
v 130.934769 24.343822 10.999998
v 130.934769 24.343822 10.999998
v 130.732758 24.447292 10.999998
v 130.527466 24.540907 10.999998
v 130.527466 24.540907 10.999998
v 130.318893 24.624666 10.999998
v 130.107025 24.698572 10.999998
v 130.107025 24.698572 10.999998
v 129.891876 24.762625 10.999998
v 129.673447 24.816822 10.999998
v 129.673447 24.816822 10.999998
v 129.451721 24.861166 10.999998
v 129.226715 24.895657 10.999998
v 129.226715 24.895657 10.999998
v 128.998428 24.920292 10.999998
v 128.766861 24.935074 10.999998
v 128.766861 24.935074 10.999998
v 128.531998 24.940001 10.999998
v 108.321999 24.940001 10.999998
v 108.321999 24.940001 10.999998
v 111.848000 0.000001 11.000000
v 111.848000 19.737000 10.999998
v 130.205566 19.850323 10.999998
v 130.209000 19.737000 10.999998
v 133.735001 0.000001 11.000000
v 133.735001 0.000001 11.000000
v 133.730072 19.971857 10.999998
v 133.690659 20.431719 10.999998
v 133.690659 20.431719 10.999998
v 133.611816 20.878441 10.999998
v 133.493576 21.312025 10.999998
v 133.493576 21.312025 10.999998
v 133.335907 21.732470 10.999998
v 133.138824 22.139774 10.999998
v 133.138824 22.139774 10.999998
v 132.903961 22.532299 10.999998
v 132.641190 22.900188 10.999998
v 132.641190 22.900188 10.999998
v 132.352127 23.241798 10.999998
v 132.036804 23.557133 10.999998
v 132.036804 23.557133 10.999998
v 131.695190 23.846188 10.999998
v 131.327301 24.108965 10.999998
v 131.327301 24.108965 10.999998
v 130.934769 24.343822 10.999998
v 130.527466 24.540907 10.999998
v 130.527466 24.540907 10.999998
v 130.107025 24.698572 10.999998
v 129.673447 24.816822 10.999998
v 129.673447 24.816822 10.999998
v 129.226715 24.895657 10.999998
v 128.766861 24.935074 10.999998
v 108.321999 24.940001 10.999998
v 111.848000 19.737000 10.999998
v 111.851585 19.850323 10.999998
v 130.195267 19.960958 10.999998
v 130.205566 19.850323 10.999998
v 133.735001 0.000001 11.000000
v 133.735001 0.000001 11.000000
v 133.690659 20.431719 10.999998
v 133.493576 21.312025 10.999998
v 133.493576 21.312025 10.999998
v 133.138824 22.139774 10.999998
v 132.641190 22.900188 10.999998
v 132.641190 22.900188 10.999998
v 132.036804 23.557133 10.999998
v 131.327301 24.108965 10.999998
v 131.327301 24.108965 10.999998
v 130.527466 24.540907 10.999998
v 129.673447 24.816822 10.999998
v 129.673447 24.816822 10.999998
v 128.766861 24.935074 10.999998
v 108.321999 24.940001 10.999998
v 108.321999 24.940001 10.999998
v 111.851585 19.850323 10.999998
v 111.862335 19.960958 10.999998
v 130.178101 20.068907 10.999998
v 130.195267 19.960958 10.999998
v 133.735001 0.000001 11.000000
v 133.735001 0.000001 11.000000
v 133.493576 21.312025 10.999998
v 132.641190 22.900188 10.999998
v 132.641190 22.900188 10.999998
v 131.327301 24.108965 10.999998
v 129.673447 24.816822 10.999998
v 108.321999 24.940001 10.999998
v 111.862335 19.960958 10.999998
v 111.880249 20.068907 10.999998
v 130.178101 20.068907 10.999998
v 133.735001 0.000001 11.000000
v 132.641190 22.900188 10.999998
v 132.641190 22.900188 10.999998
v 129.673447 24.816822 10.999998
v 108.321999 24.940001 10.999998
v 108.321999 24.940001 10.999998
v 111.880249 20.068907 10.999998
v 111.905334 20.174166 10.999998
v 130.154053 20.174166 10.999998
v 130.178101 20.068907 10.999998
v 132.641190 22.900188 10.999998
v 108.321999 24.940001 10.999998
v 111.905334 20.174166 10.999998
v 111.937584 20.276739 10.999998
v 130.123154 20.276739 10.999998
v 130.154053 20.174166 10.999998
v 132.641190 22.900188 10.999998
v 108.321999 24.940001 10.999998
v 111.937584 20.276739 10.999998
v 111.976997 20.376625 10.999998
v 130.085373 20.376625 10.999998
v 130.123154 20.276739 10.999998
v 132.641190 22.900188 10.999998
v 108.321999 24.940001 10.999998
v 111.976997 20.376625 10.999998
v 112.023582 20.473824 10.999998
v 130.040726 20.473824 10.999998
v 130.085373 20.376625 10.999998
v 132.641190 22.900188 10.999998
v 108.321999 24.940001 10.999998
v 112.023582 20.473824 10.999998
v 112.077332 20.568333 10.999998
v 129.989227 20.568333 10.999998
v 130.040726 20.473824 10.999998
v 132.641190 22.900188 10.999998
v 108.321999 24.940001 10.999998
v 112.077332 20.568333 10.999998
v 112.138252 20.660156 10.999998
v 129.930847 20.660156 10.999998
v 129.989227 20.568333 10.999998
v 132.641190 22.900188 10.999998
v 108.321999 24.940001 10.999998
v 112.138252 20.660156 10.999998
v 112.206337 20.749292 10.999998
v 129.865601 20.749292 10.999998
v 129.930847 20.660156 10.999998
v 132.641190 22.900188 10.999998
v 108.321999 24.940001 10.999998
v 112.206337 20.749292 10.999998
v 112.281586 20.835739 10.999998
v 129.793488 20.835739 10.999998
v 129.865601 20.749292 10.999998
v 132.641190 22.900188 10.999998
v 108.321999 24.940001 10.999998
v 112.281586 20.835739 10.999998
v 112.363998 20.919500 10.999998
v 129.714493 20.919500 10.999998
v 129.793488 20.835739 10.999998
v 132.641190 22.900188 10.999998
v 108.321999 24.940001 10.999998
v 112.363998 20.919500 10.999998
v 112.451195 20.998482 10.999998
v 129.630737 20.998482 10.999998
v 129.714493 20.919500 10.999998
v 132.641190 22.900188 10.999998
v 108.321999 24.940001 10.999998
v 112.451195 20.998482 10.999998
v 112.540779 21.070597 10.999998
v 129.544296 21.070597 10.999998
v 129.630737 20.998482 10.999998
v 132.641190 22.900188 10.999998
v 108.321999 24.940001 10.999998
v 112.540779 21.070597 10.999998
v 112.632751 21.135843 10.999998
v 129.455154 21.135843 10.999998
v 129.544296 21.070597 10.999998
v 132.641190 22.900188 10.999998
v 108.321999 24.940001 10.999998
v 112.632751 21.135843 10.999998
v 112.727112 21.194221 10.999998
v 129.363327 21.194221 10.999998
v 129.455154 21.135843 10.999998
v 132.641190 22.900188 10.999998
v 108.321999 24.940001 10.999998
v 112.727112 21.194221 10.999998
v 112.823860 21.245733 10.999998
v 129.268829 21.245733 10.999998
v 129.363327 21.194221 10.999998
v 132.641190 22.900188 10.999998
v 108.321999 24.940001 10.999998
v 112.823860 21.245733 10.999998
v 112.922997 21.290375 10.999998
v 129.171631 21.290375 10.999998
v 129.268829 21.245733 10.999998
v 132.641190 22.900188 10.999998
v 108.321999 24.940001 10.999998
v 112.922997 21.290375 10.999998
v 113.024529 21.328150 10.999998
v 129.071747 21.328150 10.999998
v 129.171631 21.290375 10.999998
v 132.641190 22.900188 10.999998
v 108.321999 24.940001 10.999998
v 113.024529 21.328150 10.999998
v 113.128441 21.359056 10.999998
v 128.969162 21.359056 10.999998
v 129.071747 21.328150 10.999998
v 132.641190 22.900188 10.999998
v 108.321999 24.940001 10.999998
v 113.128441 21.359056 10.999998
v 113.234749 21.383093 10.999998
v 128.863907 21.383093 10.999998
v 128.969162 21.359056 10.999998
v 132.641190 22.900188 10.999998
v 108.321999 24.940001 10.999998
v 113.234749 21.383093 10.999998
v 113.343445 21.400265 10.999998
v 128.755951 21.400265 10.999998
v 128.863907 21.383093 10.999998
v 132.641190 22.900188 10.999998
v 108.321999 24.940001 10.999998
v 113.343445 21.400265 10.999998
v 113.454529 21.410566 10.999998
v 128.645325 21.410566 10.999998
v 128.755951 21.400265 10.999998
v 132.641190 22.900188 10.999998
v 132.641190 22.900188 10.999998
v 108.321999 24.940001 10.999998
v 113.454529 21.410566 10.999998
v 128.531998 21.414000 10.999998
v 128.645325 21.410566 10.999998
v 132.641190 22.900188 10.999998
v 132.641190 22.900188 10.999998
v 113.454529 21.410566 10.999998
v 113.568001 21.414000 10.999998
v 113.568001 21.414000 10.999998
v 128.531998 21.414000 10.999998
v 132.641190 22.900188 10.999998
v 111.848000 0.000000 0.000000
v 111.848000 19.737000 -0.000001
v 111.848000 0.000001 11.000000
v 111.848000 19.737000 -0.000001
v 111.848000 19.737000 10.999998
v 111.848000 0.000001 11.000000
v 111.848000 19.737000 -0.000001
v 111.851585 19.850323 -0.000001
v 111.848000 19.737000 10.999998
v 111.851585 19.850323 -0.000001
v 111.851585 19.850323 10.999998
v 111.848000 19.737000 10.999998
v 111.851585 19.850323 -0.000001
v 111.862335 19.960958 -0.000002
v 111.851585 19.850323 10.999998
v 111.862335 19.960958 -0.000002
v 111.862335 19.960958 10.999998
v 111.851585 19.850323 10.999998
v 111.862335 19.960958 -0.000002
v 111.880249 20.068907 -0.000002
v 111.862335 19.960958 10.999998
v 111.880249 20.068907 -0.000002
v 111.880249 20.068907 10.999998
v 111.862335 19.960958 10.999998
v 111.880249 20.068907 -0.000002
v 111.905334 20.174166 -0.000002
v 111.880249 20.068907 10.999998
v 111.905334 20.174166 -0.000002
v 111.905334 20.174166 10.999998
v 111.880249 20.068907 10.999998
v 111.905334 20.174166 -0.000002
v 111.937584 20.276739 -0.000002
v 111.905334 20.174166 10.999998
v 111.937584 20.276739 -0.000002
v 111.937584 20.276739 10.999998
v 111.905334 20.174166 10.999998
v 111.937584 20.276739 -0.000002
v 111.976997 20.376625 -0.000002
v 111.937584 20.276739 10.999998
v 111.976997 20.376625 -0.000002
v 111.976997 20.376625 10.999998
v 111.937584 20.276739 10.999998
v 111.976997 20.376625 -0.000002
v 112.023582 20.473824 -0.000002
v 111.976997 20.376625 10.999998
v 112.023582 20.473824 -0.000002
v 112.023582 20.473824 10.999998
v 111.976997 20.376625 10.999998
v 112.023582 20.473824 -0.000002
v 112.077332 20.568333 -0.000002
v 112.023582 20.473824 10.999998
v 112.077332 20.568333 -0.000002
v 112.077332 20.568333 10.999998
v 112.023582 20.473824 10.999998
v 112.077332 20.568333 -0.000002
v 112.138252 20.660156 -0.000002
v 112.077332 20.568333 10.999998
v 112.138252 20.660156 -0.000002
v 112.138252 20.660156 10.999998
v 112.077332 20.568333 10.999998
v 112.138252 20.660156 -0.000002
v 112.206337 20.749292 -0.000002
v 112.138252 20.660156 10.999998
v 112.206337 20.749292 -0.000002
v 112.206337 20.749292 10.999998
v 112.138252 20.660156 10.999998
v 112.206337 20.749292 -0.000002
v 112.281586 20.835739 -0.000002
v 112.206337 20.749292 10.999998
v 112.281586 20.835739 -0.000002
v 112.281586 20.835739 10.999998
v 112.206337 20.749292 10.999998
v 112.281586 20.835739 -0.000002
v 112.363998 20.919500 -0.000002
v 112.281586 20.835739 10.999998
v 112.363998 20.919500 -0.000002
v 112.363998 20.919500 10.999998
v 112.281586 20.835739 10.999998
v 112.363998 20.919500 -0.000002
v 112.451195 20.998482 -0.000002
v 112.363998 20.919500 10.999998
v 112.451195 20.998482 -0.000002
v 112.451195 20.998482 10.999998
v 112.363998 20.919500 10.999998
v 112.451195 20.998482 -0.000002
v 112.540779 21.070597 -0.000002
v 112.451195 20.998482 10.999998
v 112.540779 21.070597 -0.000002
v 112.540779 21.070597 10.999998
v 112.451195 20.998482 10.999998
v 112.540779 21.070597 -0.000002
v 112.632751 21.135843 -0.000002
v 112.540779 21.070597 10.999998
v 112.632751 21.135843 -0.000002
v 112.632751 21.135843 10.999998
v 112.540779 21.070597 10.999998
v 112.632751 21.135843 -0.000002
v 112.727112 21.194221 -0.000002
v 112.632751 21.135843 10.999998
v 112.727112 21.194221 -0.000002
v 112.727112 21.194221 10.999998
v 112.632751 21.135843 10.999998
v 112.727112 21.194221 -0.000002
v 112.823860 21.245733 -0.000002
v 112.727112 21.194221 10.999998
v 112.823860 21.245733 -0.000002
v 112.823860 21.245733 10.999998
v 112.727112 21.194221 10.999998
v 112.823860 21.245733 -0.000002
v 112.922997 21.290375 -0.000002
v 112.823860 21.245733 10.999998
v 112.922997 21.290375 -0.000002
v 112.922997 21.290375 10.999998
v 112.823860 21.245733 10.999998
v 112.922997 21.290375 -0.000002
v 113.024529 21.328150 -0.000002
v 112.922997 21.290375 10.999998
v 113.024529 21.328150 -0.000002
v 113.024529 21.328150 10.999998
v 112.922997 21.290375 10.999998
v 113.024529 21.328150 -0.000002
v 113.128441 21.359056 -0.000002
v 113.024529 21.328150 10.999998
v 113.128441 21.359056 -0.000002
v 113.128441 21.359056 10.999998
v 113.024529 21.328150 10.999998
v 113.128441 21.359056 -0.000002
v 113.234749 21.383093 -0.000002
v 113.128441 21.359056 10.999998
v 113.234749 21.383093 -0.000002
v 113.234749 21.383093 10.999998
v 113.128441 21.359056 10.999998
v 113.234749 21.383093 -0.000002
v 113.343445 21.400265 -0.000002
v 113.234749 21.383093 10.999998
v 113.343445 21.400265 -0.000002
v 113.343445 21.400265 10.999998
v 113.234749 21.383093 10.999998
v 113.343445 21.400265 -0.000002
v 113.454529 21.410566 -0.000002
v 113.343445 21.400265 10.999998
v 113.454529 21.410566 -0.000002
v 113.454529 21.410566 10.999998
v 113.343445 21.400265 10.999998
v 113.454529 21.410566 -0.000002
v 113.568001 21.414000 -0.000002
v 113.454529 21.410566 10.999998
v 113.568001 21.414000 -0.000002
v 113.568001 21.414000 10.999998
v 113.454529 21.410566 10.999998
v 113.568001 21.414000 -0.000002
v 128.531998 21.414000 -0.000002
v 113.568001 21.414000 10.999998
v 128.531998 21.414000 -0.000002
v 128.531998 21.414000 10.999998
v 113.568001 21.414000 10.999998
v 128.531998 21.414000 -0.000002
v 128.645325 21.410566 -0.000002
v 128.531998 21.414000 10.999998
v 128.645325 21.410566 -0.000002
v 128.645325 21.410566 10.999998
v 128.531998 21.414000 10.999998
v 128.645325 21.410566 -0.000002
v 128.755951 21.400265 -0.000002
v 128.645325 21.410566 10.999998
v 128.755951 21.400265 -0.000002
v 128.755951 21.400265 10.999998
v 128.645325 21.410566 10.999998
v 128.755951 21.400265 -0.000002
v 128.863907 21.383093 -0.000002
v 128.755951 21.400265 10.999998
v 128.863907 21.383093 -0.000002
v 128.863907 21.383093 10.999998
v 128.755951 21.400265 10.999998
v 128.863907 21.383093 -0.000002
v 128.969162 21.359056 -0.000002
v 128.863907 21.383093 10.999998
v 128.969162 21.359056 -0.000002
v 128.969162 21.359056 10.999998
v 128.863907 21.383093 10.999998
v 128.969162 21.359056 -0.000002
v 129.071747 21.328150 -0.000002
v 128.969162 21.359056 10.999998
v 129.071747 21.328150 -0.000002
v 129.071747 21.328150 10.999998
v 128.969162 21.359056 10.999998
v 129.071747 21.328150 -0.000002
v 129.171631 21.290375 -0.000002
v 129.071747 21.328150 10.999998
v 129.171631 21.290375 -0.000002
v 129.171631 21.290375 10.999998
v 129.071747 21.328150 10.999998
v 129.171631 21.290375 -0.000002
v 129.268829 21.245733 -0.000002
v 129.171631 21.290375 10.999998
v 129.268829 21.245733 -0.000002
v 129.268829 21.245733 10.999998
v 129.171631 21.290375 10.999998
v 129.268829 21.245733 -0.000002
v 129.363327 21.194221 -0.000002
v 129.268829 21.245733 10.999998
v 129.363327 21.194221 -0.000002
v 129.363327 21.194221 10.999998
v 129.268829 21.245733 10.999998
v 129.363327 21.194221 -0.000002
v 129.455154 21.135843 -0.000002
v 129.363327 21.194221 10.999998
v 129.455154 21.135843 -0.000002
v 129.455154 21.135843 10.999998
v 129.363327 21.194221 10.999998
v 129.455154 21.135843 -0.000002
v 129.544296 21.070597 -0.000002
v 129.455154 21.135843 10.999998
v 129.544296 21.070597 -0.000002
v 129.544296 21.070597 10.999998
v 129.455154 21.135843 10.999998
v 129.544296 21.070597 -0.000002
v 129.630737 20.998482 -0.000002
v 129.544296 21.070597 10.999998
v 129.630737 20.998482 -0.000002
v 129.630737 20.998482 10.999998
v 129.544296 21.070597 10.999998
v 129.630737 20.998482 -0.000002
v 129.714493 20.919500 -0.000002
v 129.630737 20.998482 10.999998
v 129.714493 20.919500 -0.000002
v 129.714493 20.919500 10.999998
v 129.630737 20.998482 10.999998
v 129.714493 20.919500 -0.000002
v 129.793488 20.835739 -0.000002
v 129.714493 20.919500 10.999998
v 129.793488 20.835739 -0.000002
v 129.793488 20.835739 10.999998
v 129.714493 20.919500 10.999998
v 129.793488 20.835739 -0.000002
v 129.865601 20.749292 -0.000002
v 129.793488 20.835739 10.999998
v 129.865601 20.749292 -0.000002
v 129.865601 20.749292 10.999998
v 129.793488 20.835739 10.999998
v 129.865601 20.749292 -0.000002
v 129.930847 20.660156 -0.000002
v 129.865601 20.749292 10.999998
v 129.930847 20.660156 -0.000002
v 129.930847 20.660156 10.999998
v 129.865601 20.749292 10.999998
v 129.930847 20.660156 -0.000002
v 129.989227 20.568333 -0.000002
v 129.930847 20.660156 10.999998
v 129.989227 20.568333 -0.000002
v 129.989227 20.568333 10.999998
v 129.930847 20.660156 10.999998
v 129.989227 20.568333 -0.000002
v 130.040726 20.473824 -0.000002
v 129.989227 20.568333 10.999998
v 130.040726 20.473824 -0.000002
v 130.040726 20.473824 10.999998
v 129.989227 20.568333 10.999998
v 130.040726 20.473824 -0.000002
v 130.085373 20.376625 -0.000002
v 130.040726 20.473824 10.999998
v 130.085373 20.376625 -0.000002
v 130.085373 20.376625 10.999998
v 130.040726 20.473824 10.999998
v 130.085373 20.376625 -0.000002
v 130.123154 20.276739 -0.000002
v 130.085373 20.376625 10.999998
v 130.123154 20.276739 -0.000002
v 130.123154 20.276739 10.999998
v 130.085373 20.376625 10.999998
v 130.123154 20.276739 -0.000002
v 130.154053 20.174166 -0.000002
v 130.123154 20.276739 10.999998
v 130.154053 20.174166 -0.000002
v 130.154053 20.174166 10.999998
v 130.123154 20.276739 10.999998
v 130.154053 20.174166 -0.000002
v 130.178101 20.068907 -0.000002
v 130.154053 20.174166 10.999998
v 130.178101 20.068907 -0.000002
v 130.178101 20.068907 10.999998
v 130.154053 20.174166 10.999998
v 130.178101 20.068907 -0.000002
v 130.195267 19.960958 -0.000002
v 130.178101 20.068907 10.999998
v 130.195267 19.960958 -0.000002
v 130.195267 19.960958 10.999998
v 130.178101 20.068907 10.999998
v 130.195267 19.960958 -0.000002
v 130.205566 19.850323 -0.000001
v 130.195267 19.960958 10.999998
v 130.205566 19.850323 -0.000001
v 130.205566 19.850323 10.999998
v 130.195267 19.960958 10.999998
v 130.205566 19.850323 -0.000001
v 130.209000 19.737000 -0.000001
v 130.205566 19.850323 10.999998
v 130.209000 19.737000 -0.000001
v 130.209000 19.737000 10.999998
v 130.205566 19.850323 10.999998
v 130.209000 19.737000 -0.000001
v 130.209000 0.000000 0.000000
v 130.209000 19.737000 10.999998
v 130.209000 0.000000 0.000000
v 130.209000 0.000001 11.000000
v 130.209000 19.737000 10.999998
v 130.209000 0.000000 0.000000
v 133.735001 0.000000 0.000000
v 130.209000 0.000001 11.000000
v 133.735001 0.000000 0.000000
v 133.735001 0.000001 11.000000
v 130.209000 0.000001 11.000000
v 133.735001 0.000000 0.000000
v 133.735001 19.737000 -0.000001
v 133.735001 0.000001 11.000000
v 133.735001 19.737000 -0.000001
v 133.735001 19.737000 10.999998
v 133.735001 0.000001 11.000000
v 133.735001 19.737000 -0.000001
v 133.730072 19.971857 -0.000002
v 133.735001 19.737000 10.999998
v 133.730072 19.971857 -0.000002
v 133.730072 19.971857 10.999998
v 133.735001 19.737000 10.999998
v 133.730072 19.971857 -0.000002
v 133.715286 20.203430 -0.000002
v 133.730072 19.971857 10.999998
v 133.715286 20.203430 -0.000002
v 133.715286 20.203430 10.999998
v 133.730072 19.971857 10.999998
v 133.715286 20.203430 -0.000002
v 133.690659 20.431719 -0.000002
v 133.715286 20.203430 10.999998
v 133.690659 20.431719 -0.000002
v 133.690659 20.431719 10.999998
v 133.715286 20.203430 10.999998
v 133.690659 20.431719 -0.000002
v 133.656174 20.656723 -0.000002
v 133.690659 20.431719 10.999998
v 133.656174 20.656723 -0.000002
v 133.656174 20.656723 10.999998
v 133.690659 20.431719 10.999998
v 133.656174 20.656723 -0.000002
v 133.611816 20.878441 -0.000002
v 133.656174 20.656723 10.999998
v 133.611816 20.878441 -0.000002
v 133.611816 20.878441 10.999998
v 133.656174 20.656723 10.999998
v 133.611816 20.878441 -0.000002
v 133.557632 21.096874 -0.000002
v 133.611816 20.878441 10.999998
v 133.557632 21.096874 -0.000002
v 133.557632 21.096874 10.999998
v 133.611816 20.878441 10.999998
v 133.557632 21.096874 -0.000002
v 133.493576 21.312025 -0.000002
v 133.557632 21.096874 10.999998
v 133.493576 21.312025 -0.000002
v 133.493576 21.312025 10.999998
v 133.557632 21.096874 10.999998
v 133.493576 21.312025 -0.000002
v 133.419662 21.523890 -0.000002
v 133.493576 21.312025 10.999998
v 133.419662 21.523890 -0.000002
v 133.419662 21.523890 10.999998
v 133.493576 21.312025 10.999998
v 133.419662 21.523890 -0.000002
v 133.335907 21.732470 -0.000002
v 133.419662 21.523890 10.999998
v 133.335907 21.732470 -0.000002
v 133.335907 21.732470 10.999998
v 133.419662 21.523890 10.999998
v 133.335907 21.732470 -0.000002
v 133.242294 21.937763 -0.000002
v 133.335907 21.732470 10.999998
v 133.242294 21.937763 -0.000002
v 133.242294 21.937763 10.999998
v 133.335907 21.732470 10.999998
v 133.242294 21.937763 -0.000002
v 133.138824 22.139774 -0.000002
v 133.242294 21.937763 10.999998
v 133.138824 22.139774 -0.000002
v 133.138824 22.139774 10.999998
v 133.242294 21.937763 10.999998
v 133.138824 22.139774 -0.000002
v 133.025497 22.338499 -0.000002
v 133.138824 22.139774 10.999998
v 133.025497 22.338499 -0.000002
v 133.025497 22.338499 10.999998
v 133.138824 22.139774 10.999998
v 133.025497 22.338499 -0.000002
v 132.903961 22.532299 -0.000002
v 133.025497 22.338499 10.999998
v 132.903961 22.532299 -0.000002
v 132.903961 22.532299 10.999998
v 133.025497 22.338499 10.999998
v 132.903961 22.532299 -0.000002
v 132.775864 22.719528 -0.000002
v 132.903961 22.532299 10.999998
v 132.775864 22.719528 -0.000002
v 132.775864 22.719528 10.999998
v 132.903961 22.532299 10.999998
v 132.775864 22.719528 -0.000002
v 132.641190 22.900188 -0.000002
v 132.775864 22.719528 10.999998
v 132.641190 22.900188 -0.000002
v 132.641190 22.900188 10.999998
v 132.775864 22.719528 10.999998
v 132.641190 22.900188 -0.000002
v 132.499939 23.074278 -0.000002
v 132.641190 22.900188 10.999998
v 132.499939 23.074278 -0.000002
v 132.499939 23.074278 10.999998
v 132.641190 22.900188 10.999998
v 132.499939 23.074278 -0.000002
v 132.352127 23.241798 -0.000002
v 132.499939 23.074278 10.999998
v 132.352127 23.241798 -0.000002
v 132.352127 23.241798 10.999998
v 132.499939 23.074278 10.999998
v 132.352127 23.241798 -0.000002
v 132.197754 23.402750 -0.000002
v 132.352127 23.241798 10.999998
v 132.197754 23.402750 -0.000002
v 132.197754 23.402750 10.999998
v 132.352127 23.241798 10.999998
v 132.197754 23.402750 -0.000002
v 132.036804 23.557133 -0.000002
v 132.197754 23.402750 10.999998
v 132.036804 23.557133 -0.000002
v 132.036804 23.557133 10.999998
v 132.197754 23.402750 10.999998
v 132.036804 23.557133 -0.000002
v 131.869278 23.704945 -0.000002
v 132.036804 23.557133 10.999998
v 131.869278 23.704945 -0.000002
v 131.869278 23.704945 10.999998
v 132.036804 23.557133 10.999998
v 131.869278 23.704945 -0.000002
v 131.695190 23.846188 -0.000002
v 131.869278 23.704945 10.999998
v 131.695190 23.846188 -0.000002
v 131.695190 23.846188 10.999998
v 131.869278 23.704945 10.999998
v 131.695190 23.846188 -0.000002
v 131.514526 23.980862 -0.000002
v 131.695190 23.846188 10.999998
v 131.514526 23.980862 -0.000002
v 131.514526 23.980862 10.999998
v 131.695190 23.846188 10.999998
v 131.514526 23.980862 -0.000002
v 131.327301 24.108965 -0.000002
v 131.514526 23.980862 10.999998
v 131.327301 24.108965 -0.000002
v 131.327301 24.108965 10.999998
v 131.514526 23.980862 10.999998
v 131.327301 24.108965 -0.000002
v 131.133499 24.230499 -0.000002
v 131.327301 24.108965 10.999998
v 131.133499 24.230499 -0.000002
v 131.133499 24.230499 10.999998
v 131.327301 24.108965 10.999998
v 131.133499 24.230499 -0.000002
v 130.934769 24.343822 -0.000002
v 131.133499 24.230499 10.999998
v 130.934769 24.343822 -0.000002
v 130.934769 24.343822 10.999998
v 131.133499 24.230499 10.999998
v 130.934769 24.343822 -0.000002
v 130.732758 24.447292 -0.000002
v 130.934769 24.343822 10.999998
v 130.732758 24.447292 -0.000002
v 130.732758 24.447292 10.999998
v 130.934769 24.343822 10.999998
v 130.732758 24.447292 -0.000002
v 130.527466 24.540907 -0.000002
v 130.732758 24.447292 10.999998
v 130.527466 24.540907 -0.000002
v 130.527466 24.540907 10.999998
v 130.732758 24.447292 10.999998
v 130.527466 24.540907 -0.000002
v 130.318893 24.624666 -0.000002
v 130.527466 24.540907 10.999998
v 130.318893 24.624666 -0.000002
v 130.318893 24.624666 10.999998
v 130.527466 24.540907 10.999998
v 130.318893 24.624666 -0.000002
v 130.107025 24.698572 -0.000002
v 130.318893 24.624666 10.999998
v 130.107025 24.698572 -0.000002
v 130.107025 24.698572 10.999998
v 130.318893 24.624666 10.999998
v 130.107025 24.698572 -0.000002
v 129.891876 24.762625 -0.000002
v 130.107025 24.698572 10.999998
v 129.891876 24.762625 -0.000002
v 129.891876 24.762625 10.999998
v 130.107025 24.698572 10.999998
v 129.891876 24.762625 -0.000002
v 129.673447 24.816822 -0.000002
v 129.891876 24.762625 10.999998
v 129.673447 24.816822 -0.000002
v 129.673447 24.816822 10.999998
v 129.891876 24.762625 10.999998
v 129.673447 24.816822 -0.000002
v 129.451721 24.861166 -0.000002
v 129.673447 24.816822 10.999998
v 129.451721 24.861166 -0.000002
v 129.451721 24.861166 10.999998
v 129.673447 24.816822 10.999998
v 129.451721 24.861166 -0.000002
v 129.226715 24.895657 -0.000002
v 129.451721 24.861166 10.999998
v 129.226715 24.895657 -0.000002
v 129.226715 24.895657 10.999998
v 129.451721 24.861166 10.999998
v 129.226715 24.895657 -0.000002
v 128.998428 24.920292 -0.000002
v 129.226715 24.895657 10.999998
v 128.998428 24.920292 -0.000002
v 128.998428 24.920292 10.999998
v 129.226715 24.895657 10.999998
v 128.998428 24.920292 -0.000002
v 128.766861 24.935074 -0.000002
v 128.998428 24.920292 10.999998
v 128.766861 24.935074 -0.000002
v 128.766861 24.935074 10.999998
v 128.998428 24.920292 10.999998
v 128.766861 24.935074 -0.000002
v 128.531998 24.940001 -0.000002
v 128.766861 24.935074 10.999998
v 128.531998 24.940001 -0.000002
v 128.531998 24.940001 10.999998
v 128.766861 24.935074 10.999998
v 128.531998 24.940001 -0.000002
v 108.321999 24.940001 -0.000002
v 128.531998 24.940001 10.999998
v 108.321999 24.940001 -0.000002
v 108.321999 24.940001 10.999998
v 128.531998 24.940001 10.999998
v 108.321999 24.940001 -0.000002
v 108.321999 0.000000 0.000000
v 108.321999 24.940001 10.999998
v 108.321999 0.000000 0.000000
v 108.321999 0.000001 11.000000
v 108.321999 24.940001 10.999998
v 108.321999 0.000000 0.000000
v 111.848000 0.000000 0.000000
v 108.321999 0.000001 11.000000
v 111.848000 0.000000 0.000000
v 111.848000 0.000001 11.000000
v 108.321999 0.000001 11.000000
v 158.171722 -9.842072 0.000001
v 157.929993 -9.847000 0.000001
v 142.363998 -9.847000 0.000001
v 158.643524 -9.802656 0.000001
v 158.409576 -9.827291 0.000001
v 158.171722 -9.842072 0.000001
v 159.099808 -9.723823 0.000001
v 158.873611 -9.768167 0.000001
v 158.643524 -9.802656 0.000001
v 159.540558 -9.605573 0.000001
v 159.322128 -9.669625 0.000001
v 159.099808 -9.723823 0.000001
v 159.965775 -9.447906 0.000001
v 159.755112 -9.531667 0.000001
v 159.540558 -9.605573 0.000001
v 160.375473 -9.250823 0.000001
v 160.172577 -9.354292 0.000001
v 159.965775 -9.447906 0.000001
v 160.768143 -9.015965 0.000001
v 160.574493 -9.137500 0.000001
v 160.375473 -9.250823 0.000001
v 161.134842 -8.753187 0.000001
v 160.954926 -8.887861 0.000001
v 160.768143 -9.015965 0.000001
v 161.474060 -8.464132 0.000001
v 161.307892 -8.611944 0.000001
v 161.134842 -8.753187 0.000001
v 161.785812 -8.148799 0.000001
v 161.633377 -8.309750 0.000001
v 161.474060 -8.464132 0.000001
v 162.070099 -7.807188 0.000001
v 161.931396 -7.981278 0.000001
v 161.785812 -8.148799 0.000001
v 162.326904 -7.439299 0.000001
v 162.201935 -7.626528 0.000001
v 162.070099 -7.807188 0.000001
v 162.554886 -7.046476 0.000001
v 162.445007 -7.245500 0.000001
v 162.326904 -7.439299 0.000001
v 162.746002 -6.636781 0.000001
v 162.655228 -6.843569 0.000001
v 162.554886 -7.046476 0.000001
v 162.898895 -6.211559 0.000000
v 162.827225 -6.426111 0.000000
v 162.746002 -6.636781 0.000001
v 163.013550 -5.770809 0.000000
v 162.960999 -5.993125 0.000000
v 162.898895 -6.211559 0.000000
v 163.089996 -5.314531 0.000000
v 163.056549 -5.544611 0.000000
v 163.013550 -5.770809 0.000000
v 163.128220 -4.842726 0.000000
v 163.113892 -5.080569 0.000000
v 163.089996 -5.314531 0.000000
v 163.132996 19.737000 -0.000001
v 163.132996 -4.601000 0.000000
v 163.128220 -4.842726 0.000000
v 163.113892 20.203430 -0.000002
v 163.128220 19.971857 -0.000002
v 163.132996 19.737000 -0.000001
v 163.056549 20.656723 -0.000002
v 163.089996 20.431719 -0.000002
v 163.113892 20.203430 -0.000002
v 162.960999 21.096874 -0.000002
v 163.013550 20.878441 -0.000002
v 163.056549 20.656723 -0.000002
v 162.827225 21.523890 -0.000002
v 162.898895 21.312025 -0.000002
v 162.960999 21.096874 -0.000002
v 162.655228 21.937763 -0.000002
v 162.746002 21.732470 -0.000002
v 162.827225 21.523890 -0.000002
v 162.445007 22.338499 -0.000002
v 162.554886 22.139774 -0.000002
v 162.655228 21.937763 -0.000002
v 162.201935 22.719528 -0.000002
v 162.326904 22.532299 -0.000002
v 162.445007 22.338499 -0.000002
v 161.931396 23.074278 -0.000002
v 162.070099 22.900188 -0.000002
v 162.201935 22.719528 -0.000002
v 161.633377 23.402750 -0.000002
v 161.785812 23.241798 -0.000002
v 161.931396 23.074278 -0.000002
v 161.307892 23.704945 -0.000002
v 161.474060 23.557133 -0.000002
v 161.633377 23.402750 -0.000002
v 160.954926 23.980862 -0.000002
v 161.134842 23.846188 -0.000002
v 161.307892 23.704945 -0.000002
v 160.574493 24.230499 -0.000002
v 160.768143 24.108965 -0.000002
v 160.954926 23.980862 -0.000002
v 160.172577 24.447292 -0.000002
v 160.375473 24.343822 -0.000002
v 160.574493 24.230499 -0.000002
v 159.755112 24.624666 -0.000002
v 159.965775 24.540907 -0.000002
v 160.172577 24.447292 -0.000002
v 159.322128 24.762625 -0.000002
v 159.540558 24.698572 -0.000002
v 159.755112 24.624666 -0.000002
v 158.873611 24.861166 -0.000002
v 159.099808 24.816822 -0.000002
v 159.322128 24.762625 -0.000002
v 158.409576 24.920292 -0.000002
v 158.643524 24.895657 -0.000002
v 158.873611 24.861166 -0.000002
v 157.929993 24.940001 -0.000002
v 158.171722 24.935074 -0.000002
v 158.409576 24.920292 -0.000002
v 142.731140 24.935074 -0.000002
v 142.966003 24.940001 -0.000002
v 157.929993 24.940001 -0.000002
v 142.271286 24.895657 -0.000002
v 142.499573 24.920292 -0.000002
v 142.731140 24.935074 -0.000002
v 141.824554 24.816822 -0.000002
v 142.046280 24.861166 -0.000002
v 142.271286 24.895657 -0.000002
v 141.390976 24.698572 -0.000002
v 141.606125 24.762625 -0.000002
v 141.824554 24.816822 -0.000002
v 140.970535 24.540907 -0.000002
v 141.179108 24.624666 -0.000002
v 141.390976 24.698572 -0.000002
v 140.563232 24.343822 -0.000002
v 140.765244 24.447292 -0.000002
v 140.970535 24.540907 -0.000002
v 140.170700 24.108965 -0.000002
v 140.364502 24.230499 -0.000002
v 140.563232 24.343822 -0.000002
v 139.802811 23.846188 -0.000002
v 139.983475 23.980862 -0.000002
v 140.170700 24.108965 -0.000002
v 139.461197 23.557133 -0.000002
v 139.628723 23.704945 -0.000002
v 139.802811 23.846188 -0.000002
v 139.145874 23.241798 -0.000002
v 139.300247 23.402750 -0.000002
v 139.461197 23.557133 -0.000002
v 138.856812 22.900188 -0.000002
v 138.998062 23.074278 -0.000002
v 139.145874 23.241798 -0.000002
v 138.594040 22.532299 -0.000002
v 138.722137 22.719528 -0.000002
v 138.856812 22.900188 -0.000002
v 138.359177 22.139774 -0.000002
v 138.472504 22.338499 -0.000002
v 138.594040 22.532299 -0.000002
v 138.162094 21.732470 -0.000002
v 138.255707 21.937763 -0.000002
v 138.359177 22.139774 -0.000002
v 138.004425 21.312025 -0.000002
v 138.078339 21.523890 -0.000002
v 138.162094 21.732470 -0.000002
v 137.886185 20.878441 -0.000002
v 137.940369 21.096874 -0.000002
v 138.004425 21.312025 -0.000002
v 137.807343 20.431719 -0.000002
v 137.841827 20.656723 -0.000002
v 137.886185 20.878441 -0.000002
v 137.767929 19.971857 -0.000002
v 137.782715 20.203430 -0.000002
v 137.807343 20.431719 -0.000002
v 137.763000 5.203000 -0.000000
v 137.763000 19.737000 -0.000001
v 137.767929 19.971857 -0.000002
v 141.289001 19.737000 -0.000001
v 141.289001 5.203000 -0.000000
v 137.763000 5.203000 -0.000000
v 137.763000 5.203000 -0.000000
v 141.289001 5.203000 -0.000000
v 141.292435 5.089677 -0.000000
v 137.782715 4.736569 -0.000000
v 137.767929 4.968143 -0.000000
v 137.763000 5.203000 -0.000000
v 137.841827 4.283278 -0.000000
v 137.807343 4.508281 -0.000000
v 137.782715 4.736569 -0.000000
v 137.940369 3.843125 -0.000000
v 137.886185 4.061559 -0.000000
v 137.841827 4.283278 -0.000000
v 138.078339 3.416111 -0.000000
v 138.004425 3.627976 -0.000000
v 137.940369 3.843125 -0.000000
v 138.255707 3.002236 -0.000000
v 138.162094 3.207531 -0.000000
v 138.078339 3.416111 -0.000000
v 138.472504 2.601500 -0.000000
v 138.359177 2.800226 -0.000000
v 138.255707 3.002236 -0.000000
v 138.722137 2.220472 -0.000000
v 138.594040 2.407701 -0.000000
v 138.472504 2.601500 -0.000000
v 138.998062 1.865722 -0.000000
v 138.856812 2.039813 -0.000000
v 138.722137 2.220472 -0.000000
v 139.300247 1.537250 -0.000000
v 139.145874 1.698201 -0.000000
v 138.998062 1.865722 -0.000000
v 139.628723 1.235056 -0.000000
v 139.461197 1.382868 -0.000000
v 139.300247 1.537250 -0.000000
v 139.983475 0.959139 -0.000000
v 139.802811 1.093812 -0.000000
v 139.628723 1.235056 -0.000000
v 140.364502 0.709500 -0.000000
v 140.170700 0.831035 -0.000000
v 139.983475 0.959139 -0.000000
v 140.765244 0.492708 -0.000000
v 140.563232 0.596177 -0.000000
v 140.364502 0.709500 -0.000000
v 141.179108 0.315333 -0.000000
v 140.970535 0.399094 -0.000000
v 140.765244 0.492708 -0.000000
v 141.606125 0.177375 -0.000000
v 141.390976 0.241427 -0.000000
v 141.179108 0.315333 -0.000000
v 142.046280 0.078833 -0.000000
v 141.824554 0.123177 -0.000000
v 141.606125 0.177375 -0.000000
v 142.499573 0.019708 -0.000000
v 142.271286 0.044344 -0.000000
v 142.046280 0.078833 -0.000000
v 142.966003 0.000000 0.000000
v 142.731140 0.004927 -0.000000
v 142.499573 0.019708 -0.000000
v 142.363998 -9.847000 0.000001
v 142.363998 -6.278000 0.000000
v 157.929993 -6.278000 0.000000
v 158.643524 -9.802656 0.000001
v 158.171722 -9.842072 0.000001
v 142.363998 -9.847000 0.000001
v 159.540558 -9.605573 0.000001
v 159.099808 -9.723823 0.000001
v 158.643524 -9.802656 0.000001
v 160.375473 -9.250823 0.000001
v 159.965775 -9.447906 0.000001
v 159.540558 -9.605573 0.000001
v 161.134842 -8.753187 0.000001
v 160.768143 -9.015965 0.000001
v 160.375473 -9.250823 0.000001
v 161.785812 -8.148799 0.000001
v 161.474060 -8.464132 0.000001
v 161.134842 -8.753187 0.000001
v 162.326904 -7.439299 0.000001
v 162.070099 -7.807188 0.000001
v 161.785812 -8.148799 0.000001
v 162.746002 -6.636781 0.000001
v 162.554886 -7.046476 0.000001
v 162.326904 -7.439299 0.000001
v 163.013550 -5.770809 0.000000
v 162.898895 -6.211559 0.000000
v 162.746002 -6.636781 0.000001
v 163.128220 -4.842726 0.000000
v 163.089996 -5.314531 0.000000
v 163.013550 -5.770809 0.000000
v 163.113892 20.203430 -0.000002
v 163.132996 19.737000 -0.000001
v 163.128220 -4.842726 0.000000
v 162.960999 21.096874 -0.000002
v 163.056549 20.656723 -0.000002
v 163.113892 20.203430 -0.000002
v 162.655228 21.937763 -0.000002
v 162.827225 21.523890 -0.000002
v 162.960999 21.096874 -0.000002
v 162.201935 22.719528 -0.000002
v 162.445007 22.338499 -0.000002
v 162.655228 21.937763 -0.000002
v 161.633377 23.402750 -0.000002
v 161.931396 23.074278 -0.000002
v 162.201935 22.719528 -0.000002
v 160.954926 23.980862 -0.000002
v 161.307892 23.704945 -0.000002
v 161.633377 23.402750 -0.000002
v 160.172577 24.447292 -0.000002
v 160.574493 24.230499 -0.000002
v 160.954926 23.980862 -0.000002
v 159.322128 24.762625 -0.000002
v 159.755112 24.624666 -0.000002
v 160.172577 24.447292 -0.000002
v 158.409576 24.920292 -0.000002
v 158.873611 24.861166 -0.000002
v 159.322128 24.762625 -0.000002
v 142.731140 24.935074 -0.000002
v 157.929993 24.940001 -0.000002
v 158.409576 24.920292 -0.000002
v 141.824554 24.816822 -0.000002
v 142.271286 24.895657 -0.000002
v 142.731140 24.935074 -0.000002
v 140.970535 24.540907 -0.000002
v 141.390976 24.698572 -0.000002
v 141.824554 24.816822 -0.000002
v 140.170700 24.108965 -0.000002
v 140.563232 24.343822 -0.000002
v 140.970535 24.540907 -0.000002
v 139.461197 23.557133 -0.000002
v 139.802811 23.846188 -0.000002
v 140.170700 24.108965 -0.000002
v 138.856812 22.900188 -0.000002
v 139.145874 23.241798 -0.000002
v 139.461197 23.557133 -0.000002
v 138.359177 22.139774 -0.000002
v 138.594040 22.532299 -0.000002
v 138.856812 22.900188 -0.000002
v 138.004425 21.312025 -0.000002
v 138.162094 21.732470 -0.000002
v 138.359177 22.139774 -0.000002
v 137.807343 20.431719 -0.000002
v 137.886185 20.878441 -0.000002
v 138.004425 21.312025 -0.000002
v 137.763000 5.203000 -0.000000
v 137.767929 19.971857 -0.000002
v 137.807343 20.431719 -0.000002
v 141.292435 19.850323 -0.000001
v 141.289001 19.737000 -0.000001
v 137.763000 5.203000 -0.000000
v 137.763000 5.203000 -0.000000
v 141.292435 5.089677 -0.000000
v 141.302734 4.979042 -0.000000
v 137.841827 4.283278 -0.000000
v 137.782715 4.736569 -0.000000
v 137.763000 5.203000 -0.000000
v 138.078339 3.416111 -0.000000
v 137.940369 3.843125 -0.000000
v 137.841827 4.283278 -0.000000
v 138.472504 2.601500 -0.000000
v 138.255707 3.002236 -0.000000
v 138.078339 3.416111 -0.000000
v 138.998062 1.865722 -0.000000
v 138.722137 2.220472 -0.000000
v 138.472504 2.601500 -0.000000
v 139.628723 1.235056 -0.000000
v 139.300247 1.537250 -0.000000
v 138.998062 1.865722 -0.000000
v 140.364502 0.709500 -0.000000
v 139.983475 0.959139 -0.000000
v 139.628723 1.235056 -0.000000
v 141.179108 0.315333 -0.000000
v 140.765244 0.492708 -0.000000
v 140.364502 0.709500 -0.000000
v 142.046280 0.078833 -0.000000
v 141.606125 0.177375 -0.000000
v 141.179108 0.315333 -0.000000
v 142.966003 0.000000 0.000000
v 142.499573 0.019708 -0.000000
v 142.046280 0.078833 -0.000000
v 142.363998 -9.847000 0.000001
v 157.929993 -6.278000 0.000000
v 158.043320 -6.274566 0.000000
v 159.540558 -9.605573 0.000001
v 158.643524 -9.802656 0.000001
v 142.363998 -9.847000 0.000001
v 161.134842 -8.753187 0.000001
v 160.375473 -9.250823 0.000001
v 159.540558 -9.605573 0.000001
v 162.326904 -7.439299 0.000001
v 161.785812 -8.148799 0.000001
v 161.134842 -8.753187 0.000001
v 163.013550 -5.770809 0.000000
v 162.746002 -6.636781 0.000001
v 162.326904 -7.439299 0.000001
v 163.113892 20.203430 -0.000002
v 163.128220 -4.842726 0.000000
v 163.013550 -5.770809 0.000000
v 162.655228 21.937763 -0.000002
v 162.960999 21.096874 -0.000002
v 163.113892 20.203430 -0.000002
v 161.633377 23.402750 -0.000002
v 162.201935 22.719528 -0.000002
v 162.655228 21.937763 -0.000002
v 160.172577 24.447292 -0.000002
v 160.954926 23.980862 -0.000002
v 161.633377 23.402750 -0.000002
v 158.409576 24.920292 -0.000002
v 159.322128 24.762625 -0.000002
v 160.172577 24.447292 -0.000002
v 141.824554 24.816822 -0.000002
v 142.731140 24.935074 -0.000002
v 158.409576 24.920292 -0.000002
v 140.170700 24.108965 -0.000002
v 140.970535 24.540907 -0.000002
v 141.824554 24.816822 -0.000002
v 138.856812 22.900188 -0.000002
v 139.461197 23.557133 -0.000002
v 140.170700 24.108965 -0.000002
v 138.004425 21.312025 -0.000002
v 138.359177 22.139774 -0.000002
v 138.856812 22.900188 -0.000002
v 137.763000 5.203000 -0.000000
v 137.807343 20.431719 -0.000002
v 138.004425 21.312025 -0.000002
v 141.302734 19.960958 -0.000002
v 141.292435 19.850323 -0.000001
v 137.763000 5.203000 -0.000000
v 137.763000 5.203000 -0.000000
v 141.302734 4.979042 -0.000000
v 141.319901 4.871094 -0.000000
v 138.078339 3.416111 -0.000000
v 137.841827 4.283278 -0.000000
v 137.763000 5.203000 -0.000000
v 138.998062 1.865722 -0.000000
v 138.472504 2.601500 -0.000000
v 138.078339 3.416111 -0.000000
v 140.364502 0.709500 -0.000000
v 139.628723 1.235056 -0.000000
v 138.998062 1.865722 -0.000000
v 142.046280 0.078833 -0.000000
v 141.179108 0.315333 -0.000000
v 140.364502 0.709500 -0.000000
v 159.606995 0.000000 0.000000
v 142.966003 0.000000 0.000000
v 142.046280 0.078833 -0.000000
v 142.363998 -9.847000 0.000001
v 158.043320 -6.274566 0.000000
v 158.153961 -6.264264 0.000000
v 161.134842 -8.753187 0.000001
v 159.540558 -9.605573 0.000001
v 142.363998 -9.847000 0.000001
v 163.013550 -5.770809 0.000000
v 162.326904 -7.439299 0.000001
v 161.134842 -8.753187 0.000001
v 162.655228 21.937763 -0.000002
v 163.113892 20.203430 -0.000002
v 163.013550 -5.770809 0.000000
v 160.172577 24.447292 -0.000002
v 161.633377 23.402750 -0.000002
v 162.655228 21.937763 -0.000002
v 141.824554 24.816822 -0.000002
v 158.409576 24.920292 -0.000002
v 160.172577 24.447292 -0.000002
v 138.856812 22.900188 -0.000002
v 140.170700 24.108965 -0.000002
v 141.824554 24.816822 -0.000002
v 137.763000 5.203000 -0.000000
v 138.004425 21.312025 -0.000002
v 138.856812 22.900188 -0.000002
v 141.319901 20.068907 -0.000002
v 141.302734 19.960958 -0.000002
v 137.763000 5.203000 -0.000000
v 137.763000 5.203000 -0.000000
v 141.319901 4.871094 -0.000000
v 141.343948 4.765833 -0.000000
v 138.998062 1.865722 -0.000000
v 138.078339 3.416111 -0.000000
v 137.763000 5.203000 -0.000000
v 142.046280 0.078833 -0.000000
v 140.364502 0.709500 -0.000000
v 138.998062 1.865722 -0.000000
v 142.363998 -9.847000 0.000001
v 158.153961 -6.264264 0.000000
v 158.261902 -6.247094 0.000000
v 163.013550 -5.770809 0.000000
v 161.134842 -8.753187 0.000001
v 142.363998 -9.847000 0.000001
v 160.172577 24.447292 -0.000002
v 162.655228 21.937763 -0.000002
v 163.013550 -5.770809 0.000000
v 138.856812 22.900188 -0.000002
v 141.824554 24.816822 -0.000002
v 160.172577 24.447292 -0.000002
v 141.319901 20.068907 -0.000002
v 137.763000 5.203000 -0.000000
v 138.856812 22.900188 -0.000002
v 137.763000 5.203000 -0.000000
v 141.343948 4.765833 -0.000000
v 141.374847 4.663260 -0.000000
v 142.046280 0.078833 -0.000000
v 138.998062 1.865722 -0.000000
v 137.763000 5.203000 -0.000000
v 163.013550 -5.770809 0.000000
v 142.363998 -9.847000 0.000001
v 158.261902 -6.247094 0.000000
v 141.343948 20.174166 -0.000002
v 141.319901 20.068907 -0.000002
v 138.856812 22.900188 -0.000002
v 137.763000 5.203000 -0.000000
v 141.374847 4.663260 -0.000000
v 141.412628 4.563375 -0.000000
v 163.013550 -5.770809 0.000000
v 158.261902 -6.247094 0.000000
v 158.367172 -6.223055 0.000000
v 141.374847 20.276739 -0.000002
v 141.343948 20.174166 -0.000002
v 138.856812 22.900188 -0.000002
v 137.763000 5.203000 -0.000000
v 141.412628 4.563375 -0.000000
v 141.457260 4.466177 -0.000000
v 163.013550 -5.770809 0.000000
v 158.367172 -6.223055 0.000000
v 158.469742 -6.192149 0.000000
v 141.412628 20.376625 -0.000002
v 141.374847 20.276739 -0.000002
v 138.856812 22.900188 -0.000002
v 137.763000 5.203000 -0.000000
v 141.457260 4.466177 -0.000000
v 141.508774 4.371666 -0.000000
v 163.013550 -5.770809 0.000000
v 158.469742 -6.192149 0.000000
v 158.569626 -6.154375 0.000000
v 141.457260 20.473824 -0.000002
v 141.412628 20.376625 -0.000002
v 138.856812 22.900188 -0.000002
v 137.763000 5.203000 -0.000000
v 141.508774 4.371666 -0.000000
v 141.567154 4.279844 -0.000000
v 163.013550 -5.770809 0.000000
v 158.569626 -6.154375 0.000000
v 158.666824 -6.109733 0.000000
v 141.508774 20.568333 -0.000002
v 141.457260 20.473824 -0.000002
v 138.856812 22.900188 -0.000002
v 137.763000 5.203000 -0.000000
v 141.567154 4.279844 -0.000000
v 141.632401 4.190708 -0.000000
v 163.013550 -5.770809 0.000000
v 158.666824 -6.109733 0.000000
v 158.761337 -6.058222 0.000000
v 141.567154 20.660156 -0.000002
v 141.508774 20.568333 -0.000002
v 138.856812 22.900188 -0.000002
v 137.763000 5.203000 -0.000000
v 141.632401 4.190708 -0.000000
v 141.704514 4.104260 -0.000000
v 163.013550 -5.770809 0.000000
v 158.761337 -6.058222 0.000000
v 158.853149 -5.999844 0.000000
v 141.632401 20.749292 -0.000002
v 141.567154 20.660156 -0.000002
v 138.856812 22.900188 -0.000002
v 137.763000 5.203000 -0.000000
v 141.704514 4.104260 -0.000000
v 141.783493 4.020500 -0.000000
v 163.013550 -5.770809 0.000000
v 158.853149 -5.999844 0.000000
v 158.942291 -5.934597 0.000000
v 141.704514 20.835739 -0.000002
v 141.632401 20.749292 -0.000002
v 138.856812 22.900188 -0.000002
v 137.763000 5.203000 -0.000000
v 141.783493 4.020500 -0.000000
v 141.867264 3.941517 -0.000000
v 163.013550 -5.770809 0.000000
v 158.942291 -5.934597 0.000000
v 159.028732 -5.862483 0.000000
v 141.783493 20.919500 -0.000002
v 141.704514 20.835739 -0.000002
v 138.856812 22.900188 -0.000002
v 137.763000 5.203000 -0.000000
v 141.867264 3.941517 -0.000000
v 141.953705 3.869403 -0.000000
v 163.013550 -5.770809 0.000000
v 159.028732 -5.862483 0.000000
v 159.112503 -5.783500 0.000000
v 141.867264 20.998482 -0.000002
v 141.783493 20.919500 -0.000002
v 138.856812 22.900188 -0.000002
v 137.763000 5.203000 -0.000000
v 141.953705 3.869403 -0.000000
v 142.042847 3.804156 -0.000000
v 163.013550 -5.770809 0.000000
v 159.112503 -5.783500 0.000000
v 159.191483 -5.699739 0.000000
v 141.953705 21.070597 -0.000002
v 141.867264 20.998482 -0.000002
v 138.856812 22.900188 -0.000002
v 137.763000 5.203000 -0.000000
v 142.042847 3.804156 -0.000000
v 142.134674 3.745778 -0.000000
v 163.013550 -5.770809 0.000000
v 159.191483 -5.699739 0.000000
v 159.263596 -5.613292 0.000000
v 142.042847 21.135843 -0.000002
v 141.953705 21.070597 -0.000002
v 138.856812 22.900188 -0.000002
v 137.763000 5.203000 -0.000000
v 142.134674 3.745778 -0.000000
v 142.229172 3.694267 -0.000000
v 163.013550 -5.770809 0.000000
v 159.263596 -5.613292 0.000000
v 159.328842 -5.524156 0.000000
v 142.134674 21.194221 -0.000002
v 142.042847 21.135843 -0.000002
v 138.856812 22.900188 -0.000002
v 137.763000 5.203000 -0.000000
v 142.229172 3.694267 -0.000000
v 142.326370 3.649625 -0.000000
v 163.013550 -5.770809 0.000000
v 159.328842 -5.524156 0.000000
v 159.387222 -5.432333 0.000000
v 142.229172 21.245733 -0.000002
v 142.134674 21.194221 -0.000002
v 138.856812 22.900188 -0.000002
v 137.763000 5.203000 -0.000000
v 142.326370 3.649625 -0.000000
v 142.426254 3.611851 -0.000000
v 163.013550 -5.770809 0.000000
v 159.387222 -5.432333 0.000000
v 159.438736 -5.337823 0.000000
v 142.326370 21.290375 -0.000002
v 142.229172 21.245733 -0.000002
v 138.856812 22.900188 -0.000002
v 142.046280 0.078833 -0.000000
v 137.763000 5.203000 -0.000000
v 142.426254 3.611851 -0.000000
v 163.013550 -5.770809 0.000000
v 159.438736 -5.337823 0.000000
v 159.483368 -5.240625 0.000000
v 142.426254 21.328150 -0.000002
v 142.326370 21.290375 -0.000002
v 138.856812 22.900188 -0.000002
v 142.046280 0.078833 -0.000000
v 142.426254 3.611851 -0.000000
v 142.528839 3.580945 -0.000000
v 163.013550 -5.770809 0.000000
v 159.483368 -5.240625 0.000000
v 159.521149 -5.140739 0.000000
v 142.528839 21.359056 -0.000002
v 142.426254 21.328150 -0.000002
v 138.856812 22.900188 -0.000002
v 142.046280 0.078833 -0.000000
v 142.528839 3.580945 -0.000000
v 142.634094 3.556906 -0.000000
v 163.013550 -5.770809 0.000000
v 159.521149 -5.140739 0.000000
v 159.552063 -5.038167 0.000000
v 142.634094 21.383093 -0.000002
v 142.528839 21.359056 -0.000002
v 138.856812 22.900188 -0.000002
v 142.046280 0.078833 -0.000000
v 142.634094 3.556906 -0.000000
v 142.742035 3.539736 -0.000000
v 163.013550 -5.770809 0.000000
v 159.552063 -5.038167 0.000000
v 159.576096 -4.932906 0.000000
v 142.634094 21.383093 -0.000002
v 138.856812 22.900188 -0.000002
v 160.172577 24.447292 -0.000002
v 142.046280 0.078833 -0.000000
v 142.742035 3.539736 -0.000000
v 142.852676 3.529434 -0.000000
v 163.013550 -5.770809 0.000000
v 159.576096 -4.932906 0.000000
v 159.593262 -4.824958 0.000000
v 142.742035 21.400265 -0.000002
v 142.634094 21.383093 -0.000002
v 160.172577 24.447292 -0.000002
v 142.046280 0.078833 -0.000000
v 142.852676 3.529434 -0.000000
v 142.966003 3.526000 -0.000000
v 163.013550 -5.770809 0.000000
v 159.593262 -4.824958 0.000000
v 159.603561 -4.714323 0.000000
v 142.852676 21.410566 -0.000002
v 142.742035 21.400265 -0.000002
v 160.172577 24.447292 -0.000002
v 142.046280 0.078833 -0.000000
v 142.966003 3.526000 -0.000000
v 157.929993 3.526000 -0.000000
v 163.013550 -5.770809 0.000000
v 159.603561 -4.714323 0.000000
v 159.606995 -4.601000 0.000000
v 142.966003 21.414000 -0.000002
v 142.852676 21.410566 -0.000002
v 160.172577 24.447292 -0.000002
v 142.046280 0.078833 -0.000000
v 157.929993 3.526000 -0.000000
v 158.043320 3.529434 -0.000000
v 163.013550 -5.770809 0.000000
v 159.606995 -4.601000 0.000000
v 159.606995 0.000000 0.000000
v 157.929993 21.414000 -0.000002
v 142.966003 21.414000 -0.000002
v 160.172577 24.447292 -0.000002
v 142.046280 0.078833 -0.000000
v 158.043320 3.529434 -0.000000
v 158.153961 3.539736 -0.000000
v 160.172577 24.447292 -0.000002
v 163.013550 -5.770809 0.000000
v 159.606995 0.000000 0.000000
v 158.043320 21.410566 -0.000002
v 157.929993 21.414000 -0.000002
v 160.172577 24.447292 -0.000002
v 142.046280 0.078833 -0.000000
v 158.153961 3.539736 -0.000000
v 158.261902 3.556906 -0.000000
v 158.153961 21.400265 -0.000002
v 158.043320 21.410566 -0.000002
v 160.172577 24.447292 -0.000002
v 159.606995 0.000000 0.000000
v 142.046280 0.078833 -0.000000
v 158.261902 3.556906 -0.000000
v 158.261902 21.383093 -0.000002
v 158.153961 21.400265 -0.000002
v 160.172577 24.447292 -0.000002
v 159.606995 0.000000 0.000000
v 158.261902 3.556906 -0.000000
v 158.367172 3.580945 -0.000000
v 158.367172 21.359056 -0.000002
v 158.261902 21.383093 -0.000002
v 160.172577 24.447292 -0.000002
v 159.606995 0.000000 0.000000
v 158.367172 3.580945 -0.000000
v 158.469742 3.611851 -0.000000
v 158.469742 21.328150 -0.000002
v 158.367172 21.359056 -0.000002
v 160.172577 24.447292 -0.000002
v 159.606995 0.000000 0.000000
v 158.469742 3.611851 -0.000000
v 158.569626 3.649625 -0.000000
v 158.569626 21.290375 -0.000002
v 158.469742 21.328150 -0.000002
v 160.172577 24.447292 -0.000002
v 159.606995 0.000000 0.000000
v 158.569626 3.649625 -0.000000
v 158.666824 3.694267 -0.000000
v 158.666824 21.245733 -0.000002
v 158.569626 21.290375 -0.000002
v 160.172577 24.447292 -0.000002
v 159.606995 0.000000 0.000000
v 158.666824 3.694267 -0.000000
v 158.761337 3.745778 -0.000000
v 158.761337 21.194221 -0.000002
v 158.666824 21.245733 -0.000002
v 160.172577 24.447292 -0.000002
v 159.606995 0.000000 0.000000
v 158.761337 3.745778 -0.000000
v 158.853149 3.804156 -0.000000
v 158.853149 21.135843 -0.000002
v 158.761337 21.194221 -0.000002
v 160.172577 24.447292 -0.000002
v 159.606995 0.000000 0.000000
v 158.853149 3.804156 -0.000000
v 158.942291 3.869403 -0.000000
v 158.942291 21.070597 -0.000002
v 158.853149 21.135843 -0.000002
v 160.172577 24.447292 -0.000002
v 159.606995 0.000000 0.000000
v 158.942291 3.869403 -0.000000
v 159.028732 3.941517 -0.000000
v 159.028732 20.998482 -0.000002
v 158.942291 21.070597 -0.000002
v 160.172577 24.447292 -0.000002
v 159.606995 0.000000 0.000000
v 159.028732 3.941517 -0.000000
v 159.112503 4.020500 -0.000000
v 159.112503 20.919500 -0.000002
v 159.028732 20.998482 -0.000002
v 160.172577 24.447292 -0.000002
v 159.606995 0.000000 0.000000
v 159.112503 4.020500 -0.000000
v 159.191483 4.104260 -0.000000
v 159.191483 20.835739 -0.000002
v 159.112503 20.919500 -0.000002
v 160.172577 24.447292 -0.000002
v 159.606995 0.000000 0.000000
v 159.191483 4.104260 -0.000000
v 159.263596 4.190708 -0.000000
v 159.263596 20.749292 -0.000002
v 159.191483 20.835739 -0.000002
v 160.172577 24.447292 -0.000002
v 159.606995 0.000000 0.000000
v 159.263596 4.190708 -0.000000
v 159.328842 4.279844 -0.000000
v 159.328842 20.660156 -0.000002
v 159.263596 20.749292 -0.000002
v 160.172577 24.447292 -0.000002
v 159.606995 0.000000 0.000000
v 159.328842 4.279844 -0.000000
v 159.387222 4.371666 -0.000000
v 159.387222 20.568333 -0.000002
v 159.328842 20.660156 -0.000002
v 160.172577 24.447292 -0.000002
v 159.606995 0.000000 0.000000
v 159.387222 4.371666 -0.000000
v 159.438736 4.466177 -0.000000
v 159.438736 20.473824 -0.000002
v 159.387222 20.568333 -0.000002
v 160.172577 24.447292 -0.000002
v 159.606995 0.000000 0.000000
v 159.438736 4.466177 -0.000000
v 159.483368 4.563375 -0.000000
v 159.483368 20.376625 -0.000002
v 159.438736 20.473824 -0.000002
v 160.172577 24.447292 -0.000002
v 159.606995 0.000000 0.000000
v 159.483368 4.563375 -0.000000
v 159.521149 4.663260 -0.000000
v 159.521149 20.276739 -0.000002
v 159.483368 20.376625 -0.000002
v 160.172577 24.447292 -0.000002
v 159.606995 0.000000 0.000000
v 159.521149 4.663260 -0.000000
v 159.552063 4.765833 -0.000000
v 159.552063 20.174166 -0.000002
v 159.521149 20.276739 -0.000002
v 160.172577 24.447292 -0.000002
v 159.606995 0.000000 0.000000
v 159.552063 4.765833 -0.000000
v 159.576096 4.871094 -0.000000
v 159.576096 20.068907 -0.000002
v 159.552063 20.174166 -0.000002
v 160.172577 24.447292 -0.000002
v 159.606995 0.000000 0.000000
v 159.576096 4.871094 -0.000000
v 159.593262 4.979042 -0.000000
v 159.593262 19.960958 -0.000002
v 159.576096 20.068907 -0.000002
v 160.172577 24.447292 -0.000002
v 159.606995 0.000000 0.000000
v 159.593262 4.979042 -0.000000
v 159.603561 5.089677 -0.000000
v 159.603561 19.850323 -0.000001
v 159.593262 19.960958 -0.000002
v 160.172577 24.447292 -0.000002
v 159.606995 0.000000 0.000000
v 159.603561 5.089677 -0.000000
v 159.606995 5.203000 -0.000000
v 159.606995 19.737000 -0.000001
v 159.603561 19.850323 -0.000001
v 160.172577 24.447292 -0.000002
v 160.172577 24.447292 -0.000002
v 159.606995 0.000000 0.000000
v 159.606995 5.203000 -0.000000
v 159.606995 5.203000 -0.000000
v 159.606995 19.737000 -0.000001
v 160.172577 24.447292 -0.000002
v 142.363998 -9.846999 11.000001
v 157.929993 -9.846999 11.000001
v 158.171722 -9.842072 11.000001
v 158.171722 -9.842072 11.000001
v 158.409576 -9.827291 11.000001
v 158.643524 -9.802655 11.000001
v 158.643524 -9.802655 11.000001
v 158.873611 -9.768166 11.000001
v 159.099808 -9.723822 11.000001
v 159.099808 -9.723822 11.000001
v 159.322128 -9.669624 11.000001
v 159.540558 -9.605572 11.000001
v 159.540558 -9.605572 11.000001
v 159.755112 -9.531666 11.000001
v 159.965775 -9.447906 11.000001
v 159.965775 -9.447906 11.000001
v 160.172577 -9.354291 11.000001
v 160.375473 -9.250822 11.000001
v 160.375473 -9.250822 11.000001
v 160.574493 -9.137499 11.000001
v 160.768143 -9.015965 11.000001
v 160.768143 -9.015965 11.000001
v 160.954926 -8.887860 11.000001
v 161.134842 -8.753186 11.000001
v 161.134842 -8.753186 11.000001
v 161.307892 -8.611943 11.000001
v 161.474060 -8.464131 11.000001
v 161.474060 -8.464131 11.000001
v 161.633377 -8.309749 11.000001
v 161.785812 -8.148798 11.000001
v 161.785812 -8.148798 11.000001
v 161.931396 -7.981277 11.000001
v 162.070099 -7.807187 11.000001
v 162.070099 -7.807187 11.000001
v 162.201935 -7.626527 11.000001
v 162.326904 -7.439298 11.000001
v 162.326904 -7.439298 11.000001
v 162.445007 -7.245499 11.000001
v 162.554886 -7.046475 11.000001
v 162.554886 -7.046475 11.000001
v 162.655228 -6.843568 11.000001
v 162.746002 -6.636780 11.000001
v 162.746002 -6.636780 11.000001
v 162.827225 -6.426110 11.000001
v 162.898895 -6.211558 11.000000
v 162.898895 -6.211558 11.000000
v 162.960999 -5.993124 11.000000
v 163.013550 -5.770808 11.000000
v 163.013550 -5.770808 11.000000
v 163.056549 -5.544610 11.000000
v 163.089996 -5.314530 11.000000
v 163.089996 -5.314530 11.000000
v 163.113892 -5.080568 11.000000
v 163.128220 -4.842725 11.000000
v 163.128220 -4.842725 11.000000
v 163.132996 -4.600999 11.000000
v 163.132996 19.737000 10.999998
v 163.132996 19.737000 10.999998
v 163.128220 19.971857 10.999998
v 163.113892 20.203430 10.999998
v 163.113892 20.203430 10.999998
v 163.089996 20.431719 10.999998
v 163.056549 20.656723 10.999998
v 163.056549 20.656723 10.999998
v 163.013550 20.878441 10.999998
v 162.960999 21.096874 10.999998
v 162.960999 21.096874 10.999998
v 162.898895 21.312025 10.999998
v 162.827225 21.523890 10.999998
v 162.827225 21.523890 10.999998
v 162.746002 21.732470 10.999998
v 162.655228 21.937763 10.999998
v 162.655228 21.937763 10.999998
v 162.554886 22.139774 10.999998
v 162.445007 22.338499 10.999998
v 162.445007 22.338499 10.999998
v 162.326904 22.532299 10.999998
v 162.201935 22.719528 10.999998
v 162.201935 22.719528 10.999998
v 162.070099 22.900188 10.999998
v 161.931396 23.074278 10.999998
v 161.931396 23.074278 10.999998
v 161.785812 23.241798 10.999998
v 161.633377 23.402750 10.999998
v 161.633377 23.402750 10.999998
v 161.474060 23.557133 10.999998
v 161.307892 23.704945 10.999998
v 161.307892 23.704945 10.999998
v 161.134842 23.846188 10.999998
v 160.954926 23.980862 10.999998
v 160.954926 23.980862 10.999998
v 160.768143 24.108965 10.999998
v 160.574493 24.230499 10.999998
v 160.574493 24.230499 10.999998
v 160.375473 24.343822 10.999998
v 160.172577 24.447292 10.999998
v 160.172577 24.447292 10.999998
v 159.965775 24.540907 10.999998
v 159.755112 24.624666 10.999998
v 159.755112 24.624666 10.999998
v 159.540558 24.698572 10.999998
v 159.322128 24.762625 10.999998
v 159.322128 24.762625 10.999998
v 159.099808 24.816822 10.999998
v 158.873611 24.861166 10.999998
v 158.873611 24.861166 10.999998
v 158.643524 24.895657 10.999998
v 158.409576 24.920292 10.999998
v 158.409576 24.920292 10.999998
v 158.171722 24.935074 10.999998
v 157.929993 24.940001 10.999998
v 157.929993 24.940001 10.999998
v 142.966003 24.940001 10.999998
v 142.731140 24.935074 10.999998
v 142.731140 24.935074 10.999998
v 142.499573 24.920292 10.999998
v 142.271286 24.895657 10.999998
v 142.271286 24.895657 10.999998
v 142.046280 24.861166 10.999998
v 141.824554 24.816822 10.999998
v 141.824554 24.816822 10.999998
v 141.606125 24.762625 10.999998
v 141.390976 24.698572 10.999998
v 141.390976 24.698572 10.999998
v 141.179108 24.624666 10.999998
v 140.970535 24.540907 10.999998
v 140.970535 24.540907 10.999998
v 140.765244 24.447292 10.999998
v 140.563232 24.343822 10.999998
v 140.563232 24.343822 10.999998
v 140.364502 24.230499 10.999998
v 140.170700 24.108965 10.999998
v 140.170700 24.108965 10.999998
v 139.983475 23.980862 10.999998
v 139.802811 23.846188 10.999998
v 139.802811 23.846188 10.999998
v 139.628723 23.704945 10.999998
v 139.461197 23.557133 10.999998
v 139.461197 23.557133 10.999998
v 139.300247 23.402750 10.999998
v 139.145874 23.241798 10.999998
v 139.145874 23.241798 10.999998
v 138.998062 23.074278 10.999998
v 138.856812 22.900188 10.999998
v 138.856812 22.900188 10.999998
v 138.722137 22.719528 10.999998
v 138.594040 22.532299 10.999998
v 138.594040 22.532299 10.999998
v 138.472504 22.338499 10.999998
v 138.359177 22.139774 10.999998
v 138.359177 22.139774 10.999998
v 138.255707 21.937763 10.999998
v 138.162094 21.732470 10.999998
v 138.162094 21.732470 10.999998
v 138.078339 21.523890 10.999998
v 138.004425 21.312025 10.999998
v 138.004425 21.312025 10.999998
v 137.940369 21.096874 10.999998
v 137.886185 20.878441 10.999998
v 137.886185 20.878441 10.999998
v 137.841827 20.656723 10.999998
v 137.807343 20.431719 10.999998
v 137.807343 20.431719 10.999998
v 137.782715 20.203430 10.999998
v 137.767929 19.971857 10.999998
v 137.767929 19.971857 10.999998
v 137.763000 19.737000 10.999998
v 137.763000 5.203001 11.000000
v 137.763000 5.203001 11.000000
v 141.289001 5.203001 11.000000
v 141.289001 19.737000 10.999998
v 141.292435 5.089678 11.000000
v 141.289001 5.203001 11.000000
v 137.763000 5.203001 11.000000
v 137.763000 5.203001 11.000000
v 137.767929 4.968143 11.000000
v 137.782715 4.736570 11.000000
v 137.782715 4.736570 11.000000
v 137.807343 4.508282 11.000000
v 137.841827 4.283279 11.000000
v 137.841827 4.283279 11.000000
v 137.886185 4.061560 11.000000
v 137.940369 3.843126 11.000000
v 137.940369 3.843126 11.000000
v 138.004425 3.627976 11.000000
v 138.078339 3.416112 11.000000
v 138.078339 3.416112 11.000000
v 138.162094 3.207532 11.000000
v 138.255707 3.002237 11.000000
v 138.255707 3.002237 11.000000
v 138.359177 2.800226 11.000000
v 138.472504 2.601501 11.000000
v 138.472504 2.601501 11.000000
v 138.594040 2.407702 11.000000
v 138.722137 2.220473 11.000000
v 138.722137 2.220473 11.000000
v 138.856812 2.039813 11.000000
v 138.998062 1.865723 11.000000
v 138.998062 1.865723 11.000000
v 139.145874 1.698202 11.000000
v 139.300247 1.537251 11.000000
v 139.300247 1.537251 11.000000
v 139.461197 1.382869 11.000000
v 139.628723 1.235056 11.000000
v 139.628723 1.235056 11.000000
v 139.802811 1.093813 11.000000
v 139.983475 0.959140 11.000000
v 139.983475 0.959140 11.000000
v 140.170700 0.831036 11.000000
v 140.364502 0.709501 11.000000
v 140.364502 0.709501 11.000000
v 140.563232 0.596178 11.000000
v 140.765244 0.492709 11.000000
v 140.765244 0.492709 11.000000
v 140.970535 0.399095 11.000000
v 141.179108 0.315334 11.000000
v 141.179108 0.315334 11.000000
v 141.390976 0.241428 11.000000
v 141.606125 0.177376 11.000000
v 141.606125 0.177376 11.000000
v 141.824554 0.123178 11.000000
v 142.046280 0.078834 11.000000
v 142.046280 0.078834 11.000000
v 142.271286 0.044345 11.000000
v 142.499573 0.019709 11.000000
v 142.499573 0.019709 11.000000
v 142.731140 0.004928 11.000000
v 142.966003 0.000001 11.000000
v 157.929993 -6.277999 11.000000
v 142.363998 -6.277999 11.000000
v 142.363998 -9.846999 11.000001
v 142.363998 -9.846999 11.000001
v 158.171722 -9.842072 11.000001
v 158.643524 -9.802655 11.000001
v 158.643524 -9.802655 11.000001
v 159.099808 -9.723822 11.000001
v 159.540558 -9.605572 11.000001
v 159.540558 -9.605572 11.000001
v 159.965775 -9.447906 11.000001
v 160.375473 -9.250822 11.000001
v 160.375473 -9.250822 11.000001
v 160.768143 -9.015965 11.000001
v 161.134842 -8.753186 11.000001
v 161.134842 -8.753186 11.000001
v 161.474060 -8.464131 11.000001
v 161.785812 -8.148798 11.000001
v 161.785812 -8.148798 11.000001
v 162.070099 -7.807187 11.000001
v 162.326904 -7.439298 11.000001
v 162.326904 -7.439298 11.000001
v 162.554886 -7.046475 11.000001
v 162.746002 -6.636780 11.000001
v 162.746002 -6.636780 11.000001
v 162.898895 -6.211558 11.000000
v 163.013550 -5.770808 11.000000
v 163.013550 -5.770808 11.000000
v 163.089996 -5.314530 11.000000
v 163.128220 -4.842725 11.000000
v 163.128220 -4.842725 11.000000
v 163.132996 19.737000 10.999998
v 163.113892 20.203430 10.999998
v 163.113892 20.203430 10.999998
v 163.056549 20.656723 10.999998
v 162.960999 21.096874 10.999998
v 162.960999 21.096874 10.999998
v 162.827225 21.523890 10.999998
v 162.655228 21.937763 10.999998
v 162.655228 21.937763 10.999998
v 162.445007 22.338499 10.999998
v 162.201935 22.719528 10.999998
v 162.201935 22.719528 10.999998
v 161.931396 23.074278 10.999998
v 161.633377 23.402750 10.999998
v 161.633377 23.402750 10.999998
v 161.307892 23.704945 10.999998
v 160.954926 23.980862 10.999998
v 160.954926 23.980862 10.999998
v 160.574493 24.230499 10.999998
v 160.172577 24.447292 10.999998
v 160.172577 24.447292 10.999998
v 159.755112 24.624666 10.999998
v 159.322128 24.762625 10.999998
v 159.322128 24.762625 10.999998
v 158.873611 24.861166 10.999998
v 158.409576 24.920292 10.999998
v 158.409576 24.920292 10.999998
v 157.929993 24.940001 10.999998
v 142.731140 24.935074 10.999998
v 142.731140 24.935074 10.999998
v 142.271286 24.895657 10.999998
v 141.824554 24.816822 10.999998
v 141.824554 24.816822 10.999998
v 141.390976 24.698572 10.999998
v 140.970535 24.540907 10.999998
v 140.970535 24.540907 10.999998
v 140.563232 24.343822 10.999998
v 140.170700 24.108965 10.999998
v 140.170700 24.108965 10.999998
v 139.802811 23.846188 10.999998
v 139.461197 23.557133 10.999998
v 139.461197 23.557133 10.999998
v 139.145874 23.241798 10.999998
v 138.856812 22.900188 10.999998
v 138.856812 22.900188 10.999998
v 138.594040 22.532299 10.999998
v 138.359177 22.139774 10.999998
v 138.359177 22.139774 10.999998
v 138.162094 21.732470 10.999998
v 138.004425 21.312025 10.999998
v 138.004425 21.312025 10.999998
v 137.886185 20.878441 10.999998
v 137.807343 20.431719 10.999998
v 137.807343 20.431719 10.999998
v 137.767929 19.971857 10.999998
v 137.763000 5.203001 11.000000
v 137.763000 5.203001 11.000000
v 141.289001 19.737000 10.999998
v 141.292435 19.850323 10.999998
v 141.302734 4.979043 11.000000
v 141.292435 5.089678 11.000000
v 137.763000 5.203001 11.000000
v 137.763000 5.203001 11.000000
v 137.782715 4.736570 11.000000
v 137.841827 4.283279 11.000000
v 137.841827 4.283279 11.000000
v 137.940369 3.843126 11.000000
v 138.078339 3.416112 11.000000
v 138.078339 3.416112 11.000000
v 138.255707 3.002237 11.000000
v 138.472504 2.601501 11.000000
v 138.472504 2.601501 11.000000
v 138.722137 2.220473 11.000000
v 138.998062 1.865723 11.000000
v 138.998062 1.865723 11.000000
v 139.300247 1.537251 11.000000
v 139.628723 1.235056 11.000000
v 139.628723 1.235056 11.000000
v 139.983475 0.959140 11.000000
v 140.364502 0.709501 11.000000
v 140.364502 0.709501 11.000000
v 140.765244 0.492709 11.000000
v 141.179108 0.315334 11.000000
v 141.179108 0.315334 11.000000
v 141.606125 0.177376 11.000000
v 142.046280 0.078834 11.000000
v 142.046280 0.078834 11.000000
v 142.499573 0.019709 11.000000
v 142.966003 0.000001 11.000000
v 158.043320 -6.274565 11.000000
v 157.929993 -6.277999 11.000000
v 142.363998 -9.846999 11.000001
v 142.363998 -9.846999 11.000001
v 158.643524 -9.802655 11.000001
v 159.540558 -9.605572 11.000001
v 159.540558 -9.605572 11.000001
v 160.375473 -9.250822 11.000001
v 161.134842 -8.753186 11.000001
v 161.134842 -8.753186 11.000001
v 161.785812 -8.148798 11.000001
v 162.326904 -7.439298 11.000001
v 162.326904 -7.439298 11.000001
v 162.746002 -6.636780 11.000001
v 163.013550 -5.770808 11.000000
v 163.013550 -5.770808 11.000000
v 163.128220 -4.842725 11.000000
v 163.113892 20.203430 10.999998
v 163.113892 20.203430 10.999998
v 162.960999 21.096874 10.999998
v 162.655228 21.937763 10.999998
v 162.655228 21.937763 10.999998
v 162.201935 22.719528 10.999998
v 161.633377 23.402750 10.999998
v 161.633377 23.402750 10.999998
v 160.954926 23.980862 10.999998
v 160.172577 24.447292 10.999998
v 160.172577 24.447292 10.999998
v 159.322128 24.762625 10.999998
v 158.409576 24.920292 10.999998
v 158.409576 24.920292 10.999998
v 142.731140 24.935074 10.999998
v 141.824554 24.816822 10.999998
v 141.824554 24.816822 10.999998
v 140.970535 24.540907 10.999998
v 140.170700 24.108965 10.999998
v 140.170700 24.108965 10.999998
v 139.461197 23.557133 10.999998
v 138.856812 22.900188 10.999998
v 138.856812 22.900188 10.999998
v 138.359177 22.139774 10.999998
v 138.004425 21.312025 10.999998
v 138.004425 21.312025 10.999998
v 137.807343 20.431719 10.999998
v 137.763000 5.203001 11.000000
v 137.763000 5.203001 11.000000
v 141.292435 19.850323 10.999998
v 141.302734 19.960958 10.999998
v 141.319901 4.871095 11.000000
v 141.302734 4.979043 11.000000
v 137.763000 5.203001 11.000000
v 137.763000 5.203001 11.000000
v 137.841827 4.283279 11.000000
v 138.078339 3.416112 11.000000
v 138.078339 3.416112 11.000000
v 138.472504 2.601501 11.000000
v 138.998062 1.865723 11.000000
v 138.998062 1.865723 11.000000
v 139.628723 1.235056 11.000000
v 140.364502 0.709501 11.000000
v 140.364502 0.709501 11.000000
v 141.179108 0.315334 11.000000
v 142.046280 0.078834 11.000000
v 142.046280 0.078834 11.000000
v 142.966003 0.000001 11.000000
v 159.606995 0.000001 11.000000
v 158.153961 -6.264263 11.000000
v 158.043320 -6.274565 11.000000
v 142.363998 -9.846999 11.000001
v 142.363998 -9.846999 11.000001
v 159.540558 -9.605572 11.000001
v 161.134842 -8.753186 11.000001
v 161.134842 -8.753186 11.000001
v 162.326904 -7.439298 11.000001
v 163.013550 -5.770808 11.000000
v 163.013550 -5.770808 11.000000
v 163.113892 20.203430 10.999998
v 162.655228 21.937763 10.999998
v 162.655228 21.937763 10.999998
v 161.633377 23.402750 10.999998
v 160.172577 24.447292 10.999998
v 160.172577 24.447292 10.999998
v 158.409576 24.920292 10.999998
v 141.824554 24.816822 10.999998
v 141.824554 24.816822 10.999998
v 140.170700 24.108965 10.999998
v 138.856812 22.900188 10.999998
v 138.856812 22.900188 10.999998
v 138.004425 21.312025 10.999998
v 137.763000 5.203001 11.000000
v 137.763000 5.203001 11.000000
v 141.302734 19.960958 10.999998
v 141.319901 20.068907 10.999998
v 141.343948 4.765834 11.000000
v 141.319901 4.871095 11.000000
v 137.763000 5.203001 11.000000
v 137.763000 5.203001 11.000000
v 138.078339 3.416112 11.000000
v 138.998062 1.865723 11.000000
v 138.998062 1.865723 11.000000
v 140.364502 0.709501 11.000000
v 142.046280 0.078834 11.000000
v 158.261902 -6.247093 11.000000
v 158.153961 -6.264263 11.000000
v 142.363998 -9.846999 11.000001
v 142.363998 -9.846999 11.000001
v 161.134842 -8.753186 11.000001
v 163.013550 -5.770808 11.000000
v 163.013550 -5.770808 11.000000
v 162.655228 21.937763 10.999998
v 160.172577 24.447292 10.999998
v 160.172577 24.447292 10.999998
v 141.824554 24.816822 10.999998
v 138.856812 22.900188 10.999998
v 138.856812 22.900188 10.999998
v 137.763000 5.203001 11.000000
v 141.319901 20.068907 10.999998
v 141.374847 4.663261 11.000000
v 141.343948 4.765834 11.000000
v 137.763000 5.203001 11.000000
v 137.763000 5.203001 11.000000
v 138.998062 1.865723 11.000000
v 142.046280 0.078834 11.000000
v 158.261902 -6.247093 11.000000
v 142.363998 -9.846999 11.000001
v 163.013550 -5.770808 11.000000
v 138.856812 22.900188 10.999998
v 141.319901 20.068907 10.999998
v 141.343948 20.174166 10.999998
v 141.412628 4.563376 11.000000
v 141.374847 4.663261 11.000000
v 137.763000 5.203001 11.000000
v 158.367172 -6.223054 11.000000
v 158.261902 -6.247093 11.000000
v 163.013550 -5.770808 11.000000
v 138.856812 22.900188 10.999998
v 141.343948 20.174166 10.999998
v 141.374847 20.276739 10.999998
v 141.457260 4.466178 11.000000
v 141.412628 4.563376 11.000000
v 137.763000 5.203001 11.000000
v 158.469742 -6.192148 11.000000
v 158.367172 -6.223054 11.000000
v 163.013550 -5.770808 11.000000
v 138.856812 22.900188 10.999998
v 141.374847 20.276739 10.999998
v 141.412628 20.376625 10.999998
v 141.508774 4.371667 11.000000
v 141.457260 4.466178 11.000000
v 137.763000 5.203001 11.000000
v 158.569626 -6.154374 11.000000
v 158.469742 -6.192148 11.000000
v 163.013550 -5.770808 11.000000
v 138.856812 22.900188 10.999998
v 141.412628 20.376625 10.999998
v 141.457260 20.473824 10.999998
v 141.567154 4.279845 11.000000
v 141.508774 4.371667 11.000000
v 137.763000 5.203001 11.000000
v 158.666824 -6.109732 11.000000
v 158.569626 -6.154374 11.000000
v 163.013550 -5.770808 11.000000
v 138.856812 22.900188 10.999998
v 141.457260 20.473824 10.999998
v 141.508774 20.568333 10.999998
v 141.632401 4.190709 11.000000
v 141.567154 4.279845 11.000000
v 137.763000 5.203001 11.000000
v 158.761337 -6.058221 11.000000
v 158.666824 -6.109732 11.000000
v 163.013550 -5.770808 11.000000
v 138.856812 22.900188 10.999998
v 141.508774 20.568333 10.999998
v 141.567154 20.660156 10.999998
v 141.704514 4.104261 11.000000
v 141.632401 4.190709 11.000000
v 137.763000 5.203001 11.000000
v 158.853149 -5.999843 11.000000
v 158.761337 -6.058221 11.000000
v 163.013550 -5.770808 11.000000
v 138.856812 22.900188 10.999998
v 141.567154 20.660156 10.999998
v 141.632401 20.749292 10.999998
v 141.783493 4.020501 11.000000
v 141.704514 4.104261 11.000000
v 137.763000 5.203001 11.000000
v 158.942291 -5.934596 11.000000
v 158.853149 -5.999843 11.000000
v 163.013550 -5.770808 11.000000
v 138.856812 22.900188 10.999998
v 141.632401 20.749292 10.999998
v 141.704514 20.835739 10.999998
v 141.867264 3.941518 11.000000
v 141.783493 4.020501 11.000000
v 137.763000 5.203001 11.000000
v 159.028732 -5.862482 11.000000
v 158.942291 -5.934596 11.000000
v 163.013550 -5.770808 11.000000
v 138.856812 22.900188 10.999998
v 141.704514 20.835739 10.999998
v 141.783493 20.919500 10.999998
v 141.953705 3.869404 11.000000
v 141.867264 3.941518 11.000000
v 137.763000 5.203001 11.000000
v 159.112503 -5.783499 11.000000
v 159.028732 -5.862482 11.000000
v 163.013550 -5.770808 11.000000
v 138.856812 22.900188 10.999998
v 141.783493 20.919500 10.999998
v 141.867264 20.998482 10.999998
v 142.042847 3.804157 11.000000
v 141.953705 3.869404 11.000000
v 137.763000 5.203001 11.000000
v 159.191483 -5.699739 11.000000
v 159.112503 -5.783499 11.000000
v 163.013550 -5.770808 11.000000
v 138.856812 22.900188 10.999998
v 141.867264 20.998482 10.999998
v 141.953705 21.070597 10.999998
v 142.134674 3.745779 11.000000
v 142.042847 3.804157 11.000000
v 137.763000 5.203001 11.000000
v 159.263596 -5.613291 11.000000
v 159.191483 -5.699739 11.000000
v 163.013550 -5.770808 11.000000
v 138.856812 22.900188 10.999998
v 141.953705 21.070597 10.999998
v 142.042847 21.135843 10.999998
v 142.229172 3.694268 11.000000
v 142.134674 3.745779 11.000000
v 137.763000 5.203001 11.000000
v 159.328842 -5.524155 11.000000
v 159.263596 -5.613291 11.000000
v 163.013550 -5.770808 11.000000
v 138.856812 22.900188 10.999998
v 142.042847 21.135843 10.999998
v 142.134674 21.194221 10.999998
v 142.326370 3.649626 11.000000
v 142.229172 3.694268 11.000000
v 137.763000 5.203001 11.000000
v 159.387222 -5.432333 11.000000
v 159.328842 -5.524155 11.000000
v 163.013550 -5.770808 11.000000
v 138.856812 22.900188 10.999998
v 142.134674 21.194221 10.999998
v 142.229172 21.245733 10.999998
v 142.426254 3.611851 11.000000
v 142.326370 3.649626 11.000000
v 137.763000 5.203001 11.000000
v 159.438736 -5.337822 11.000000
v 159.387222 -5.432333 11.000000
v 163.013550 -5.770808 11.000000
v 138.856812 22.900188 10.999998
v 142.229172 21.245733 10.999998
v 142.326370 21.290375 10.999998
v 142.426254 3.611851 11.000000
v 137.763000 5.203001 11.000000
v 142.046280 0.078834 11.000000
v 159.483368 -5.240624 11.000000
v 159.438736 -5.337822 11.000000
v 163.013550 -5.770808 11.000000
v 138.856812 22.900188 10.999998
v 142.326370 21.290375 10.999998
v 142.426254 21.328150 10.999998
v 142.528839 3.580945 11.000000
v 142.426254 3.611851 11.000000
v 142.046280 0.078834 11.000000
v 159.521149 -5.140738 11.000000
v 159.483368 -5.240624 11.000000
v 163.013550 -5.770808 11.000000
v 138.856812 22.900188 10.999998
v 142.426254 21.328150 10.999998
v 142.528839 21.359056 10.999998
v 142.634094 3.556907 11.000000
v 142.528839 3.580945 11.000000
v 142.046280 0.078834 11.000000
v 159.552063 -5.038166 11.000000
v 159.521149 -5.140738 11.000000
v 163.013550 -5.770808 11.000000
v 138.856812 22.900188 10.999998
v 142.528839 21.359056 10.999998
v 142.634094 21.383093 10.999998
v 142.742035 3.539737 11.000000
v 142.634094 3.556907 11.000000
v 142.046280 0.078834 11.000000
v 159.576096 -4.932905 11.000000
v 159.552063 -5.038166 11.000000
v 163.013550 -5.770808 11.000000
v 160.172577 24.447292 10.999998
v 138.856812 22.900188 10.999998
v 142.634094 21.383093 10.999998
v 142.852676 3.529435 11.000000
v 142.742035 3.539737 11.000000
v 142.046280 0.078834 11.000000
v 159.593262 -4.824957 11.000000
v 159.576096 -4.932905 11.000000
v 163.013550 -5.770808 11.000000
v 160.172577 24.447292 10.999998
v 142.634094 21.383093 10.999998
v 142.742035 21.400265 10.999998
v 142.966003 3.526001 11.000000
v 142.852676 3.529435 11.000000
v 142.046280 0.078834 11.000000
v 159.603561 -4.714322 11.000000
v 159.593262 -4.824957 11.000000
v 163.013550 -5.770808 11.000000
v 160.172577 24.447292 10.999998
v 142.742035 21.400265 10.999998
v 142.852676 21.410566 10.999998
v 157.929993 3.526001 11.000000
v 142.966003 3.526001 11.000000
v 142.046280 0.078834 11.000000
v 159.606995 -4.600999 11.000000
v 159.603561 -4.714322 11.000000
v 163.013550 -5.770808 11.000000
v 160.172577 24.447292 10.999998
v 142.852676 21.410566 10.999998
v 142.966003 21.414000 10.999998
v 158.043320 3.529435 11.000000
v 157.929993 3.526001 11.000000
v 142.046280 0.078834 11.000000
v 159.606995 0.000001 11.000000
v 159.606995 -4.600999 11.000000
v 163.013550 -5.770808 11.000000
v 160.172577 24.447292 10.999998
v 142.966003 21.414000 10.999998
v 157.929993 21.414000 10.999998
v 158.153961 3.539737 11.000000
v 158.043320 3.529435 11.000000
v 142.046280 0.078834 11.000000
v 159.606995 0.000001 11.000000
v 163.013550 -5.770808 11.000000
v 160.172577 24.447292 10.999998
v 160.172577 24.447292 10.999998
v 157.929993 21.414000 10.999998
v 158.043320 21.410566 10.999998
v 158.261902 3.556907 11.000000
v 158.153961 3.539737 11.000000
v 142.046280 0.078834 11.000000
v 160.172577 24.447292 10.999998
v 158.043320 21.410566 10.999998
v 158.153961 21.400265 10.999998
v 158.261902 3.556907 11.000000
v 142.046280 0.078834 11.000000
v 159.606995 0.000001 11.000000
v 160.172577 24.447292 10.999998
v 158.153961 21.400265 10.999998
v 158.261902 21.383093 10.999998
v 158.367172 3.580945 11.000000
v 158.261902 3.556907 11.000000
v 159.606995 0.000001 11.000000
v 160.172577 24.447292 10.999998
v 158.261902 21.383093 10.999998
v 158.367172 21.359056 10.999998
v 158.469742 3.611851 11.000000
v 158.367172 3.580945 11.000000
v 159.606995 0.000001 11.000000
v 160.172577 24.447292 10.999998
v 158.367172 21.359056 10.999998
v 158.469742 21.328150 10.999998
v 158.569626 3.649626 11.000000
v 158.469742 3.611851 11.000000
v 159.606995 0.000001 11.000000
v 160.172577 24.447292 10.999998
v 158.469742 21.328150 10.999998
v 158.569626 21.290375 10.999998
v 158.666824 3.694268 11.000000
v 158.569626 3.649626 11.000000
v 159.606995 0.000001 11.000000
v 160.172577 24.447292 10.999998
v 158.569626 21.290375 10.999998
v 158.666824 21.245733 10.999998
v 158.761337 3.745779 11.000000
v 158.666824 3.694268 11.000000
v 159.606995 0.000001 11.000000
v 160.172577 24.447292 10.999998
v 158.666824 21.245733 10.999998
v 158.761337 21.194221 10.999998
v 158.853149 3.804157 11.000000
v 158.761337 3.745779 11.000000
v 159.606995 0.000001 11.000000
v 160.172577 24.447292 10.999998
v 158.761337 21.194221 10.999998
v 158.853149 21.135843 10.999998
v 158.942291 3.869404 11.000000
v 158.853149 3.804157 11.000000
v 159.606995 0.000001 11.000000
v 160.172577 24.447292 10.999998
v 158.853149 21.135843 10.999998
v 158.942291 21.070597 10.999998
v 159.028732 3.941518 11.000000
v 158.942291 3.869404 11.000000
v 159.606995 0.000001 11.000000
v 160.172577 24.447292 10.999998
v 158.942291 21.070597 10.999998
v 159.028732 20.998482 10.999998
v 159.112503 4.020501 11.000000
v 159.028732 3.941518 11.000000
v 159.606995 0.000001 11.000000
v 160.172577 24.447292 10.999998
v 159.028732 20.998482 10.999998
v 159.112503 20.919500 10.999998
v 159.191483 4.104261 11.000000
v 159.112503 4.020501 11.000000
v 159.606995 0.000001 11.000000
v 160.172577 24.447292 10.999998
v 159.112503 20.919500 10.999998
v 159.191483 20.835739 10.999998
v 159.263596 4.190709 11.000000
v 159.191483 4.104261 11.000000
v 159.606995 0.000001 11.000000
v 160.172577 24.447292 10.999998
v 159.191483 20.835739 10.999998
v 159.263596 20.749292 10.999998
v 159.328842 4.279845 11.000000
v 159.263596 4.190709 11.000000
v 159.606995 0.000001 11.000000
v 160.172577 24.447292 10.999998
v 159.263596 20.749292 10.999998
v 159.328842 20.660156 10.999998
v 159.387222 4.371667 11.000000
v 159.328842 4.279845 11.000000
v 159.606995 0.000001 11.000000
v 160.172577 24.447292 10.999998
v 159.328842 20.660156 10.999998
v 159.387222 20.568333 10.999998
v 159.438736 4.466178 11.000000
v 159.387222 4.371667 11.000000
v 159.606995 0.000001 11.000000
v 160.172577 24.447292 10.999998
v 159.387222 20.568333 10.999998
v 159.438736 20.473824 10.999998
v 159.483368 4.563376 11.000000
v 159.438736 4.466178 11.000000
v 159.606995 0.000001 11.000000
v 160.172577 24.447292 10.999998
v 159.438736 20.473824 10.999998
v 159.483368 20.376625 10.999998
v 159.521149 4.663261 11.000000
v 159.483368 4.563376 11.000000
v 159.606995 0.000001 11.000000
v 160.172577 24.447292 10.999998
v 159.483368 20.376625 10.999998
v 159.521149 20.276739 10.999998
v 159.552063 4.765834 11.000000
v 159.521149 4.663261 11.000000
v 159.606995 0.000001 11.000000
v 160.172577 24.447292 10.999998
v 159.521149 20.276739 10.999998
v 159.552063 20.174166 10.999998
v 159.576096 4.871095 11.000000
v 159.552063 4.765834 11.000000
v 159.606995 0.000001 11.000000
v 160.172577 24.447292 10.999998
v 159.552063 20.174166 10.999998
v 159.576096 20.068907 10.999998
v 159.593262 4.979043 11.000000
v 159.576096 4.871095 11.000000
v 159.606995 0.000001 11.000000
v 160.172577 24.447292 10.999998
v 159.576096 20.068907 10.999998
v 159.593262 19.960958 10.999998
v 159.603561 5.089678 11.000000
v 159.593262 4.979043 11.000000
v 159.606995 0.000001 11.000000
v 160.172577 24.447292 10.999998
v 159.593262 19.960958 10.999998
v 159.603561 19.850323 10.999998
v 159.606995 5.203001 11.000000
v 159.603561 5.089678 11.000000
v 159.606995 0.000001 11.000000
v 160.172577 24.447292 10.999998
v 159.603561 19.850323 10.999998
v 159.606995 19.737000 10.999998
v 159.606995 5.203001 11.000000
v 159.606995 0.000001 11.000000
v 160.172577 24.447292 10.999998
v 160.172577 24.447292 10.999998
v 159.606995 19.737000 10.999998
v 159.606995 5.203001 11.000000
v 157.929993 -9.847000 0.000001
v 158.171722 -9.842072 0.000001
v 157.929993 -9.846999 11.000001
v 158.171722 -9.842072 0.000001
v 158.171722 -9.842072 11.000001
v 157.929993 -9.846999 11.000001
v 158.171722 -9.842072 0.000001
v 158.409576 -9.827291 0.000001
v 158.171722 -9.842072 11.000001
v 158.409576 -9.827291 0.000001
v 158.409576 -9.827291 11.000001
v 158.171722 -9.842072 11.000001
v 158.409576 -9.827291 0.000001
v 158.643524 -9.802656 0.000001
v 158.409576 -9.827291 11.000001
v 158.643524 -9.802656 0.000001
v 158.643524 -9.802655 11.000001
v 158.409576 -9.827291 11.000001
v 158.643524 -9.802656 0.000001
v 158.873611 -9.768167 0.000001
v 158.643524 -9.802655 11.000001
v 158.873611 -9.768167 0.000001
v 158.873611 -9.768166 11.000001
v 158.643524 -9.802655 11.000001
v 158.873611 -9.768167 0.000001
v 159.099808 -9.723823 0.000001
v 158.873611 -9.768166 11.000001
v 159.099808 -9.723823 0.000001
v 159.099808 -9.723822 11.000001
v 158.873611 -9.768166 11.000001
v 159.099808 -9.723823 0.000001
v 159.322128 -9.669625 0.000001
v 159.099808 -9.723822 11.000001
v 159.322128 -9.669625 0.000001
v 159.322128 -9.669624 11.000001
v 159.099808 -9.723822 11.000001
v 159.322128 -9.669625 0.000001
v 159.540558 -9.605573 0.000001
v 159.322128 -9.669624 11.000001
v 159.540558 -9.605573 0.000001
v 159.540558 -9.605572 11.000001
v 159.322128 -9.669624 11.000001
v 159.540558 -9.605573 0.000001
v 159.755112 -9.531667 0.000001
v 159.540558 -9.605572 11.000001
v 159.755112 -9.531667 0.000001
v 159.755112 -9.531666 11.000001
v 159.540558 -9.605572 11.000001
v 159.755112 -9.531667 0.000001
v 159.965775 -9.447906 0.000001
v 159.755112 -9.531666 11.000001
v 159.965775 -9.447906 0.000001
v 159.965775 -9.447906 11.000001
v 159.755112 -9.531666 11.000001
v 159.965775 -9.447906 0.000001
v 160.172577 -9.354292 0.000001
v 159.965775 -9.447906 11.000001
v 160.172577 -9.354292 0.000001
v 160.172577 -9.354291 11.000001
v 159.965775 -9.447906 11.000001
v 160.172577 -9.354292 0.000001
v 160.375473 -9.250823 0.000001
v 160.172577 -9.354291 11.000001
v 160.375473 -9.250823 0.000001
v 160.375473 -9.250822 11.000001
v 160.172577 -9.354291 11.000001
v 160.375473 -9.250823 0.000001
v 160.574493 -9.137500 0.000001
v 160.375473 -9.250822 11.000001
v 160.574493 -9.137500 0.000001
v 160.574493 -9.137499 11.000001
v 160.375473 -9.250822 11.000001
v 160.574493 -9.137500 0.000001
v 160.768143 -9.015965 0.000001
v 160.574493 -9.137499 11.000001
v 160.768143 -9.015965 0.000001
v 160.768143 -9.015965 11.000001
v 160.574493 -9.137499 11.000001
v 160.768143 -9.015965 0.000001
v 160.954926 -8.887861 0.000001
v 160.768143 -9.015965 11.000001
v 160.954926 -8.887861 0.000001
v 160.954926 -8.887860 11.000001
v 160.768143 -9.015965 11.000001
v 160.954926 -8.887861 0.000001
v 161.134842 -8.753187 0.000001
v 160.954926 -8.887860 11.000001
v 161.134842 -8.753187 0.000001
v 161.134842 -8.753186 11.000001
v 160.954926 -8.887860 11.000001
v 161.134842 -8.753187 0.000001
v 161.307892 -8.611944 0.000001
v 161.134842 -8.753186 11.000001
v 161.307892 -8.611944 0.000001
v 161.307892 -8.611943 11.000001
v 161.134842 -8.753186 11.000001
v 161.307892 -8.611944 0.000001
v 161.474060 -8.464132 0.000001
v 161.307892 -8.611943 11.000001
v 161.474060 -8.464132 0.000001
v 161.474060 -8.464131 11.000001
v 161.307892 -8.611943 11.000001
v 161.474060 -8.464132 0.000001
v 161.633377 -8.309750 0.000001
v 161.474060 -8.464131 11.000001
v 161.633377 -8.309750 0.000001
v 161.633377 -8.309749 11.000001
v 161.474060 -8.464131 11.000001
v 161.633377 -8.309750 0.000001
v 161.785812 -8.148799 0.000001
v 161.633377 -8.309749 11.000001
v 161.785812 -8.148799 0.000001
v 161.785812 -8.148798 11.000001
v 161.633377 -8.309749 11.000001
v 161.785812 -8.148799 0.000001
v 161.931396 -7.981278 0.000001
v 161.785812 -8.148798 11.000001
v 161.931396 -7.981278 0.000001
v 161.931396 -7.981277 11.000001
v 161.785812 -8.148798 11.000001
v 161.931396 -7.981278 0.000001
v 162.070099 -7.807188 0.000001
v 161.931396 -7.981277 11.000001
v 162.070099 -7.807188 0.000001
v 162.070099 -7.807187 11.000001
v 161.931396 -7.981277 11.000001
v 162.070099 -7.807188 0.000001
v 162.201935 -7.626528 0.000001
v 162.070099 -7.807187 11.000001
v 162.201935 -7.626528 0.000001
v 162.201935 -7.626527 11.000001
v 162.070099 -7.807187 11.000001
v 162.201935 -7.626528 0.000001
v 162.326904 -7.439299 0.000001
v 162.201935 -7.626527 11.000001
v 162.326904 -7.439299 0.000001
v 162.326904 -7.439298 11.000001
v 162.201935 -7.626527 11.000001
v 162.326904 -7.439299 0.000001
v 162.445007 -7.245500 0.000001
v 162.326904 -7.439298 11.000001
v 162.445007 -7.245500 0.000001
v 162.445007 -7.245499 11.000001
v 162.326904 -7.439298 11.000001
v 162.445007 -7.245500 0.000001
v 162.554886 -7.046476 0.000001
v 162.445007 -7.245499 11.000001
v 162.554886 -7.046476 0.000001
v 162.554886 -7.046475 11.000001
v 162.445007 -7.245499 11.000001
v 162.554886 -7.046476 0.000001
v 162.655228 -6.843569 0.000001
v 162.554886 -7.046475 11.000001
v 162.655228 -6.843569 0.000001
v 162.655228 -6.843568 11.000001
v 162.554886 -7.046475 11.000001
v 162.655228 -6.843569 0.000001
v 162.746002 -6.636781 0.000001
v 162.655228 -6.843568 11.000001
v 162.746002 -6.636781 0.000001
v 162.746002 -6.636780 11.000001
v 162.655228 -6.843568 11.000001
v 162.746002 -6.636781 0.000001
v 162.827225 -6.426111 0.000000
v 162.746002 -6.636780 11.000001
v 162.827225 -6.426111 0.000000
v 162.827225 -6.426110 11.000001
v 162.746002 -6.636780 11.000001
v 162.827225 -6.426111 0.000000
v 162.898895 -6.211559 0.000000
v 162.827225 -6.426110 11.000001
v 162.898895 -6.211559 0.000000
v 162.898895 -6.211558 11.000000
v 162.827225 -6.426110 11.000001
v 162.898895 -6.211559 0.000000
v 162.960999 -5.993125 0.000000
v 162.898895 -6.211558 11.000000
v 162.960999 -5.993125 0.000000
v 162.960999 -5.993124 11.000000
v 162.898895 -6.211558 11.000000
v 162.960999 -5.993125 0.000000
v 163.013550 -5.770809 0.000000
v 162.960999 -5.993124 11.000000
v 163.013550 -5.770809 0.000000
v 163.013550 -5.770808 11.000000
v 162.960999 -5.993124 11.000000
v 163.013550 -5.770809 0.000000
v 163.056549 -5.544611 0.000000
v 163.013550 -5.770808 11.000000
v 163.056549 -5.544611 0.000000
v 163.056549 -5.544610 11.000000
v 163.013550 -5.770808 11.000000
v 163.056549 -5.544611 0.000000
v 163.089996 -5.314531 0.000000
v 163.056549 -5.544610 11.000000
v 163.089996 -5.314531 0.000000
v 163.089996 -5.314530 11.000000
v 163.056549 -5.544610 11.000000
v 163.089996 -5.314531 0.000000
v 163.113892 -5.080569 0.000000
v 163.089996 -5.314530 11.000000
v 163.113892 -5.080569 0.000000
v 163.113892 -5.080568 11.000000
v 163.089996 -5.314530 11.000000
v 163.113892 -5.080569 0.000000
v 163.128220 -4.842726 0.000000
v 163.113892 -5.080568 11.000000
v 163.128220 -4.842726 0.000000
v 163.128220 -4.842725 11.000000
v 163.113892 -5.080568 11.000000
v 163.128220 -4.842726 0.000000
v 163.132996 -4.601000 0.000000
v 163.128220 -4.842725 11.000000
v 163.132996 -4.601000 0.000000
v 163.132996 -4.600999 11.000000
v 163.128220 -4.842725 11.000000
v 163.132996 -4.601000 0.000000
v 163.132996 19.737000 -0.000001
v 163.132996 -4.600999 11.000000
v 163.132996 19.737000 -0.000001
v 163.132996 19.737000 10.999998
v 163.132996 -4.600999 11.000000
v 163.132996 19.737000 -0.000001
v 163.128220 19.971857 -0.000002
v 163.132996 19.737000 10.999998
v 163.128220 19.971857 -0.000002
v 163.128220 19.971857 10.999998
v 163.132996 19.737000 10.999998
v 163.128220 19.971857 -0.000002
v 163.113892 20.203430 -0.000002
v 163.128220 19.971857 10.999998
v 163.113892 20.203430 -0.000002
v 163.113892 20.203430 10.999998
v 163.128220 19.971857 10.999998
v 163.113892 20.203430 -0.000002
v 163.089996 20.431719 -0.000002
v 163.113892 20.203430 10.999998
v 163.089996 20.431719 -0.000002
v 163.089996 20.431719 10.999998
v 163.113892 20.203430 10.999998
v 163.089996 20.431719 -0.000002
v 163.056549 20.656723 -0.000002
v 163.089996 20.431719 10.999998
v 163.056549 20.656723 -0.000002
v 163.056549 20.656723 10.999998
v 163.089996 20.431719 10.999998
v 163.056549 20.656723 -0.000002
v 163.013550 20.878441 -0.000002
v 163.056549 20.656723 10.999998
v 163.013550 20.878441 -0.000002
v 163.013550 20.878441 10.999998
v 163.056549 20.656723 10.999998
v 163.013550 20.878441 -0.000002
v 162.960999 21.096874 -0.000002
v 163.013550 20.878441 10.999998
v 162.960999 21.096874 -0.000002
v 162.960999 21.096874 10.999998
v 163.013550 20.878441 10.999998
v 162.960999 21.096874 -0.000002
v 162.898895 21.312025 -0.000002
v 162.960999 21.096874 10.999998
v 162.898895 21.312025 -0.000002
v 162.898895 21.312025 10.999998
v 162.960999 21.096874 10.999998
v 162.898895 21.312025 -0.000002
v 162.827225 21.523890 -0.000002
v 162.898895 21.312025 10.999998
v 162.827225 21.523890 -0.000002
v 162.827225 21.523890 10.999998
v 162.898895 21.312025 10.999998
v 162.827225 21.523890 -0.000002
v 162.746002 21.732470 -0.000002
v 162.827225 21.523890 10.999998
v 162.746002 21.732470 -0.000002
v 162.746002 21.732470 10.999998
v 162.827225 21.523890 10.999998
v 162.746002 21.732470 -0.000002
v 162.655228 21.937763 -0.000002
v 162.746002 21.732470 10.999998
v 162.655228 21.937763 -0.000002
v 162.655228 21.937763 10.999998
v 162.746002 21.732470 10.999998
v 162.655228 21.937763 -0.000002
v 162.554886 22.139774 -0.000002
v 162.655228 21.937763 10.999998
v 162.554886 22.139774 -0.000002
v 162.554886 22.139774 10.999998
v 162.655228 21.937763 10.999998
v 162.554886 22.139774 -0.000002
v 162.445007 22.338499 -0.000002
v 162.554886 22.139774 10.999998
v 162.445007 22.338499 -0.000002
v 162.445007 22.338499 10.999998
v 162.554886 22.139774 10.999998
v 162.445007 22.338499 -0.000002
v 162.326904 22.532299 -0.000002
v 162.445007 22.338499 10.999998
v 162.326904 22.532299 -0.000002
v 162.326904 22.532299 10.999998
v 162.445007 22.338499 10.999998
v 162.326904 22.532299 -0.000002
v 162.201935 22.719528 -0.000002
v 162.326904 22.532299 10.999998
v 162.201935 22.719528 -0.000002
v 162.201935 22.719528 10.999998
v 162.326904 22.532299 10.999998
v 162.201935 22.719528 -0.000002
v 162.070099 22.900188 -0.000002
v 162.201935 22.719528 10.999998
v 162.070099 22.900188 -0.000002
v 162.070099 22.900188 10.999998
v 162.201935 22.719528 10.999998
v 162.070099 22.900188 -0.000002
v 161.931396 23.074278 -0.000002
v 162.070099 22.900188 10.999998
v 161.931396 23.074278 -0.000002
v 161.931396 23.074278 10.999998
v 162.070099 22.900188 10.999998
v 161.931396 23.074278 -0.000002
v 161.785812 23.241798 -0.000002
v 161.931396 23.074278 10.999998
v 161.785812 23.241798 -0.000002
v 161.785812 23.241798 10.999998
v 161.931396 23.074278 10.999998
v 161.785812 23.241798 -0.000002
v 161.633377 23.402750 -0.000002
v 161.785812 23.241798 10.999998
v 161.633377 23.402750 -0.000002
v 161.633377 23.402750 10.999998
v 161.785812 23.241798 10.999998
v 161.633377 23.402750 -0.000002
v 161.474060 23.557133 -0.000002
v 161.633377 23.402750 10.999998
v 161.474060 23.557133 -0.000002
v 161.474060 23.557133 10.999998
v 161.633377 23.402750 10.999998
v 161.474060 23.557133 -0.000002
v 161.307892 23.704945 -0.000002
v 161.474060 23.557133 10.999998
v 161.307892 23.704945 -0.000002
v 161.307892 23.704945 10.999998
v 161.474060 23.557133 10.999998
v 161.307892 23.704945 -0.000002
v 161.134842 23.846188 -0.000002
v 161.307892 23.704945 10.999998
v 161.134842 23.846188 -0.000002
v 161.134842 23.846188 10.999998
v 161.307892 23.704945 10.999998
v 161.134842 23.846188 -0.000002
v 160.954926 23.980862 -0.000002
v 161.134842 23.846188 10.999998
v 160.954926 23.980862 -0.000002
v 160.954926 23.980862 10.999998
v 161.134842 23.846188 10.999998
v 160.954926 23.980862 -0.000002
v 160.768143 24.108965 -0.000002
v 160.954926 23.980862 10.999998
v 160.768143 24.108965 -0.000002
v 160.768143 24.108965 10.999998
v 160.954926 23.980862 10.999998
v 160.768143 24.108965 -0.000002
v 160.574493 24.230499 -0.000002
v 160.768143 24.108965 10.999998
v 160.574493 24.230499 -0.000002
v 160.574493 24.230499 10.999998
v 160.768143 24.108965 10.999998
v 160.574493 24.230499 -0.000002
v 160.375473 24.343822 -0.000002
v 160.574493 24.230499 10.999998
v 160.375473 24.343822 -0.000002
v 160.375473 24.343822 10.999998
v 160.574493 24.230499 10.999998
v 160.375473 24.343822 -0.000002
v 160.172577 24.447292 -0.000002
v 160.375473 24.343822 10.999998
v 160.172577 24.447292 -0.000002
v 160.172577 24.447292 10.999998
v 160.375473 24.343822 10.999998
v 160.172577 24.447292 -0.000002
v 159.965775 24.540907 -0.000002
v 160.172577 24.447292 10.999998
v 159.965775 24.540907 -0.000002
v 159.965775 24.540907 10.999998
v 160.172577 24.447292 10.999998
v 159.965775 24.540907 -0.000002
v 159.755112 24.624666 -0.000002
v 159.965775 24.540907 10.999998
v 159.755112 24.624666 -0.000002
v 159.755112 24.624666 10.999998
v 159.965775 24.540907 10.999998
v 159.755112 24.624666 -0.000002
v 159.540558 24.698572 -0.000002
v 159.755112 24.624666 10.999998
v 159.540558 24.698572 -0.000002
v 159.540558 24.698572 10.999998
v 159.755112 24.624666 10.999998
v 159.540558 24.698572 -0.000002
v 159.322128 24.762625 -0.000002
v 159.540558 24.698572 10.999998
v 159.322128 24.762625 -0.000002
v 159.322128 24.762625 10.999998
v 159.540558 24.698572 10.999998
v 159.322128 24.762625 -0.000002
v 159.099808 24.816822 -0.000002
v 159.322128 24.762625 10.999998
v 159.099808 24.816822 -0.000002
v 159.099808 24.816822 10.999998
v 159.322128 24.762625 10.999998
v 159.099808 24.816822 -0.000002
v 158.873611 24.861166 -0.000002
v 159.099808 24.816822 10.999998
v 158.873611 24.861166 -0.000002
v 158.873611 24.861166 10.999998
v 159.099808 24.816822 10.999998
v 158.873611 24.861166 -0.000002
v 158.643524 24.895657 -0.000002
v 158.873611 24.861166 10.999998
v 158.643524 24.895657 -0.000002
v 158.643524 24.895657 10.999998
v 158.873611 24.861166 10.999998
v 158.643524 24.895657 -0.000002
v 158.409576 24.920292 -0.000002
v 158.643524 24.895657 10.999998
v 158.409576 24.920292 -0.000002
v 158.409576 24.920292 10.999998
v 158.643524 24.895657 10.999998
v 158.409576 24.920292 -0.000002
v 158.171722 24.935074 -0.000002
v 158.409576 24.920292 10.999998
v 158.171722 24.935074 -0.000002
v 158.171722 24.935074 10.999998
v 158.409576 24.920292 10.999998
v 158.171722 24.935074 -0.000002
v 157.929993 24.940001 -0.000002
v 158.171722 24.935074 10.999998
v 157.929993 24.940001 -0.000002
v 157.929993 24.940001 10.999998
v 158.171722 24.935074 10.999998
v 157.929993 24.940001 -0.000002
v 142.966003 24.940001 -0.000002
v 157.929993 24.940001 10.999998
v 142.966003 24.940001 -0.000002
v 142.966003 24.940001 10.999998
v 157.929993 24.940001 10.999998
v 142.966003 24.940001 -0.000002
v 142.731140 24.935074 -0.000002
v 142.966003 24.940001 10.999998
v 142.731140 24.935074 -0.000002
v 142.731140 24.935074 10.999998
v 142.966003 24.940001 10.999998
v 142.731140 24.935074 -0.000002
v 142.499573 24.920292 -0.000002
v 142.731140 24.935074 10.999998
v 142.499573 24.920292 -0.000002
v 142.499573 24.920292 10.999998
v 142.731140 24.935074 10.999998
v 142.499573 24.920292 -0.000002
v 142.271286 24.895657 -0.000002
v 142.499573 24.920292 10.999998
v 142.271286 24.895657 -0.000002
v 142.271286 24.895657 10.999998
v 142.499573 24.920292 10.999998
v 142.271286 24.895657 -0.000002
v 142.046280 24.861166 -0.000002
v 142.271286 24.895657 10.999998
v 142.046280 24.861166 -0.000002
v 142.046280 24.861166 10.999998
v 142.271286 24.895657 10.999998
v 142.046280 24.861166 -0.000002
v 141.824554 24.816822 -0.000002
v 142.046280 24.861166 10.999998
v 141.824554 24.816822 -0.000002
v 141.824554 24.816822 10.999998
v 142.046280 24.861166 10.999998
v 141.824554 24.816822 -0.000002
v 141.606125 24.762625 -0.000002
v 141.824554 24.816822 10.999998
v 141.606125 24.762625 -0.000002
v 141.606125 24.762625 10.999998
v 141.824554 24.816822 10.999998
v 141.606125 24.762625 -0.000002
v 141.390976 24.698572 -0.000002
v 141.606125 24.762625 10.999998
v 141.390976 24.698572 -0.000002
v 141.390976 24.698572 10.999998
v 141.606125 24.762625 10.999998
v 141.390976 24.698572 -0.000002
v 141.179108 24.624666 -0.000002
v 141.390976 24.698572 10.999998
v 141.179108 24.624666 -0.000002
v 141.179108 24.624666 10.999998
v 141.390976 24.698572 10.999998
v 141.179108 24.624666 -0.000002
v 140.970535 24.540907 -0.000002
v 141.179108 24.624666 10.999998
v 140.970535 24.540907 -0.000002
v 140.970535 24.540907 10.999998
v 141.179108 24.624666 10.999998
v 140.970535 24.540907 -0.000002
v 140.765244 24.447292 -0.000002
v 140.970535 24.540907 10.999998
v 140.765244 24.447292 -0.000002
v 140.765244 24.447292 10.999998
v 140.970535 24.540907 10.999998
v 140.765244 24.447292 -0.000002
v 140.563232 24.343822 -0.000002
v 140.765244 24.447292 10.999998
v 140.563232 24.343822 -0.000002
v 140.563232 24.343822 10.999998
v 140.765244 24.447292 10.999998
v 140.563232 24.343822 -0.000002
v 140.364502 24.230499 -0.000002
v 140.563232 24.343822 10.999998
v 140.364502 24.230499 -0.000002
v 140.364502 24.230499 10.999998
v 140.563232 24.343822 10.999998
v 140.364502 24.230499 -0.000002
v 140.170700 24.108965 -0.000002
v 140.364502 24.230499 10.999998
v 140.170700 24.108965 -0.000002
v 140.170700 24.108965 10.999998
v 140.364502 24.230499 10.999998
v 140.170700 24.108965 -0.000002
v 139.983475 23.980862 -0.000002
v 140.170700 24.108965 10.999998
v 139.983475 23.980862 -0.000002
v 139.983475 23.980862 10.999998
v 140.170700 24.108965 10.999998
v 139.983475 23.980862 -0.000002
v 139.802811 23.846188 -0.000002
v 139.983475 23.980862 10.999998
v 139.802811 23.846188 -0.000002
v 139.802811 23.846188 10.999998
v 139.983475 23.980862 10.999998
v 139.802811 23.846188 -0.000002
v 139.628723 23.704945 -0.000002
v 139.802811 23.846188 10.999998
v 139.628723 23.704945 -0.000002
v 139.628723 23.704945 10.999998
v 139.802811 23.846188 10.999998
v 139.628723 23.704945 -0.000002
v 139.461197 23.557133 -0.000002
v 139.628723 23.704945 10.999998
v 139.461197 23.557133 -0.000002
v 139.461197 23.557133 10.999998
v 139.628723 23.704945 10.999998
v 139.461197 23.557133 -0.000002
v 139.300247 23.402750 -0.000002
v 139.461197 23.557133 10.999998
v 139.300247 23.402750 -0.000002
v 139.300247 23.402750 10.999998
v 139.461197 23.557133 10.999998
v 139.300247 23.402750 -0.000002
v 139.145874 23.241798 -0.000002
v 139.300247 23.402750 10.999998
v 139.145874 23.241798 -0.000002
v 139.145874 23.241798 10.999998
v 139.300247 23.402750 10.999998
v 139.145874 23.241798 -0.000002
v 138.998062 23.074278 -0.000002
v 139.145874 23.241798 10.999998
v 138.998062 23.074278 -0.000002
v 138.998062 23.074278 10.999998
v 139.145874 23.241798 10.999998
v 138.998062 23.074278 -0.000002
v 138.856812 22.900188 -0.000002
v 138.998062 23.074278 10.999998
v 138.856812 22.900188 -0.000002
v 138.856812 22.900188 10.999998
v 138.998062 23.074278 10.999998
v 138.856812 22.900188 -0.000002
v 138.722137 22.719528 -0.000002
v 138.856812 22.900188 10.999998
v 138.722137 22.719528 -0.000002
v 138.722137 22.719528 10.999998
v 138.856812 22.900188 10.999998
v 138.722137 22.719528 -0.000002
v 138.594040 22.532299 -0.000002
v 138.722137 22.719528 10.999998
v 138.594040 22.532299 -0.000002
v 138.594040 22.532299 10.999998
v 138.722137 22.719528 10.999998
v 138.594040 22.532299 -0.000002
v 138.472504 22.338499 -0.000002
v 138.594040 22.532299 10.999998
v 138.472504 22.338499 -0.000002
v 138.472504 22.338499 10.999998
v 138.594040 22.532299 10.999998
v 138.472504 22.338499 -0.000002
v 138.359177 22.139774 -0.000002
v 138.472504 22.338499 10.999998
v 138.359177 22.139774 -0.000002
v 138.359177 22.139774 10.999998
v 138.472504 22.338499 10.999998
v 138.359177 22.139774 -0.000002
v 138.255707 21.937763 -0.000002
v 138.359177 22.139774 10.999998
v 138.255707 21.937763 -0.000002
v 138.255707 21.937763 10.999998
v 138.359177 22.139774 10.999998
v 138.255707 21.937763 -0.000002
v 138.162094 21.732470 -0.000002
v 138.255707 21.937763 10.999998
v 138.162094 21.732470 -0.000002
v 138.162094 21.732470 10.999998
v 138.255707 21.937763 10.999998
v 138.162094 21.732470 -0.000002
v 138.078339 21.523890 -0.000002
v 138.162094 21.732470 10.999998
v 138.078339 21.523890 -0.000002
v 138.078339 21.523890 10.999998
v 138.162094 21.732470 10.999998
v 138.078339 21.523890 -0.000002
v 138.004425 21.312025 -0.000002
v 138.078339 21.523890 10.999998
v 138.004425 21.312025 -0.000002
v 138.004425 21.312025 10.999998
v 138.078339 21.523890 10.999998
v 138.004425 21.312025 -0.000002
v 137.940369 21.096874 -0.000002
v 138.004425 21.312025 10.999998
v 137.940369 21.096874 -0.000002
v 137.940369 21.096874 10.999998
v 138.004425 21.312025 10.999998
v 137.940369 21.096874 -0.000002
v 137.886185 20.878441 -0.000002
v 137.940369 21.096874 10.999998
v 137.886185 20.878441 -0.000002
v 137.886185 20.878441 10.999998
v 137.940369 21.096874 10.999998
v 137.886185 20.878441 -0.000002
v 137.841827 20.656723 -0.000002
v 137.886185 20.878441 10.999998
v 137.841827 20.656723 -0.000002
v 137.841827 20.656723 10.999998
v 137.886185 20.878441 10.999998
v 137.841827 20.656723 -0.000002
v 137.807343 20.431719 -0.000002
v 137.841827 20.656723 10.999998
v 137.807343 20.431719 -0.000002
v 137.807343 20.431719 10.999998
v 137.841827 20.656723 10.999998
v 137.807343 20.431719 -0.000002
v 137.782715 20.203430 -0.000002
v 137.807343 20.431719 10.999998
v 137.782715 20.203430 -0.000002
v 137.782715 20.203430 10.999998
v 137.807343 20.431719 10.999998
v 137.782715 20.203430 -0.000002
v 137.767929 19.971857 -0.000002
v 137.782715 20.203430 10.999998
v 137.767929 19.971857 -0.000002
v 137.767929 19.971857 10.999998
v 137.782715 20.203430 10.999998
v 137.767929 19.971857 -0.000002
v 137.763000 19.737000 -0.000001
v 137.767929 19.971857 10.999998
v 137.763000 19.737000 -0.000001
v 137.763000 19.737000 10.999998
v 137.767929 19.971857 10.999998
v 137.763000 19.737000 -0.000001
v 137.763000 5.203000 -0.000000
v 137.763000 19.737000 10.999998
v 137.763000 5.203000 -0.000000
v 137.763000 5.203001 11.000000
v 137.763000 19.737000 10.999998
v 137.763000 5.203000 -0.000000
v 137.767929 4.968143 -0.000000
v 137.763000 5.203001 11.000000
v 137.767929 4.968143 -0.000000
v 137.767929 4.968143 11.000000
v 137.763000 5.203001 11.000000
v 137.767929 4.968143 -0.000000
v 137.782715 4.736569 -0.000000
v 137.767929 4.968143 11.000000
v 137.782715 4.736569 -0.000000
v 137.782715 4.736570 11.000000
v 137.767929 4.968143 11.000000
v 137.782715 4.736569 -0.000000
v 137.807343 4.508281 -0.000000
v 137.782715 4.736570 11.000000
v 137.807343 4.508281 -0.000000
v 137.807343 4.508282 11.000000
v 137.782715 4.736570 11.000000
v 137.807343 4.508281 -0.000000
v 137.841827 4.283278 -0.000000
v 137.807343 4.508282 11.000000
v 137.841827 4.283278 -0.000000
v 137.841827 4.283279 11.000000
v 137.807343 4.508282 11.000000
v 137.841827 4.283278 -0.000000
v 137.886185 4.061559 -0.000000
v 137.841827 4.283279 11.000000
v 137.886185 4.061559 -0.000000
v 137.886185 4.061560 11.000000
v 137.841827 4.283279 11.000000
v 137.886185 4.061559 -0.000000
v 137.940369 3.843125 -0.000000
v 137.886185 4.061560 11.000000
v 137.940369 3.843125 -0.000000
v 137.940369 3.843126 11.000000
v 137.886185 4.061560 11.000000
v 137.940369 3.843125 -0.000000
v 138.004425 3.627976 -0.000000
v 137.940369 3.843126 11.000000
v 138.004425 3.627976 -0.000000
v 138.004425 3.627976 11.000000
v 137.940369 3.843126 11.000000
v 138.004425 3.627976 -0.000000
v 138.078339 3.416111 -0.000000
v 138.004425 3.627976 11.000000
v 138.078339 3.416111 -0.000000
v 138.078339 3.416112 11.000000
v 138.004425 3.627976 11.000000
v 138.078339 3.416111 -0.000000
v 138.162094 3.207531 -0.000000
v 138.078339 3.416112 11.000000
v 138.162094 3.207531 -0.000000
v 138.162094 3.207532 11.000000
v 138.078339 3.416112 11.000000
v 138.162094 3.207531 -0.000000
v 138.255707 3.002236 -0.000000
v 138.162094 3.207532 11.000000
v 138.255707 3.002236 -0.000000
v 138.255707 3.002237 11.000000
v 138.162094 3.207532 11.000000
v 138.255707 3.002236 -0.000000
v 138.359177 2.800226 -0.000000
v 138.255707 3.002237 11.000000
v 138.359177 2.800226 -0.000000
v 138.359177 2.800226 11.000000
v 138.255707 3.002237 11.000000
v 138.359177 2.800226 -0.000000
v 138.472504 2.601500 -0.000000
v 138.359177 2.800226 11.000000
v 138.472504 2.601500 -0.000000
v 138.472504 2.601501 11.000000
v 138.359177 2.800226 11.000000
v 138.472504 2.601500 -0.000000
v 138.594040 2.407701 -0.000000
v 138.472504 2.601501 11.000000
v 138.594040 2.407701 -0.000000
v 138.594040 2.407702 11.000000
v 138.472504 2.601501 11.000000
v 138.594040 2.407701 -0.000000
v 138.722137 2.220472 -0.000000
v 138.594040 2.407702 11.000000
v 138.722137 2.220472 -0.000000
v 138.722137 2.220473 11.000000
v 138.594040 2.407702 11.000000
v 138.722137 2.220472 -0.000000
v 138.856812 2.039813 -0.000000
v 138.722137 2.220473 11.000000
v 138.856812 2.039813 -0.000000
v 138.856812 2.039813 11.000000
v 138.722137 2.220473 11.000000
v 138.856812 2.039813 -0.000000
v 138.998062 1.865722 -0.000000
v 138.856812 2.039813 11.000000
v 138.998062 1.865722 -0.000000
v 138.998062 1.865723 11.000000
v 138.856812 2.039813 11.000000
v 138.998062 1.865722 -0.000000
v 139.145874 1.698201 -0.000000
v 138.998062 1.865723 11.000000
v 139.145874 1.698201 -0.000000
v 139.145874 1.698202 11.000000
v 138.998062 1.865723 11.000000
v 139.145874 1.698201 -0.000000
v 139.300247 1.537250 -0.000000
v 139.145874 1.698202 11.000000
v 139.300247 1.537250 -0.000000
v 139.300247 1.537251 11.000000
v 139.145874 1.698202 11.000000
v 139.300247 1.537250 -0.000000
v 139.461197 1.382868 -0.000000
v 139.300247 1.537251 11.000000
v 139.461197 1.382868 -0.000000
v 139.461197 1.382869 11.000000
v 139.300247 1.537251 11.000000
v 139.461197 1.382868 -0.000000
v 139.628723 1.235056 -0.000000
v 139.461197 1.382869 11.000000
v 139.628723 1.235056 -0.000000
v 139.628723 1.235056 11.000000
v 139.461197 1.382869 11.000000
v 139.628723 1.235056 -0.000000
v 139.802811 1.093812 -0.000000
v 139.628723 1.235056 11.000000
v 139.802811 1.093812 -0.000000
v 139.802811 1.093813 11.000000
v 139.628723 1.235056 11.000000
v 139.802811 1.093812 -0.000000
v 139.983475 0.959139 -0.000000
v 139.802811 1.093813 11.000000
v 139.983475 0.959139 -0.000000
v 139.983475 0.959140 11.000000
v 139.802811 1.093813 11.000000
v 139.983475 0.959139 -0.000000
v 140.170700 0.831035 -0.000000
v 139.983475 0.959140 11.000000
v 140.170700 0.831035 -0.000000
v 140.170700 0.831036 11.000000
v 139.983475 0.959140 11.000000
v 140.170700 0.831035 -0.000000
v 140.364502 0.709500 -0.000000
v 140.170700 0.831036 11.000000
v 140.364502 0.709500 -0.000000
v 140.364502 0.709501 11.000000
v 140.170700 0.831036 11.000000
v 140.364502 0.709500 -0.000000
v 140.563232 0.596177 -0.000000
v 140.364502 0.709501 11.000000
v 140.563232 0.596177 -0.000000
v 140.563232 0.596178 11.000000
v 140.364502 0.709501 11.000000
v 140.563232 0.596177 -0.000000
v 140.765244 0.492708 -0.000000
v 140.563232 0.596178 11.000000
v 140.765244 0.492708 -0.000000
v 140.765244 0.492709 11.000000
v 140.563232 0.596178 11.000000
v 140.765244 0.492708 -0.000000
v 140.970535 0.399094 -0.000000
v 140.765244 0.492709 11.000000
v 140.970535 0.399094 -0.000000
v 140.970535 0.399095 11.000000
v 140.765244 0.492709 11.000000
v 140.970535 0.399094 -0.000000
v 141.179108 0.315333 -0.000000
v 140.970535 0.399095 11.000000
v 141.179108 0.315333 -0.000000
v 141.179108 0.315334 11.000000
v 140.970535 0.399095 11.000000
v 141.179108 0.315333 -0.000000
v 141.390976 0.241427 -0.000000
v 141.179108 0.315334 11.000000
v 141.390976 0.241427 -0.000000
v 141.390976 0.241428 11.000000
v 141.179108 0.315334 11.000000
v 141.390976 0.241427 -0.000000
v 141.606125 0.177375 -0.000000
v 141.390976 0.241428 11.000000
v 141.606125 0.177375 -0.000000
v 141.606125 0.177376 11.000000
v 141.390976 0.241428 11.000000
v 141.606125 0.177375 -0.000000
v 141.824554 0.123177 -0.000000
v 141.606125 0.177376 11.000000
v 141.824554 0.123177 -0.000000
v 141.824554 0.123178 11.000000
v 141.606125 0.177376 11.000000
v 141.824554 0.123177 -0.000000
v 142.046280 0.078833 -0.000000
v 141.824554 0.123178 11.000000
v 142.046280 0.078833 -0.000000
v 142.046280 0.078834 11.000000
v 141.824554 0.123178 11.000000
v 142.046280 0.078833 -0.000000
v 142.271286 0.044344 -0.000000
v 142.046280 0.078834 11.000000
v 142.271286 0.044344 -0.000000
v 142.271286 0.044345 11.000000
v 142.046280 0.078834 11.000000
v 142.271286 0.044344 -0.000000
v 142.499573 0.019708 -0.000000
v 142.271286 0.044345 11.000000
v 142.499573 0.019708 -0.000000
v 142.499573 0.019709 11.000000
v 142.271286 0.044345 11.000000
v 142.499573 0.019708 -0.000000
v 142.731140 0.004927 -0.000000
v 142.499573 0.019709 11.000000
v 142.731140 0.004927 -0.000000
v 142.731140 0.004928 11.000000
v 142.499573 0.019709 11.000000
v 142.731140 0.004927 -0.000000
v 142.966003 0.000000 0.000000
v 142.731140 0.004928 11.000000
v 142.966003 0.000000 0.000000
v 142.966003 0.000001 11.000000
v 142.731140 0.004928 11.000000
v 142.966003 0.000000 0.000000
v 159.606995 0.000000 0.000000
v 142.966003 0.000001 11.000000
v 159.606995 0.000000 0.000000
v 159.606995 0.000001 11.000000
v 142.966003 0.000001 11.000000
v 159.606995 0.000000 0.000000
v 159.606995 -4.601000 0.000000
v 159.606995 0.000001 11.000000
v 159.606995 -4.601000 0.000000
v 159.606995 -4.600999 11.000000
v 159.606995 0.000001 11.000000
v 159.606995 -4.601000 0.000000
v 159.603561 -4.714323 0.000000
v 159.606995 -4.600999 11.000000
v 159.603561 -4.714323 0.000000
v 159.603561 -4.714322 11.000000
v 159.606995 -4.600999 11.000000
v 159.603561 -4.714323 0.000000
v 159.593262 -4.824958 0.000000
v 159.603561 -4.714322 11.000000
v 159.593262 -4.824958 0.000000
v 159.593262 -4.824957 11.000000
v 159.603561 -4.714322 11.000000
v 159.593262 -4.824958 0.000000
v 159.576096 -4.932906 0.000000
v 159.593262 -4.824957 11.000000
v 159.576096 -4.932906 0.000000
v 159.576096 -4.932905 11.000000
v 159.593262 -4.824957 11.000000
v 159.576096 -4.932906 0.000000
v 159.552063 -5.038167 0.000000
v 159.576096 -4.932905 11.000000
v 159.552063 -5.038167 0.000000
v 159.552063 -5.038166 11.000000
v 159.576096 -4.932905 11.000000
v 159.552063 -5.038167 0.000000
v 159.521149 -5.140739 0.000000
v 159.552063 -5.038166 11.000000
v 159.521149 -5.140739 0.000000
v 159.521149 -5.140738 11.000000
v 159.552063 -5.038166 11.000000
v 159.521149 -5.140739 0.000000
v 159.483368 -5.240625 0.000000
v 159.521149 -5.140738 11.000000
v 159.483368 -5.240625 0.000000
v 159.483368 -5.240624 11.000000
v 159.521149 -5.140738 11.000000
v 159.483368 -5.240625 0.000000
v 159.438736 -5.337823 0.000000
v 159.483368 -5.240624 11.000000
v 159.438736 -5.337823 0.000000
v 159.438736 -5.337822 11.000000
v 159.483368 -5.240624 11.000000
v 159.438736 -5.337823 0.000000
v 159.387222 -5.432333 0.000000
v 159.438736 -5.337822 11.000000
v 159.387222 -5.432333 0.000000
v 159.387222 -5.432333 11.000000
v 159.438736 -5.337822 11.000000
v 159.387222 -5.432333 0.000000
v 159.328842 -5.524156 0.000000
v 159.387222 -5.432333 11.000000
v 159.328842 -5.524156 0.000000
v 159.328842 -5.524155 11.000000
v 159.387222 -5.432333 11.000000
v 159.328842 -5.524156 0.000000
v 159.263596 -5.613292 0.000000
v 159.328842 -5.524155 11.000000
v 159.263596 -5.613292 0.000000
v 159.263596 -5.613291 11.000000
v 159.328842 -5.524155 11.000000
v 159.263596 -5.613292 0.000000
v 159.191483 -5.699739 0.000000
v 159.263596 -5.613291 11.000000
v 159.191483 -5.699739 0.000000
v 159.191483 -5.699739 11.000000
v 159.263596 -5.613291 11.000000
v 159.191483 -5.699739 0.000000
v 159.112503 -5.783500 0.000000
v 159.191483 -5.699739 11.000000
v 159.112503 -5.783500 0.000000
v 159.112503 -5.783499 11.000000
v 159.191483 -5.699739 11.000000
v 159.112503 -5.783500 0.000000
v 159.028732 -5.862483 0.000000
v 159.112503 -5.783499 11.000000
v 159.028732 -5.862483 0.000000
v 159.028732 -5.862482 11.000000
v 159.112503 -5.783499 11.000000
v 159.028732 -5.862483 0.000000
v 158.942291 -5.934597 0.000000
v 159.028732 -5.862482 11.000000
v 158.942291 -5.934597 0.000000
v 158.942291 -5.934596 11.000000
v 159.028732 -5.862482 11.000000
v 158.942291 -5.934597 0.000000
v 158.853149 -5.999844 0.000000
v 158.942291 -5.934596 11.000000
v 158.853149 -5.999844 0.000000
v 158.853149 -5.999843 11.000000
v 158.942291 -5.934596 11.000000
v 158.853149 -5.999844 0.000000
v 158.761337 -6.058222 0.000000
v 158.853149 -5.999843 11.000000
v 158.761337 -6.058222 0.000000
v 158.761337 -6.058221 11.000000
v 158.853149 -5.999843 11.000000
v 158.761337 -6.058222 0.000000
v 158.666824 -6.109733 0.000000
v 158.761337 -6.058221 11.000000
v 158.666824 -6.109733 0.000000
v 158.666824 -6.109732 11.000000
v 158.761337 -6.058221 11.000000
v 158.666824 -6.109733 0.000000
v 158.569626 -6.154375 0.000000
v 158.666824 -6.109732 11.000000
v 158.569626 -6.154375 0.000000
v 158.569626 -6.154374 11.000000
v 158.666824 -6.109732 11.000000
v 158.569626 -6.154375 0.000000
v 158.469742 -6.192149 0.000000
v 158.569626 -6.154374 11.000000
v 158.469742 -6.192149 0.000000
v 158.469742 -6.192148 11.000000
v 158.569626 -6.154374 11.000000
v 158.469742 -6.192149 0.000000
v 158.367172 -6.223055 0.000000
v 158.469742 -6.192148 11.000000
v 158.367172 -6.223055 0.000000
v 158.367172 -6.223054 11.000000
v 158.469742 -6.192148 11.000000
v 158.367172 -6.223055 0.000000
v 158.261902 -6.247094 0.000000
v 158.367172 -6.223054 11.000000
v 158.261902 -6.247094 0.000000
v 158.261902 -6.247093 11.000000
v 158.367172 -6.223054 11.000000
v 158.261902 -6.247094 0.000000
v 158.153961 -6.264264 0.000000
v 158.261902 -6.247093 11.000000
v 158.153961 -6.264264 0.000000
v 158.153961 -6.264263 11.000000
v 158.261902 -6.247093 11.000000
v 158.153961 -6.264264 0.000000
v 158.043320 -6.274566 0.000000
v 158.153961 -6.264263 11.000000
v 158.043320 -6.274566 0.000000
v 158.043320 -6.274565 11.000000
v 158.153961 -6.264263 11.000000
v 158.043320 -6.274566 0.000000
v 157.929993 -6.278000 0.000000
v 158.043320 -6.274565 11.000000
v 157.929993 -6.278000 0.000000
v 157.929993 -6.277999 11.000000
v 158.043320 -6.274565 11.000000
v 157.929993 -6.278000 0.000000
v 142.363998 -6.278000 0.000000
v 157.929993 -6.277999 11.000000
v 142.363998 -6.278000 0.000000
v 142.363998 -6.277999 11.000000
v 157.929993 -6.277999 11.000000
v 142.363998 -6.278000 0.000000
v 142.363998 -9.847000 0.000001
v 142.363998 -6.277999 11.000000
v 142.363998 -9.847000 0.000001
v 142.363998 -9.846999 11.000001
v 142.363998 -6.277999 11.000000
v 142.363998 -9.847000 0.000001
v 157.929993 -9.847000 0.000001
v 142.363998 -9.846999 11.000001
v 157.929993 -9.847000 0.000001
v 157.929993 -9.846999 11.000001
v 142.363998 -9.846999 11.000001
v 142.852676 3.529434 -0.000000
v 142.742035 3.539736 -0.000000
v 142.852676 3.529435 11.000000
v 142.742035 3.539736 -0.000000
v 142.742035 3.539737 11.000000
v 142.852676 3.529435 11.000000
v 142.742035 3.539736 -0.000000
v 142.634094 3.556906 -0.000000
v 142.742035 3.539737 11.000000
v 142.634094 3.556906 -0.000000
v 142.634094 3.556907 11.000000
v 142.742035 3.539737 11.000000
v 142.634094 3.556906 -0.000000
v 142.528839 3.580945 -0.000000
v 142.634094 3.556907 11.000000
v 142.528839 3.580945 -0.000000
v 142.528839 3.580945 11.000000
v 142.634094 3.556907 11.000000
v 142.528839 3.580945 -0.000000
v 142.426254 3.611851 -0.000000
v 142.528839 3.580945 11.000000
v 142.426254 3.611851 -0.000000
v 142.426254 3.611851 11.000000
v 142.528839 3.580945 11.000000
v 142.426254 3.611851 -0.000000
v 142.326370 3.649625 -0.000000
v 142.426254 3.611851 11.000000
v 142.326370 3.649625 -0.000000
v 142.326370 3.649626 11.000000
v 142.426254 3.611851 11.000000
v 142.326370 3.649625 -0.000000
v 142.229172 3.694267 -0.000000
v 142.326370 3.649626 11.000000
v 142.229172 3.694267 -0.000000
v 142.229172 3.694268 11.000000
v 142.326370 3.649626 11.000000
v 142.229172 3.694267 -0.000000
v 142.134674 3.745778 -0.000000
v 142.229172 3.694268 11.000000
v 142.134674 3.745778 -0.000000
v 142.134674 3.745779 11.000000
v 142.229172 3.694268 11.000000
v 142.134674 3.745778 -0.000000
v 142.042847 3.804156 -0.000000
v 142.134674 3.745779 11.000000
v 142.042847 3.804156 -0.000000
v 142.042847 3.804157 11.000000
v 142.134674 3.745779 11.000000
v 142.042847 3.804156 -0.000000
v 141.953705 3.869403 -0.000000
v 142.042847 3.804157 11.000000
v 141.953705 3.869403 -0.000000
v 141.953705 3.869404 11.000000
v 142.042847 3.804157 11.000000
v 141.953705 3.869403 -0.000000
v 141.867264 3.941517 -0.000000
v 141.953705 3.869404 11.000000
v 141.867264 3.941517 -0.000000
v 141.867264 3.941518 11.000000
v 141.953705 3.869404 11.000000
v 141.867264 3.941517 -0.000000
v 141.783493 4.020500 -0.000000
v 141.867264 3.941518 11.000000
v 141.783493 4.020500 -0.000000
v 141.783493 4.020501 11.000000
v 141.867264 3.941518 11.000000
v 141.783493 4.020500 -0.000000
v 141.704514 4.104260 -0.000000
v 141.783493 4.020501 11.000000
v 141.704514 4.104260 -0.000000
v 141.704514 4.104261 11.000000
v 141.783493 4.020501 11.000000
v 141.704514 4.104260 -0.000000
v 141.632401 4.190708 -0.000000
v 141.704514 4.104261 11.000000
v 141.632401 4.190708 -0.000000
v 141.632401 4.190709 11.000000
v 141.704514 4.104261 11.000000
v 141.632401 4.190708 -0.000000
v 141.567154 4.279844 -0.000000
v 141.632401 4.190709 11.000000
v 141.567154 4.279844 -0.000000
v 141.567154 4.279845 11.000000
v 141.632401 4.190709 11.000000
v 141.567154 4.279844 -0.000000
v 141.508774 4.371666 -0.000000
v 141.567154 4.279845 11.000000
v 141.508774 4.371666 -0.000000
v 141.508774 4.371667 11.000000
v 141.567154 4.279845 11.000000
v 141.508774 4.371666 -0.000000
v 141.457260 4.466177 -0.000000
v 141.508774 4.371667 11.000000
v 141.457260 4.466177 -0.000000
v 141.457260 4.466178 11.000000
v 141.508774 4.371667 11.000000
v 141.457260 4.466177 -0.000000
v 141.412628 4.563375 -0.000000
v 141.457260 4.466178 11.000000
v 141.412628 4.563375 -0.000000
v 141.412628 4.563376 11.000000
v 141.457260 4.466178 11.000000
v 141.412628 4.563375 -0.000000
v 141.374847 4.663260 -0.000000
v 141.412628 4.563376 11.000000
v 141.374847 4.663260 -0.000000
v 141.374847 4.663261 11.000000
v 141.412628 4.563376 11.000000
v 141.374847 4.663260 -0.000000
v 141.343948 4.765833 -0.000000
v 141.374847 4.663261 11.000000
v 141.343948 4.765833 -0.000000
v 141.343948 4.765834 11.000000
v 141.374847 4.663261 11.000000
v 141.343948 4.765833 -0.000000
v 141.319901 4.871094 -0.000000
v 141.343948 4.765834 11.000000
v 141.319901 4.871094 -0.000000
v 141.319901 4.871095 11.000000
v 141.343948 4.765834 11.000000
v 141.319901 4.871094 -0.000000
v 141.302734 4.979042 -0.000000
v 141.319901 4.871095 11.000000
v 141.302734 4.979042 -0.000000
v 141.302734 4.979043 11.000000
v 141.319901 4.871095 11.000000
v 141.302734 4.979042 -0.000000
v 141.292435 5.089677 -0.000000
v 141.302734 4.979043 11.000000
v 141.292435 5.089677 -0.000000
v 141.292435 5.089678 11.000000
v 141.302734 4.979043 11.000000
v 141.292435 5.089677 -0.000000
v 141.289001 5.203000 -0.000000
v 141.292435 5.089678 11.000000
v 141.289001 5.203000 -0.000000
v 141.289001 5.203001 11.000000
v 141.292435 5.089678 11.000000
v 141.289001 5.203000 -0.000000
v 141.289001 19.737000 -0.000001
v 141.289001 5.203001 11.000000
v 141.289001 19.737000 -0.000001
v 141.289001 19.737000 10.999998
v 141.289001 5.203001 11.000000
v 141.289001 19.737000 -0.000001
v 141.292435 19.850323 -0.000001
v 141.289001 19.737000 10.999998
v 141.292435 19.850323 -0.000001
v 141.292435 19.850323 10.999998
v 141.289001 19.737000 10.999998
v 141.292435 19.850323 -0.000001
v 141.302734 19.960958 -0.000002
v 141.292435 19.850323 10.999998
v 141.302734 19.960958 -0.000002
v 141.302734 19.960958 10.999998
v 141.292435 19.850323 10.999998
v 141.302734 19.960958 -0.000002
v 141.319901 20.068907 -0.000002
v 141.302734 19.960958 10.999998
v 141.319901 20.068907 -0.000002
v 141.319901 20.068907 10.999998
v 141.302734 19.960958 10.999998
v 141.319901 20.068907 -0.000002
v 141.343948 20.174166 -0.000002
v 141.319901 20.068907 10.999998
v 141.343948 20.174166 -0.000002
v 141.343948 20.174166 10.999998
v 141.319901 20.068907 10.999998
v 141.343948 20.174166 -0.000002
v 141.374847 20.276739 -0.000002
v 141.343948 20.174166 10.999998
v 141.374847 20.276739 -0.000002
v 141.374847 20.276739 10.999998
v 141.343948 20.174166 10.999998
v 141.374847 20.276739 -0.000002
v 141.412628 20.376625 -0.000002
v 141.374847 20.276739 10.999998
v 141.412628 20.376625 -0.000002
v 141.412628 20.376625 10.999998
v 141.374847 20.276739 10.999998
v 141.412628 20.376625 -0.000002
v 141.457260 20.473824 -0.000002
v 141.412628 20.376625 10.999998
v 141.457260 20.473824 -0.000002
v 141.457260 20.473824 10.999998
v 141.412628 20.376625 10.999998
v 141.457260 20.473824 -0.000002
v 141.508774 20.568333 -0.000002
v 141.457260 20.473824 10.999998
v 141.508774 20.568333 -0.000002
v 141.508774 20.568333 10.999998
v 141.457260 20.473824 10.999998
v 141.508774 20.568333 -0.000002
v 141.567154 20.660156 -0.000002
v 141.508774 20.568333 10.999998
v 141.567154 20.660156 -0.000002
v 141.567154 20.660156 10.999998
v 141.508774 20.568333 10.999998
v 141.567154 20.660156 -0.000002
v 141.632401 20.749292 -0.000002
v 141.567154 20.660156 10.999998
v 141.632401 20.749292 -0.000002
v 141.632401 20.749292 10.999998
v 141.567154 20.660156 10.999998
v 141.632401 20.749292 -0.000002
v 141.704514 20.835739 -0.000002
v 141.632401 20.749292 10.999998
v 141.704514 20.835739 -0.000002
v 141.704514 20.835739 10.999998
v 141.632401 20.749292 10.999998
v 141.704514 20.835739 -0.000002
v 141.783493 20.919500 -0.000002
v 141.704514 20.835739 10.999998
v 141.783493 20.919500 -0.000002
v 141.783493 20.919500 10.999998
v 141.704514 20.835739 10.999998
v 141.783493 20.919500 -0.000002
v 141.867264 20.998482 -0.000002
v 141.783493 20.919500 10.999998
v 141.867264 20.998482 -0.000002
v 141.867264 20.998482 10.999998
v 141.783493 20.919500 10.999998
v 141.867264 20.998482 -0.000002
v 141.953705 21.070597 -0.000002
v 141.867264 20.998482 10.999998
v 141.953705 21.070597 -0.000002
v 141.953705 21.070597 10.999998
v 141.867264 20.998482 10.999998
v 141.953705 21.070597 -0.000002
v 142.042847 21.135843 -0.000002
v 141.953705 21.070597 10.999998
v 142.042847 21.135843 -0.000002
v 142.042847 21.135843 10.999998
v 141.953705 21.070597 10.999998
v 142.042847 21.135843 -0.000002
v 142.134674 21.194221 -0.000002
v 142.042847 21.135843 10.999998
v 142.134674 21.194221 -0.000002
v 142.134674 21.194221 10.999998
v 142.042847 21.135843 10.999998
v 142.134674 21.194221 -0.000002
v 142.229172 21.245733 -0.000002
v 142.134674 21.194221 10.999998
v 142.229172 21.245733 -0.000002
v 142.229172 21.245733 10.999998
v 142.134674 21.194221 10.999998
v 142.229172 21.245733 -0.000002
v 142.326370 21.290375 -0.000002
v 142.229172 21.245733 10.999998
v 142.326370 21.290375 -0.000002
v 142.326370 21.290375 10.999998
v 142.229172 21.245733 10.999998
v 142.326370 21.290375 -0.000002
v 142.426254 21.328150 -0.000002
v 142.326370 21.290375 10.999998
v 142.426254 21.328150 -0.000002
v 142.426254 21.328150 10.999998
v 142.326370 21.290375 10.999998
v 142.426254 21.328150 -0.000002
v 142.528839 21.359056 -0.000002
v 142.426254 21.328150 10.999998
v 142.528839 21.359056 -0.000002
v 142.528839 21.359056 10.999998
v 142.426254 21.328150 10.999998
v 142.528839 21.359056 -0.000002
v 142.634094 21.383093 -0.000002
v 142.528839 21.359056 10.999998
v 142.634094 21.383093 -0.000002
v 142.634094 21.383093 10.999998
v 142.528839 21.359056 10.999998
v 142.634094 21.383093 -0.000002
v 142.742035 21.400265 -0.000002
v 142.634094 21.383093 10.999998
v 142.742035 21.400265 -0.000002
v 142.742035 21.400265 10.999998
v 142.634094 21.383093 10.999998
v 142.742035 21.400265 -0.000002
v 142.852676 21.410566 -0.000002
v 142.742035 21.400265 10.999998
v 142.852676 21.410566 -0.000002
v 142.852676 21.410566 10.999998
v 142.742035 21.400265 10.999998
v 142.852676 21.410566 -0.000002
v 142.966003 21.414000 -0.000002
v 142.852676 21.410566 10.999998
v 142.966003 21.414000 -0.000002
v 142.966003 21.414000 10.999998
v 142.852676 21.410566 10.999998
v 142.966003 21.414000 -0.000002
v 157.929993 21.414000 -0.000002
v 142.966003 21.414000 10.999998
v 157.929993 21.414000 -0.000002
v 157.929993 21.414000 10.999998
v 142.966003 21.414000 10.999998
v 157.929993 21.414000 -0.000002
v 158.043320 21.410566 -0.000002
v 157.929993 21.414000 10.999998
v 158.043320 21.410566 -0.000002
v 158.043320 21.410566 10.999998
v 157.929993 21.414000 10.999998
v 158.043320 21.410566 -0.000002
v 158.153961 21.400265 -0.000002
v 158.043320 21.410566 10.999998
v 158.153961 21.400265 -0.000002
v 158.153961 21.400265 10.999998
v 158.043320 21.410566 10.999998
v 158.153961 21.400265 -0.000002
v 158.261902 21.383093 -0.000002
v 158.153961 21.400265 10.999998
v 158.261902 21.383093 -0.000002
v 158.261902 21.383093 10.999998
v 158.153961 21.400265 10.999998
v 158.261902 21.383093 -0.000002
v 158.367172 21.359056 -0.000002
v 158.261902 21.383093 10.999998
v 158.367172 21.359056 -0.000002
v 158.367172 21.359056 10.999998
v 158.261902 21.383093 10.999998
v 158.367172 21.359056 -0.000002
v 158.469742 21.328150 -0.000002
v 158.367172 21.359056 10.999998
v 158.469742 21.328150 -0.000002
v 158.469742 21.328150 10.999998
v 158.367172 21.359056 10.999998
v 158.469742 21.328150 -0.000002
v 158.569626 21.290375 -0.000002
v 158.469742 21.328150 10.999998
v 158.569626 21.290375 -0.000002
v 158.569626 21.290375 10.999998
v 158.469742 21.328150 10.999998
v 158.569626 21.290375 -0.000002
v 158.666824 21.245733 -0.000002
v 158.569626 21.290375 10.999998
v 158.666824 21.245733 -0.000002
v 158.666824 21.245733 10.999998
v 158.569626 21.290375 10.999998
v 158.666824 21.245733 -0.000002
v 158.761337 21.194221 -0.000002
v 158.666824 21.245733 10.999998
v 158.761337 21.194221 -0.000002
v 158.761337 21.194221 10.999998
v 158.666824 21.245733 10.999998
v 158.761337 21.194221 -0.000002
v 158.853149 21.135843 -0.000002
v 158.761337 21.194221 10.999998
v 158.853149 21.135843 -0.000002
v 158.853149 21.135843 10.999998
v 158.761337 21.194221 10.999998
v 158.853149 21.135843 -0.000002
v 158.942291 21.070597 -0.000002
v 158.853149 21.135843 10.999998
v 158.942291 21.070597 -0.000002
v 158.942291 21.070597 10.999998
v 158.853149 21.135843 10.999998
v 158.942291 21.070597 -0.000002
v 159.028732 20.998482 -0.000002
v 158.942291 21.070597 10.999998
v 159.028732 20.998482 -0.000002
v 159.028732 20.998482 10.999998
v 158.942291 21.070597 10.999998
v 159.028732 20.998482 -0.000002
v 159.112503 20.919500 -0.000002
v 159.028732 20.998482 10.999998
v 159.112503 20.919500 -0.000002
v 159.112503 20.919500 10.999998
v 159.028732 20.998482 10.999998
v 159.112503 20.919500 -0.000002
v 159.191483 20.835739 -0.000002
v 159.112503 20.919500 10.999998
v 159.191483 20.835739 -0.000002
v 159.191483 20.835739 10.999998
v 159.112503 20.919500 10.999998
v 159.191483 20.835739 -0.000002
v 159.263596 20.749292 -0.000002
v 159.191483 20.835739 10.999998
v 159.263596 20.749292 -0.000002
v 159.263596 20.749292 10.999998
v 159.191483 20.835739 10.999998
v 159.263596 20.749292 -0.000002
v 159.328842 20.660156 -0.000002
v 159.263596 20.749292 10.999998
v 159.328842 20.660156 -0.000002
v 159.328842 20.660156 10.999998
v 159.263596 20.749292 10.999998
v 159.328842 20.660156 -0.000002
v 159.387222 20.568333 -0.000002
v 159.328842 20.660156 10.999998
v 159.387222 20.568333 -0.000002
v 159.387222 20.568333 10.999998
v 159.328842 20.660156 10.999998
v 159.387222 20.568333 -0.000002
v 159.438736 20.473824 -0.000002
v 159.387222 20.568333 10.999998
v 159.438736 20.473824 -0.000002
v 159.438736 20.473824 10.999998
v 159.387222 20.568333 10.999998
v 159.438736 20.473824 -0.000002
v 159.483368 20.376625 -0.000002
v 159.438736 20.473824 10.999998
v 159.483368 20.376625 -0.000002
v 159.483368 20.376625 10.999998
v 159.438736 20.473824 10.999998
v 159.483368 20.376625 -0.000002
v 159.521149 20.276739 -0.000002
v 159.483368 20.376625 10.999998
v 159.521149 20.276739 -0.000002
v 159.521149 20.276739 10.999998
v 159.483368 20.376625 10.999998
v 159.521149 20.276739 -0.000002
v 159.552063 20.174166 -0.000002
v 159.521149 20.276739 10.999998
v 159.552063 20.174166 -0.000002
v 159.552063 20.174166 10.999998
v 159.521149 20.276739 10.999998
v 159.552063 20.174166 -0.000002
v 159.576096 20.068907 -0.000002
v 159.552063 20.174166 10.999998
v 159.576096 20.068907 -0.000002
v 159.576096 20.068907 10.999998
v 159.552063 20.174166 10.999998
v 159.576096 20.068907 -0.000002
v 159.593262 19.960958 -0.000002
v 159.576096 20.068907 10.999998
v 159.593262 19.960958 -0.000002
v 159.593262 19.960958 10.999998
v 159.576096 20.068907 10.999998
v 159.593262 19.960958 -0.000002
v 159.603561 19.850323 -0.000001
v 159.593262 19.960958 10.999998
v 159.603561 19.850323 -0.000001
v 159.603561 19.850323 10.999998
v 159.593262 19.960958 10.999998
v 159.603561 19.850323 -0.000001
v 159.606995 19.737000 -0.000001
v 159.603561 19.850323 10.999998
v 159.606995 19.737000 -0.000001
v 159.606995 19.737000 10.999998
v 159.603561 19.850323 10.999998
v 159.606995 19.737000 -0.000001
v 159.606995 5.203000 -0.000000
v 159.606995 19.737000 10.999998
v 159.606995 5.203000 -0.000000
v 159.606995 5.203001 11.000000
v 159.606995 19.737000 10.999998
v 159.606995 5.203000 -0.000000
v 159.603561 5.089677 -0.000000
v 159.606995 5.203001 11.000000
v 159.603561 5.089677 -0.000000
v 159.603561 5.089678 11.000000
v 159.606995 5.203001 11.000000
v 159.603561 5.089677 -0.000000
v 159.593262 4.979042 -0.000000
v 159.603561 5.089678 11.000000
v 159.593262 4.979042 -0.000000
v 159.593262 4.979043 11.000000
v 159.603561 5.089678 11.000000
v 159.593262 4.979042 -0.000000
v 159.576096 4.871094 -0.000000
v 159.593262 4.979043 11.000000
v 159.576096 4.871094 -0.000000
v 159.576096 4.871095 11.000000
v 159.593262 4.979043 11.000000
v 159.576096 4.871094 -0.000000
v 159.552063 4.765833 -0.000000
v 159.576096 4.871095 11.000000
v 159.552063 4.765833 -0.000000
v 159.552063 4.765834 11.000000
v 159.576096 4.871095 11.000000
v 159.552063 4.765833 -0.000000
v 159.521149 4.663260 -0.000000
v 159.552063 4.765834 11.000000
v 159.521149 4.663260 -0.000000
v 159.521149 4.663261 11.000000
v 159.552063 4.765834 11.000000
v 159.521149 4.663260 -0.000000
v 159.483368 4.563375 -0.000000
v 159.521149 4.663261 11.000000
v 159.483368 4.563375 -0.000000
v 159.483368 4.563376 11.000000
v 159.521149 4.663261 11.000000
v 159.483368 4.563375 -0.000000
v 159.438736 4.466177 -0.000000
v 159.483368 4.563376 11.000000
v 159.438736 4.466177 -0.000000
v 159.438736 4.466178 11.000000
v 159.483368 4.563376 11.000000
v 159.438736 4.466177 -0.000000
v 159.387222 4.371666 -0.000000
v 159.438736 4.466178 11.000000
v 159.387222 4.371666 -0.000000
v 159.387222 4.371667 11.000000
v 159.438736 4.466178 11.000000
v 159.387222 4.371666 -0.000000
v 159.328842 4.279844 -0.000000
v 159.387222 4.371667 11.000000
v 159.328842 4.279844 -0.000000
v 159.328842 4.279845 11.000000
v 159.387222 4.371667 11.000000
v 159.328842 4.279844 -0.000000
v 159.263596 4.190708 -0.000000
v 159.328842 4.279845 11.000000
v 159.263596 4.190708 -0.000000
v 159.263596 4.190709 11.000000
v 159.328842 4.279845 11.000000
v 159.263596 4.190708 -0.000000
v 159.191483 4.104260 -0.000000
v 159.263596 4.190709 11.000000
v 159.191483 4.104260 -0.000000
v 159.191483 4.104261 11.000000
v 159.263596 4.190709 11.000000
v 159.191483 4.104260 -0.000000
v 159.112503 4.020500 -0.000000
v 159.191483 4.104261 11.000000
v 159.112503 4.020500 -0.000000
v 159.112503 4.020501 11.000000
v 159.191483 4.104261 11.000000
v 159.112503 4.020500 -0.000000
v 159.028732 3.941517 -0.000000
v 159.112503 4.020501 11.000000
v 159.028732 3.941517 -0.000000
v 159.028732 3.941518 11.000000
v 159.112503 4.020501 11.000000
v 159.028732 3.941517 -0.000000
v 158.942291 3.869403 -0.000000
v 159.028732 3.941518 11.000000
v 158.942291 3.869403 -0.000000
v 158.942291 3.869404 11.000000
v 159.028732 3.941518 11.000000
v 158.942291 3.869403 -0.000000
v 158.853149 3.804156 -0.000000
v 158.942291 3.869404 11.000000
v 158.853149 3.804156 -0.000000
v 158.853149 3.804157 11.000000
v 158.942291 3.869404 11.000000
v 158.853149 3.804156 -0.000000
v 158.761337 3.745778 -0.000000
v 158.853149 3.804157 11.000000
v 158.761337 3.745778 -0.000000
v 158.761337 3.745779 11.000000
v 158.853149 3.804157 11.000000
v 158.761337 3.745778 -0.000000
v 158.666824 3.694267 -0.000000
v 158.761337 3.745779 11.000000
v 158.666824 3.694267 -0.000000
v 158.666824 3.694268 11.000000
v 158.761337 3.745779 11.000000
v 158.666824 3.694267 -0.000000
v 158.569626 3.649625 -0.000000
v 158.666824 3.694268 11.000000
v 158.569626 3.649625 -0.000000
v 158.569626 3.649626 11.000000
v 158.666824 3.694268 11.000000
v 158.569626 3.649625 -0.000000
v 158.469742 3.611851 -0.000000
v 158.569626 3.649626 11.000000
v 158.469742 3.611851 -0.000000
v 158.469742 3.611851 11.000000
v 158.569626 3.649626 11.000000
v 158.469742 3.611851 -0.000000
v 158.367172 3.580945 -0.000000
v 158.469742 3.611851 11.000000
v 158.367172 3.580945 -0.000000
v 158.367172 3.580945 11.000000
v 158.469742 3.611851 11.000000
v 158.367172 3.580945 -0.000000
v 158.261902 3.556906 -0.000000
v 158.367172 3.580945 11.000000
v 158.261902 3.556906 -0.000000
v 158.261902 3.556907 11.000000
v 158.367172 3.580945 11.000000
v 158.261902 3.556906 -0.000000
v 158.153961 3.539736 -0.000000
v 158.261902 3.556907 11.000000
v 158.153961 3.539736 -0.000000
v 158.153961 3.539737 11.000000
v 158.261902 3.556907 11.000000
v 158.153961 3.539736 -0.000000
v 158.043320 3.529434 -0.000000
v 158.153961 3.539737 11.000000
v 158.043320 3.529434 -0.000000
v 158.043320 3.529435 11.000000
v 158.153961 3.539737 11.000000
v 158.043320 3.529434 -0.000000
v 157.929993 3.526000 -0.000000
v 158.043320 3.529435 11.000000
v 157.929993 3.526000 -0.000000
v 157.929993 3.526001 11.000000
v 158.043320 3.529435 11.000000
v 157.929993 3.526000 -0.000000
v 142.966003 3.526000 -0.000000
v 157.929993 3.526001 11.000000
v 142.966003 3.526000 -0.000000
v 142.966003 3.526001 11.000000
v 157.929993 3.526001 11.000000
v 142.966003 3.526000 -0.000000
v 142.852676 3.529434 -0.000000
v 142.966003 3.526001 11.000000
v 142.852676 3.529434 -0.000000
v 142.852676 3.529435 11.000000
v 142.966003 3.526001 11.000000
v 170.761993 0.000000 0.000000
v 167.235992 0.000000 0.000000
v 167.235992 24.940001 -0.000002
v 167.235992 24.940001 -0.000002
v 170.761993 24.940001 -0.000002
v 170.761993 0.000000 0.000000
v 167.235992 24.940001 10.999998
v 167.235992 0.000001 11.000000
v 170.761993 0.000001 11.000000
v 170.761993 0.000001 11.000000
v 170.761993 24.940001 10.999998
v 167.235992 24.940001 10.999998
v 170.761993 0.000000 0.000000
v 170.761993 24.940001 -0.000002
v 170.761993 0.000001 11.000000
v 170.761993 24.940001 -0.000002
v 170.761993 24.940001 10.999998
v 170.761993 0.000001 11.000000
v 170.761993 24.940001 -0.000002
v 167.235992 24.940001 -0.000002
v 170.761993 24.940001 10.999998
v 167.235992 24.940001 -0.000002
v 167.235992 24.940001 10.999998
v 170.761993 24.940001 10.999998
v 167.235992 24.940001 -0.000002
v 167.235992 0.000000 0.000000
v 167.235992 24.940001 10.999998
v 167.235992 0.000000 0.000000
v 167.235992 0.000001 11.000000
v 167.235992 24.940001 10.999998
v 167.235992 0.000000 0.000000
v 170.761993 0.000000 0.000000
v 167.235992 0.000001 11.000000
v 170.761993 0.000000 0.000000
v 170.761993 0.000001 11.000000
v 167.235992 0.000001 11.000000
v 170.761993 29.584000 -0.000002
v 167.235992 29.584000 -0.000002
v 167.235992 33.110001 -0.000002
v 167.235992 33.110001 -0.000002
v 170.761993 33.110001 -0.000002
v 170.761993 29.584000 -0.000002
v 167.235992 33.110001 10.999997
v 167.235992 29.584000 10.999998
v 170.761993 29.584000 10.999998
v 170.761993 29.584000 10.999998
v 170.761993 33.110001 10.999997
v 167.235992 33.110001 10.999997
v 170.761993 29.584000 -0.000002
v 170.761993 33.110001 -0.000002
v 170.761993 29.584000 10.999998
v 170.761993 33.110001 -0.000002
v 170.761993 33.110001 10.999997
v 170.761993 29.584000 10.999998
v 170.761993 33.110001 -0.000002
v 167.235992 33.110001 -0.000002
v 170.761993 33.110001 10.999997
v 167.235992 33.110001 -0.000002
v 167.235992 33.110001 10.999997
v 170.761993 33.110001 10.999997
v 167.235992 33.110001 -0.000002
v 167.235992 29.584000 -0.000002
v 167.235992 33.110001 10.999997
v 167.235992 29.584000 -0.000002
v 167.235992 29.584000 10.999998
v 167.235992 33.110001 10.999997
v 167.235992 29.584000 -0.000002
v 170.761993 29.584000 -0.000002
v 167.235992 29.584000 10.999998
v 170.761993 29.584000 -0.000002
v 170.761993 29.584000 10.999998
v 167.235992 29.584000 10.999998
v 178.848007 0.000000 0.000000
v 175.322006 0.000000 0.000000
v 175.322006 24.940001 -0.000002
v 200.735001 0.000000 0.000000
v 197.209000 0.000000 0.000000
v 197.209000 19.737000 -0.000001
v 200.730072 19.971857 -0.000002
v 200.735001 19.737000 -0.000001
v 200.735001 0.000000 0.000000
v 200.690659 20.431719 -0.000002
v 200.715286 20.203430 -0.000002
v 200.730072 19.971857 -0.000002
v 200.611816 20.878441 -0.000002
v 200.656174 20.656723 -0.000002
v 200.690659 20.431719 -0.000002
v 200.493576 21.312025 -0.000002
v 200.557632 21.096874 -0.000002
v 200.611816 20.878441 -0.000002
v 200.335907 21.732470 -0.000002
v 200.419662 21.523890 -0.000002
v 200.493576 21.312025 -0.000002
v 200.138824 22.139774 -0.000002
v 200.242294 21.937763 -0.000002
v 200.335907 21.732470 -0.000002
v 199.903961 22.532299 -0.000002
v 200.025497 22.338499 -0.000002
v 200.138824 22.139774 -0.000002
v 199.641190 22.900188 -0.000002
v 199.775864 22.719528 -0.000002
v 199.903961 22.532299 -0.000002
v 199.352127 23.241798 -0.000002
v 199.499939 23.074278 -0.000002
v 199.641190 22.900188 -0.000002
v 199.036804 23.557133 -0.000002
v 199.197754 23.402750 -0.000002
v 199.352127 23.241798 -0.000002
v 198.695190 23.846188 -0.000002
v 198.869278 23.704945 -0.000002
v 199.036804 23.557133 -0.000002
v 198.327301 24.108965 -0.000002
v 198.514526 23.980862 -0.000002
v 198.695190 23.846188 -0.000002
v 197.934769 24.343822 -0.000002
v 198.133499 24.230499 -0.000002
v 198.327301 24.108965 -0.000002
v 197.527466 24.540907 -0.000002
v 197.732758 24.447292 -0.000002
v 197.934769 24.343822 -0.000002
v 197.107025 24.698572 -0.000002
v 197.318893 24.624666 -0.000002
v 197.527466 24.540907 -0.000002
v 196.673447 24.816822 -0.000002
v 196.891876 24.762625 -0.000002
v 197.107025 24.698572 -0.000002
v 196.226715 24.895657 -0.000002
v 196.451721 24.861166 -0.000002
v 196.673447 24.816822 -0.000002
v 195.766861 24.935074 -0.000002
v 195.998428 24.920292 -0.000002
v 196.226715 24.895657 -0.000002
v 175.322006 24.940001 -0.000002
v 195.531998 24.940001 -0.000002
v 195.766861 24.935074 -0.000002
v 178.848007 19.737000 -0.000001
v 178.848007 0.000000 0.000000
v 175.322006 24.940001 -0.000002
v 200.735001 0.000000 0.000000
v 197.209000 19.737000 -0.000001
v 197.205566 19.850323 -0.000001
v 200.690659 20.431719 -0.000002
v 200.730072 19.971857 -0.000002
v 200.735001 0.000000 0.000000
v 200.493576 21.312025 -0.000002
v 200.611816 20.878441 -0.000002
v 200.690659 20.431719 -0.000002
v 200.138824 22.139774 -0.000002
v 200.335907 21.732470 -0.000002
v 200.493576 21.312025 -0.000002
v 199.641190 22.900188 -0.000002
v 199.903961 22.532299 -0.000002
v 200.138824 22.139774 -0.000002
v 199.036804 23.557133 -0.000002
v 199.352127 23.241798 -0.000002
v 199.641190 22.900188 -0.000002
v 198.327301 24.108965 -0.000002
v 198.695190 23.846188 -0.000002
v 199.036804 23.557133 -0.000002
v 197.527466 24.540907 -0.000002
v 197.934769 24.343822 -0.000002
v 198.327301 24.108965 -0.000002
v 196.673447 24.816822 -0.000002
v 197.107025 24.698572 -0.000002
v 197.527466 24.540907 -0.000002
v 195.766861 24.935074 -0.000002
v 196.226715 24.895657 -0.000002
v 196.673447 24.816822 -0.000002
v 178.851578 19.850323 -0.000001
v 178.848007 19.737000 -0.000001
v 175.322006 24.940001 -0.000002
v 200.735001 0.000000 0.000000
v 197.205566 19.850323 -0.000001
v 197.195267 19.960958 -0.000002
v 200.493576 21.312025 -0.000002
v 200.690659 20.431719 -0.000002
v 200.735001 0.000000 0.000000
v 199.641190 22.900188 -0.000002
v 200.138824 22.139774 -0.000002
v 200.493576 21.312025 -0.000002
v 198.327301 24.108965 -0.000002
v 199.036804 23.557133 -0.000002
v 199.641190 22.900188 -0.000002
v 196.673447 24.816822 -0.000002
v 197.527466 24.540907 -0.000002
v 198.327301 24.108965 -0.000002
v 175.322006 24.940001 -0.000002
v 195.766861 24.935074 -0.000002
v 196.673447 24.816822 -0.000002
v 178.862335 19.960958 -0.000002
v 178.851578 19.850323 -0.000001
v 175.322006 24.940001 -0.000002
v 200.735001 0.000000 0.000000
v 197.195267 19.960958 -0.000002
v 197.178101 20.068907 -0.000002
v 199.641190 22.900188 -0.000002
v 200.493576 21.312025 -0.000002
v 200.735001 0.000000 0.000000
v 196.673447 24.816822 -0.000002
v 198.327301 24.108965 -0.000002
v 199.641190 22.900188 -0.000002
v 178.880249 20.068907 -0.000002
v 178.862335 19.960958 -0.000002
v 175.322006 24.940001 -0.000002
v 199.641190 22.900188 -0.000002
v 200.735001 0.000000 0.000000
v 197.178101 20.068907 -0.000002
v 175.322006 24.940001 -0.000002
v 196.673447 24.816822 -0.000002
v 199.641190 22.900188 -0.000002
v 178.905334 20.174166 -0.000002
v 178.880249 20.068907 -0.000002
v 175.322006 24.940001 -0.000002
v 199.641190 22.900188 -0.000002
v 197.178101 20.068907 -0.000002
v 197.154053 20.174166 -0.000002
v 178.937576 20.276739 -0.000002
v 178.905334 20.174166 -0.000002
v 175.322006 24.940001 -0.000002
v 199.641190 22.900188 -0.000002
v 197.154053 20.174166 -0.000002
v 197.123154 20.276739 -0.000002
v 178.977005 20.376625 -0.000002
v 178.937576 20.276739 -0.000002
v 175.322006 24.940001 -0.000002
v 199.641190 22.900188 -0.000002
v 197.123154 20.276739 -0.000002
v 197.085373 20.376625 -0.000002
v 179.023590 20.473824 -0.000002
v 178.977005 20.376625 -0.000002
v 175.322006 24.940001 -0.000002
v 199.641190 22.900188 -0.000002
v 197.085373 20.376625 -0.000002
v 197.040726 20.473824 -0.000002
v 179.077332 20.568333 -0.000002
v 179.023590 20.473824 -0.000002
v 175.322006 24.940001 -0.000002
v 199.641190 22.900188 -0.000002
v 197.040726 20.473824 -0.000002
v 196.989227 20.568333 -0.000002
v 179.138245 20.660156 -0.000002
v 179.077332 20.568333 -0.000002
v 175.322006 24.940001 -0.000002
v 199.641190 22.900188 -0.000002
v 196.989227 20.568333 -0.000002
v 196.930847 20.660156 -0.000002
v 179.206329 20.749292 -0.000002
v 179.138245 20.660156 -0.000002
v 175.322006 24.940001 -0.000002
v 199.641190 22.900188 -0.000002
v 196.930847 20.660156 -0.000002
v 196.865601 20.749292 -0.000002
v 179.281586 20.835739 -0.000002
v 179.206329 20.749292 -0.000002
v 175.322006 24.940001 -0.000002
v 199.641190 22.900188 -0.000002
v 196.865601 20.749292 -0.000002
v 196.793488 20.835739 -0.000002
v 179.363998 20.919500 -0.000002
v 179.281586 20.835739 -0.000002
v 175.322006 24.940001 -0.000002
v 199.641190 22.900188 -0.000002
v 196.793488 20.835739 -0.000002
v 196.714493 20.919500 -0.000002
v 179.451187 20.998482 -0.000002
v 179.363998 20.919500 -0.000002
v 175.322006 24.940001 -0.000002
v 199.641190 22.900188 -0.000002
v 196.714493 20.919500 -0.000002
v 196.630737 20.998482 -0.000002
v 179.540771 21.070597 -0.000002
v 179.451187 20.998482 -0.000002
v 175.322006 24.940001 -0.000002
v 199.641190 22.900188 -0.000002
v 196.630737 20.998482 -0.000002
v 196.544296 21.070597 -0.000002
v 179.632751 21.135843 -0.000002
v 179.540771 21.070597 -0.000002
v 175.322006 24.940001 -0.000002
v 199.641190 22.900188 -0.000002
v 196.544296 21.070597 -0.000002
v 196.455154 21.135843 -0.000002
v 179.727112 21.194221 -0.000002
v 179.632751 21.135843 -0.000002
v 175.322006 24.940001 -0.000002
v 199.641190 22.900188 -0.000002
v 196.455154 21.135843 -0.000002
v 196.363327 21.194221 -0.000002
v 179.823868 21.245733 -0.000002
v 179.727112 21.194221 -0.000002
v 175.322006 24.940001 -0.000002
v 199.641190 22.900188 -0.000002
v 196.363327 21.194221 -0.000002
v 196.268829 21.245733 -0.000002
v 179.923004 21.290375 -0.000002
v 179.823868 21.245733 -0.000002
v 175.322006 24.940001 -0.000002
v 199.641190 22.900188 -0.000002
v 196.268829 21.245733 -0.000002
v 196.171631 21.290375 -0.000002
v 180.024521 21.328150 -0.000002
v 179.923004 21.290375 -0.000002
v 175.322006 24.940001 -0.000002
v 199.641190 22.900188 -0.000002
v 196.171631 21.290375 -0.000002
v 196.071747 21.328150 -0.000002
v 180.128448 21.359056 -0.000002
v 180.024521 21.328150 -0.000002
v 175.322006 24.940001 -0.000002
v 199.641190 22.900188 -0.000002
v 196.071747 21.328150 -0.000002
v 195.969162 21.359056 -0.000002
v 180.234756 21.383093 -0.000002
v 180.128448 21.359056 -0.000002
v 175.322006 24.940001 -0.000002
v 199.641190 22.900188 -0.000002
v 195.969162 21.359056 -0.000002
v 195.863907 21.383093 -0.000002
v 180.343445 21.400265 -0.000002
v 180.234756 21.383093 -0.000002
v 175.322006 24.940001 -0.000002
v 199.641190 22.900188 -0.000002
v 195.863907 21.383093 -0.000002
v 195.755951 21.400265 -0.000002
v 180.454529 21.410566 -0.000002
v 180.343445 21.400265 -0.000002
v 175.322006 24.940001 -0.000002
v 199.641190 22.900188 -0.000002
v 195.755951 21.400265 -0.000002
v 195.645325 21.410566 -0.000002
v 180.454529 21.410566 -0.000002
v 175.322006 24.940001 -0.000002
v 199.641190 22.900188 -0.000002
v 199.641190 22.900188 -0.000002
v 195.645325 21.410566 -0.000002
v 195.531998 21.414000 -0.000002
v 180.567993 21.414000 -0.000002
v 180.454529 21.410566 -0.000002
v 199.641190 22.900188 -0.000002
v 199.641190 22.900188 -0.000002
v 195.531998 21.414000 -0.000002
v 180.567993 21.414000 -0.000002
v 175.322006 24.940001 10.999998
v 175.322006 0.000001 11.000000
v 178.848007 0.000001 11.000000
v 197.209000 19.737000 10.999998
v 197.209000 0.000001 11.000000
v 200.735001 0.000001 11.000000
v 200.735001 0.000001 11.000000
v 200.735001 19.737000 10.999998
v 200.730072 19.971857 10.999998
v 200.730072 19.971857 10.999998
v 200.715286 20.203430 10.999998
v 200.690659 20.431719 10.999998
v 200.690659 20.431719 10.999998
v 200.656174 20.656723 10.999998
v 200.611816 20.878441 10.999998
v 200.611816 20.878441 10.999998
v 200.557632 21.096874 10.999998
v 200.493576 21.312025 10.999998
v 200.493576 21.312025 10.999998
v 200.419662 21.523890 10.999998
v 200.335907 21.732470 10.999998
v 200.335907 21.732470 10.999998
v 200.242294 21.937763 10.999998
v 200.138824 22.139774 10.999998
v 200.138824 22.139774 10.999998
v 200.025497 22.338499 10.999998
v 199.903961 22.532299 10.999998
v 199.903961 22.532299 10.999998
v 199.775864 22.719528 10.999998
v 199.641190 22.900188 10.999998
v 199.641190 22.900188 10.999998
v 199.499939 23.074278 10.999998
v 199.352127 23.241798 10.999998
v 199.352127 23.241798 10.999998
v 199.197754 23.402750 10.999998
v 199.036804 23.557133 10.999998
v 199.036804 23.557133 10.999998
v 198.869278 23.704945 10.999998
v 198.695190 23.846188 10.999998
v 198.695190 23.846188 10.999998
v 198.514526 23.980862 10.999998
v 198.327301 24.108965 10.999998
v 198.327301 24.108965 10.999998
v 198.133499 24.230499 10.999998
v 197.934769 24.343822 10.999998
v 197.934769 24.343822 10.999998
v 197.732758 24.447292 10.999998
v 197.527466 24.540907 10.999998
v 197.527466 24.540907 10.999998
v 197.318893 24.624666 10.999998
v 197.107025 24.698572 10.999998
v 197.107025 24.698572 10.999998
v 196.891876 24.762625 10.999998
v 196.673447 24.816822 10.999998
v 196.673447 24.816822 10.999998
v 196.451721 24.861166 10.999998
v 196.226715 24.895657 10.999998
v 196.226715 24.895657 10.999998
v 195.998428 24.920292 10.999998
v 195.766861 24.935074 10.999998
v 195.766861 24.935074 10.999998
v 195.531998 24.940001 10.999998
v 175.322006 24.940001 10.999998
v 175.322006 24.940001 10.999998
v 178.848007 0.000001 11.000000
v 178.848007 19.737000 10.999998
v 197.205566 19.850323 10.999998
v 197.209000 19.737000 10.999998
v 200.735001 0.000001 11.000000
v 200.735001 0.000001 11.000000
v 200.730072 19.971857 10.999998
v 200.690659 20.431719 10.999998
v 200.690659 20.431719 10.999998
v 200.611816 20.878441 10.999998
v 200.493576 21.312025 10.999998
v 200.493576 21.312025 10.999998
v 200.335907 21.732470 10.999998
v 200.138824 22.139774 10.999998
v 200.138824 22.139774 10.999998
v 199.903961 22.532299 10.999998
v 199.641190 22.900188 10.999998
v 199.641190 22.900188 10.999998
v 199.352127 23.241798 10.999998
v 199.036804 23.557133 10.999998
v 199.036804 23.557133 10.999998
v 198.695190 23.846188 10.999998
v 198.327301 24.108965 10.999998
v 198.327301 24.108965 10.999998
v 197.934769 24.343822 10.999998
v 197.527466 24.540907 10.999998
v 197.527466 24.540907 10.999998
v 197.107025 24.698572 10.999998
v 196.673447 24.816822 10.999998
v 196.673447 24.816822 10.999998
v 196.226715 24.895657 10.999998
v 195.766861 24.935074 10.999998
v 175.322006 24.940001 10.999998
v 178.848007 19.737000 10.999998
v 178.851578 19.850323 10.999998
v 197.195267 19.960958 10.999998
v 197.205566 19.850323 10.999998
v 200.735001 0.000001 11.000000
v 200.735001 0.000001 11.000000
v 200.690659 20.431719 10.999998
v 200.493576 21.312025 10.999998
v 200.493576 21.312025 10.999998
v 200.138824 22.139774 10.999998
v 199.641190 22.900188 10.999998
v 199.641190 22.900188 10.999998
v 199.036804 23.557133 10.999998
v 198.327301 24.108965 10.999998
v 198.327301 24.108965 10.999998
v 197.527466 24.540907 10.999998
v 196.673447 24.816822 10.999998
v 196.673447 24.816822 10.999998
v 195.766861 24.935074 10.999998
v 175.322006 24.940001 10.999998
v 175.322006 24.940001 10.999998
v 178.851578 19.850323 10.999998
v 178.862335 19.960958 10.999998
v 197.178101 20.068907 10.999998
v 197.195267 19.960958 10.999998
v 200.735001 0.000001 11.000000
v 200.735001 0.000001 11.000000
v 200.493576 21.312025 10.999998
v 199.641190 22.900188 10.999998
v 199.641190 22.900188 10.999998
v 198.327301 24.108965 10.999998
v 196.673447 24.816822 10.999998
v 175.322006 24.940001 10.999998
v 178.862335 19.960958 10.999998
v 178.880249 20.068907 10.999998
v 197.178101 20.068907 10.999998
v 200.735001 0.000001 11.000000
v 199.641190 22.900188 10.999998
v 199.641190 22.900188 10.999998
v 196.673447 24.816822 10.999998
v 175.322006 24.940001 10.999998
v 175.322006 24.940001 10.999998
v 178.880249 20.068907 10.999998
v 178.905334 20.174166 10.999998
v 197.154053 20.174166 10.999998
v 197.178101 20.068907 10.999998
v 199.641190 22.900188 10.999998
v 175.322006 24.940001 10.999998
v 178.905334 20.174166 10.999998
v 178.937576 20.276739 10.999998
v 197.123154 20.276739 10.999998
v 197.154053 20.174166 10.999998
v 199.641190 22.900188 10.999998
v 175.322006 24.940001 10.999998
v 178.937576 20.276739 10.999998
v 178.977005 20.376625 10.999998
v 197.085373 20.376625 10.999998
v 197.123154 20.276739 10.999998
v 199.641190 22.900188 10.999998
v 175.322006 24.940001 10.999998
v 178.977005 20.376625 10.999998
v 179.023590 20.473824 10.999998
v 197.040726 20.473824 10.999998
v 197.085373 20.376625 10.999998
v 199.641190 22.900188 10.999998
v 175.322006 24.940001 10.999998
v 179.023590 20.473824 10.999998
v 179.077332 20.568333 10.999998
v 196.989227 20.568333 10.999998
v 197.040726 20.473824 10.999998
v 199.641190 22.900188 10.999998
v 175.322006 24.940001 10.999998
v 179.077332 20.568333 10.999998
v 179.138245 20.660156 10.999998
v 196.930847 20.660156 10.999998
v 196.989227 20.568333 10.999998
v 199.641190 22.900188 10.999998
v 175.322006 24.940001 10.999998
v 179.138245 20.660156 10.999998
v 179.206329 20.749292 10.999998
v 196.865601 20.749292 10.999998
v 196.930847 20.660156 10.999998
v 199.641190 22.900188 10.999998
v 175.322006 24.940001 10.999998
v 179.206329 20.749292 10.999998
v 179.281586 20.835739 10.999998
v 196.793488 20.835739 10.999998
v 196.865601 20.749292 10.999998
v 199.641190 22.900188 10.999998
v 175.322006 24.940001 10.999998
v 179.281586 20.835739 10.999998
v 179.363998 20.919500 10.999998
v 196.714493 20.919500 10.999998
v 196.793488 20.835739 10.999998
v 199.641190 22.900188 10.999998
v 175.322006 24.940001 10.999998
v 179.363998 20.919500 10.999998
v 179.451187 20.998482 10.999998
v 196.630737 20.998482 10.999998
v 196.714493 20.919500 10.999998
v 199.641190 22.900188 10.999998
v 175.322006 24.940001 10.999998
v 179.451187 20.998482 10.999998
v 179.540771 21.070597 10.999998
v 196.544296 21.070597 10.999998
v 196.630737 20.998482 10.999998
v 199.641190 22.900188 10.999998
v 175.322006 24.940001 10.999998
v 179.540771 21.070597 10.999998
v 179.632751 21.135843 10.999998
v 196.455154 21.135843 10.999998
v 196.544296 21.070597 10.999998
v 199.641190 22.900188 10.999998
v 175.322006 24.940001 10.999998
v 179.632751 21.135843 10.999998
v 179.727112 21.194221 10.999998
v 196.363327 21.194221 10.999998
v 196.455154 21.135843 10.999998
v 199.641190 22.900188 10.999998
v 175.322006 24.940001 10.999998
v 179.727112 21.194221 10.999998
v 179.823868 21.245733 10.999998
v 196.268829 21.245733 10.999998
v 196.363327 21.194221 10.999998
v 199.641190 22.900188 10.999998
v 175.322006 24.940001 10.999998
v 179.823868 21.245733 10.999998
v 179.923004 21.290375 10.999998
v 196.171631 21.290375 10.999998
v 196.268829 21.245733 10.999998
v 199.641190 22.900188 10.999998
v 175.322006 24.940001 10.999998
v 179.923004 21.290375 10.999998
v 180.024521 21.328150 10.999998
v 196.071747 21.328150 10.999998
v 196.171631 21.290375 10.999998
v 199.641190 22.900188 10.999998
v 175.322006 24.940001 10.999998
v 180.024521 21.328150 10.999998
v 180.128448 21.359056 10.999998
v 195.969162 21.359056 10.999998
v 196.071747 21.328150 10.999998
v 199.641190 22.900188 10.999998
v 175.322006 24.940001 10.999998
v 180.128448 21.359056 10.999998
v 180.234756 21.383093 10.999998
v 195.863907 21.383093 10.999998
v 195.969162 21.359056 10.999998
v 199.641190 22.900188 10.999998
v 175.322006 24.940001 10.999998
v 180.234756 21.383093 10.999998
v 180.343445 21.400265 10.999998
v 195.755951 21.400265 10.999998
v 195.863907 21.383093 10.999998
v 199.641190 22.900188 10.999998
v 175.322006 24.940001 10.999998
v 180.343445 21.400265 10.999998
v 180.454529 21.410566 10.999998
v 195.645325 21.410566 10.999998
v 195.755951 21.400265 10.999998
v 199.641190 22.900188 10.999998
v 199.641190 22.900188 10.999998
v 175.322006 24.940001 10.999998
v 180.454529 21.410566 10.999998
v 195.531998 21.414000 10.999998
v 195.645325 21.410566 10.999998
v 199.641190 22.900188 10.999998
v 199.641190 22.900188 10.999998
v 180.454529 21.410566 10.999998
v 180.567993 21.414000 10.999998
v 180.567993 21.414000 10.999998
v 195.531998 21.414000 10.999998
v 199.641190 22.900188 10.999998
v 178.848007 0.000000 0.000000
v 178.848007 19.737000 -0.000001
v 178.848007 0.000001 11.000000
v 178.848007 19.737000 -0.000001
v 178.848007 19.737000 10.999998
v 178.848007 0.000001 11.000000
v 178.848007 19.737000 -0.000001
v 178.851578 19.850323 -0.000001
v 178.848007 19.737000 10.999998
v 178.851578 19.850323 -0.000001
v 178.851578 19.850323 10.999998
v 178.848007 19.737000 10.999998
v 178.851578 19.850323 -0.000001
v 178.862335 19.960958 -0.000002
v 178.851578 19.850323 10.999998
v 178.862335 19.960958 -0.000002
v 178.862335 19.960958 10.999998
v 178.851578 19.850323 10.999998
v 178.862335 19.960958 -0.000002
v 178.880249 20.068907 -0.000002
v 178.862335 19.960958 10.999998
v 178.880249 20.068907 -0.000002
v 178.880249 20.068907 10.999998
v 178.862335 19.960958 10.999998
v 178.880249 20.068907 -0.000002
v 178.905334 20.174166 -0.000002
v 178.880249 20.068907 10.999998
v 178.905334 20.174166 -0.000002
v 178.905334 20.174166 10.999998
v 178.880249 20.068907 10.999998
v 178.905334 20.174166 -0.000002
v 178.937576 20.276739 -0.000002
v 178.905334 20.174166 10.999998
v 178.937576 20.276739 -0.000002
v 178.937576 20.276739 10.999998
v 178.905334 20.174166 10.999998
v 178.937576 20.276739 -0.000002
v 178.977005 20.376625 -0.000002
v 178.937576 20.276739 10.999998
v 178.977005 20.376625 -0.000002
v 178.977005 20.376625 10.999998
v 178.937576 20.276739 10.999998
v 178.977005 20.376625 -0.000002
v 179.023590 20.473824 -0.000002
v 178.977005 20.376625 10.999998
v 179.023590 20.473824 -0.000002
v 179.023590 20.473824 10.999998
v 178.977005 20.376625 10.999998
v 179.023590 20.473824 -0.000002
v 179.077332 20.568333 -0.000002
v 179.023590 20.473824 10.999998
v 179.077332 20.568333 -0.000002
v 179.077332 20.568333 10.999998
v 179.023590 20.473824 10.999998
v 179.077332 20.568333 -0.000002
v 179.138245 20.660156 -0.000002
v 179.077332 20.568333 10.999998
v 179.138245 20.660156 -0.000002
v 179.138245 20.660156 10.999998
v 179.077332 20.568333 10.999998
v 179.138245 20.660156 -0.000002
v 179.206329 20.749292 -0.000002
v 179.138245 20.660156 10.999998
v 179.206329 20.749292 -0.000002
v 179.206329 20.749292 10.999998
v 179.138245 20.660156 10.999998
v 179.206329 20.749292 -0.000002
v 179.281586 20.835739 -0.000002
v 179.206329 20.749292 10.999998
v 179.281586 20.835739 -0.000002
v 179.281586 20.835739 10.999998
v 179.206329 20.749292 10.999998
v 179.281586 20.835739 -0.000002
v 179.363998 20.919500 -0.000002
v 179.281586 20.835739 10.999998
v 179.363998 20.919500 -0.000002
v 179.363998 20.919500 10.999998
v 179.281586 20.835739 10.999998
v 179.363998 20.919500 -0.000002
v 179.451187 20.998482 -0.000002
v 179.363998 20.919500 10.999998
v 179.451187 20.998482 -0.000002
v 179.451187 20.998482 10.999998
v 179.363998 20.919500 10.999998
v 179.451187 20.998482 -0.000002
v 179.540771 21.070597 -0.000002
v 179.451187 20.998482 10.999998
v 179.540771 21.070597 -0.000002
v 179.540771 21.070597 10.999998
v 179.451187 20.998482 10.999998
v 179.540771 21.070597 -0.000002
v 179.632751 21.135843 -0.000002
v 179.540771 21.070597 10.999998
v 179.632751 21.135843 -0.000002
v 179.632751 21.135843 10.999998
v 179.540771 21.070597 10.999998
v 179.632751 21.135843 -0.000002
v 179.727112 21.194221 -0.000002
v 179.632751 21.135843 10.999998
v 179.727112 21.194221 -0.000002
v 179.727112 21.194221 10.999998
v 179.632751 21.135843 10.999998
v 179.727112 21.194221 -0.000002
v 179.823868 21.245733 -0.000002
v 179.727112 21.194221 10.999998
v 179.823868 21.245733 -0.000002
v 179.823868 21.245733 10.999998
v 179.727112 21.194221 10.999998
v 179.823868 21.245733 -0.000002
v 179.923004 21.290375 -0.000002
v 179.823868 21.245733 10.999998
v 179.923004 21.290375 -0.000002
v 179.923004 21.290375 10.999998
v 179.823868 21.245733 10.999998
v 179.923004 21.290375 -0.000002
v 180.024521 21.328150 -0.000002
v 179.923004 21.290375 10.999998
v 180.024521 21.328150 -0.000002
v 180.024521 21.328150 10.999998
v 179.923004 21.290375 10.999998
v 180.024521 21.328150 -0.000002
v 180.128448 21.359056 -0.000002
v 180.024521 21.328150 10.999998
v 180.128448 21.359056 -0.000002
v 180.128448 21.359056 10.999998
v 180.024521 21.328150 10.999998
v 180.128448 21.359056 -0.000002
v 180.234756 21.383093 -0.000002
v 180.128448 21.359056 10.999998
v 180.234756 21.383093 -0.000002
v 180.234756 21.383093 10.999998
v 180.128448 21.359056 10.999998
v 180.234756 21.383093 -0.000002
v 180.343445 21.400265 -0.000002
v 180.234756 21.383093 10.999998
v 180.343445 21.400265 -0.000002
v 180.343445 21.400265 10.999998
v 180.234756 21.383093 10.999998
v 180.343445 21.400265 -0.000002
v 180.454529 21.410566 -0.000002
v 180.343445 21.400265 10.999998
v 180.454529 21.410566 -0.000002
v 180.454529 21.410566 10.999998
v 180.343445 21.400265 10.999998
v 180.454529 21.410566 -0.000002
v 180.567993 21.414000 -0.000002
v 180.454529 21.410566 10.999998
v 180.567993 21.414000 -0.000002
v 180.567993 21.414000 10.999998
v 180.454529 21.410566 10.999998
v 180.567993 21.414000 -0.000002
v 195.531998 21.414000 -0.000002
v 180.567993 21.414000 10.999998
v 195.531998 21.414000 -0.000002
v 195.531998 21.414000 10.999998
v 180.567993 21.414000 10.999998
v 195.531998 21.414000 -0.000002
v 195.645325 21.410566 -0.000002
v 195.531998 21.414000 10.999998
v 195.645325 21.410566 -0.000002
v 195.645325 21.410566 10.999998
v 195.531998 21.414000 10.999998
v 195.645325 21.410566 -0.000002
v 195.755951 21.400265 -0.000002
v 195.645325 21.410566 10.999998
v 195.755951 21.400265 -0.000002
v 195.755951 21.400265 10.999998
v 195.645325 21.410566 10.999998
v 195.755951 21.400265 -0.000002
v 195.863907 21.383093 -0.000002
v 195.755951 21.400265 10.999998
v 195.863907 21.383093 -0.000002
v 195.863907 21.383093 10.999998
v 195.755951 21.400265 10.999998
v 195.863907 21.383093 -0.000002
v 195.969162 21.359056 -0.000002
v 195.863907 21.383093 10.999998
v 195.969162 21.359056 -0.000002
v 195.969162 21.359056 10.999998
v 195.863907 21.383093 10.999998
v 195.969162 21.359056 -0.000002
v 196.071747 21.328150 -0.000002
v 195.969162 21.359056 10.999998
v 196.071747 21.328150 -0.000002
v 196.071747 21.328150 10.999998
v 195.969162 21.359056 10.999998
v 196.071747 21.328150 -0.000002
v 196.171631 21.290375 -0.000002
v 196.071747 21.328150 10.999998
v 196.171631 21.290375 -0.000002
v 196.171631 21.290375 10.999998
v 196.071747 21.328150 10.999998
v 196.171631 21.290375 -0.000002
v 196.268829 21.245733 -0.000002
v 196.171631 21.290375 10.999998
v 196.268829 21.245733 -0.000002
v 196.268829 21.245733 10.999998
v 196.171631 21.290375 10.999998
v 196.268829 21.245733 -0.000002
v 196.363327 21.194221 -0.000002
v 196.268829 21.245733 10.999998
v 196.363327 21.194221 -0.000002
v 196.363327 21.194221 10.999998
v 196.268829 21.245733 10.999998
v 196.363327 21.194221 -0.000002
v 196.455154 21.135843 -0.000002
v 196.363327 21.194221 10.999998
v 196.455154 21.135843 -0.000002
v 196.455154 21.135843 10.999998
v 196.363327 21.194221 10.999998
v 196.455154 21.135843 -0.000002
v 196.544296 21.070597 -0.000002
v 196.455154 21.135843 10.999998
v 196.544296 21.070597 -0.000002
v 196.544296 21.070597 10.999998
v 196.455154 21.135843 10.999998
v 196.544296 21.070597 -0.000002
v 196.630737 20.998482 -0.000002
v 196.544296 21.070597 10.999998
v 196.630737 20.998482 -0.000002
v 196.630737 20.998482 10.999998
v 196.544296 21.070597 10.999998
v 196.630737 20.998482 -0.000002
v 196.714493 20.919500 -0.000002
v 196.630737 20.998482 10.999998
v 196.714493 20.919500 -0.000002
v 196.714493 20.919500 10.999998
v 196.630737 20.998482 10.999998
v 196.714493 20.919500 -0.000002
v 196.793488 20.835739 -0.000002
v 196.714493 20.919500 10.999998
v 196.793488 20.835739 -0.000002
v 196.793488 20.835739 10.999998
v 196.714493 20.919500 10.999998
v 196.793488 20.835739 -0.000002
v 196.865601 20.749292 -0.000002
v 196.793488 20.835739 10.999998
v 196.865601 20.749292 -0.000002
v 196.865601 20.749292 10.999998
v 196.793488 20.835739 10.999998
v 196.865601 20.749292 -0.000002
v 196.930847 20.660156 -0.000002
v 196.865601 20.749292 10.999998
v 196.930847 20.660156 -0.000002
v 196.930847 20.660156 10.999998
v 196.865601 20.749292 10.999998
v 196.930847 20.660156 -0.000002
v 196.989227 20.568333 -0.000002
v 196.930847 20.660156 10.999998
v 196.989227 20.568333 -0.000002
v 196.989227 20.568333 10.999998
v 196.930847 20.660156 10.999998
v 196.989227 20.568333 -0.000002
v 197.040726 20.473824 -0.000002
v 196.989227 20.568333 10.999998
v 197.040726 20.473824 -0.000002
v 197.040726 20.473824 10.999998
v 196.989227 20.568333 10.999998
v 197.040726 20.473824 -0.000002
v 197.085373 20.376625 -0.000002
v 197.040726 20.473824 10.999998
v 197.085373 20.376625 -0.000002
v 197.085373 20.376625 10.999998
v 197.040726 20.473824 10.999998
v 197.085373 20.376625 -0.000002
v 197.123154 20.276739 -0.000002
v 197.085373 20.376625 10.999998
v 197.123154 20.276739 -0.000002
v 197.123154 20.276739 10.999998
v 197.085373 20.376625 10.999998
v 197.123154 20.276739 -0.000002
v 197.154053 20.174166 -0.000002
v 197.123154 20.276739 10.999998
v 197.154053 20.174166 -0.000002
v 197.154053 20.174166 10.999998
v 197.123154 20.276739 10.999998
v 197.154053 20.174166 -0.000002
v 197.178101 20.068907 -0.000002
v 197.154053 20.174166 10.999998
v 197.178101 20.068907 -0.000002
v 197.178101 20.068907 10.999998
v 197.154053 20.174166 10.999998
v 197.178101 20.068907 -0.000002
v 197.195267 19.960958 -0.000002
v 197.178101 20.068907 10.999998
v 197.195267 19.960958 -0.000002
v 197.195267 19.960958 10.999998
v 197.178101 20.068907 10.999998
v 197.195267 19.960958 -0.000002
v 197.205566 19.850323 -0.000001
v 197.195267 19.960958 10.999998
v 197.205566 19.850323 -0.000001
v 197.205566 19.850323 10.999998
v 197.195267 19.960958 10.999998
v 197.205566 19.850323 -0.000001
v 197.209000 19.737000 -0.000001
v 197.205566 19.850323 10.999998
v 197.209000 19.737000 -0.000001
v 197.209000 19.737000 10.999998
v 197.205566 19.850323 10.999998
v 197.209000 19.737000 -0.000001
v 197.209000 0.000000 0.000000
v 197.209000 19.737000 10.999998
v 197.209000 0.000000 0.000000
v 197.209000 0.000001 11.000000
v 197.209000 19.737000 10.999998
v 197.209000 0.000000 0.000000
v 200.735001 0.000000 0.000000
v 197.209000 0.000001 11.000000
v 200.735001 0.000000 0.000000
v 200.735001 0.000001 11.000000
v 197.209000 0.000001 11.000000
v 200.735001 0.000000 0.000000
v 200.735001 19.737000 -0.000001
v 200.735001 0.000001 11.000000
v 200.735001 19.737000 -0.000001
v 200.735001 19.737000 10.999998
v 200.735001 0.000001 11.000000
v 200.735001 19.737000 -0.000001
v 200.730072 19.971857 -0.000002
v 200.735001 19.737000 10.999998
v 200.730072 19.971857 -0.000002
v 200.730072 19.971857 10.999998
v 200.735001 19.737000 10.999998
v 200.730072 19.971857 -0.000002
v 200.715286 20.203430 -0.000002
v 200.730072 19.971857 10.999998
v 200.715286 20.203430 -0.000002
v 200.715286 20.203430 10.999998
v 200.730072 19.971857 10.999998
v 200.715286 20.203430 -0.000002
v 200.690659 20.431719 -0.000002
v 200.715286 20.203430 10.999998
v 200.690659 20.431719 -0.000002
v 200.690659 20.431719 10.999998
v 200.715286 20.203430 10.999998
v 200.690659 20.431719 -0.000002
v 200.656174 20.656723 -0.000002
v 200.690659 20.431719 10.999998
v 200.656174 20.656723 -0.000002
v 200.656174 20.656723 10.999998
v 200.690659 20.431719 10.999998
v 200.656174 20.656723 -0.000002
v 200.611816 20.878441 -0.000002
v 200.656174 20.656723 10.999998
v 200.611816 20.878441 -0.000002
v 200.611816 20.878441 10.999998
v 200.656174 20.656723 10.999998
v 200.611816 20.878441 -0.000002
v 200.557632 21.096874 -0.000002
v 200.611816 20.878441 10.999998
v 200.557632 21.096874 -0.000002
v 200.557632 21.096874 10.999998
v 200.611816 20.878441 10.999998
v 200.557632 21.096874 -0.000002
v 200.493576 21.312025 -0.000002
v 200.557632 21.096874 10.999998
v 200.493576 21.312025 -0.000002
v 200.493576 21.312025 10.999998
v 200.557632 21.096874 10.999998
v 200.493576 21.312025 -0.000002
v 200.419662 21.523890 -0.000002
v 200.493576 21.312025 10.999998
v 200.419662 21.523890 -0.000002
v 200.419662 21.523890 10.999998
v 200.493576 21.312025 10.999998
v 200.419662 21.523890 -0.000002
v 200.335907 21.732470 -0.000002
v 200.419662 21.523890 10.999998
v 200.335907 21.732470 -0.000002
v 200.335907 21.732470 10.999998
v 200.419662 21.523890 10.999998
v 200.335907 21.732470 -0.000002
v 200.242294 21.937763 -0.000002
v 200.335907 21.732470 10.999998
v 200.242294 21.937763 -0.000002
v 200.242294 21.937763 10.999998
v 200.335907 21.732470 10.999998
v 200.242294 21.937763 -0.000002
v 200.138824 22.139774 -0.000002
v 200.242294 21.937763 10.999998
v 200.138824 22.139774 -0.000002
v 200.138824 22.139774 10.999998
v 200.242294 21.937763 10.999998
v 200.138824 22.139774 -0.000002
v 200.025497 22.338499 -0.000002
v 200.138824 22.139774 10.999998
v 200.025497 22.338499 -0.000002
v 200.025497 22.338499 10.999998
v 200.138824 22.139774 10.999998
v 200.025497 22.338499 -0.000002
v 199.903961 22.532299 -0.000002
v 200.025497 22.338499 10.999998
v 199.903961 22.532299 -0.000002
v 199.903961 22.532299 10.999998
v 200.025497 22.338499 10.999998
v 199.903961 22.532299 -0.000002
v 199.775864 22.719528 -0.000002
v 199.903961 22.532299 10.999998
v 199.775864 22.719528 -0.000002
v 199.775864 22.719528 10.999998
v 199.903961 22.532299 10.999998
v 199.775864 22.719528 -0.000002
v 199.641190 22.900188 -0.000002
v 199.775864 22.719528 10.999998
v 199.641190 22.900188 -0.000002
v 199.641190 22.900188 10.999998
v 199.775864 22.719528 10.999998
v 199.641190 22.900188 -0.000002
v 199.499939 23.074278 -0.000002
v 199.641190 22.900188 10.999998
v 199.499939 23.074278 -0.000002
v 199.499939 23.074278 10.999998
v 199.641190 22.900188 10.999998
v 199.499939 23.074278 -0.000002
v 199.352127 23.241798 -0.000002
v 199.499939 23.074278 10.999998
v 199.352127 23.241798 -0.000002
v 199.352127 23.241798 10.999998
v 199.499939 23.074278 10.999998
v 199.352127 23.241798 -0.000002
v 199.197754 23.402750 -0.000002
v 199.352127 23.241798 10.999998
v 199.197754 23.402750 -0.000002
v 199.197754 23.402750 10.999998
v 199.352127 23.241798 10.999998
v 199.197754 23.402750 -0.000002
v 199.036804 23.557133 -0.000002
v 199.197754 23.402750 10.999998
v 199.036804 23.557133 -0.000002
v 199.036804 23.557133 10.999998
v 199.197754 23.402750 10.999998
v 199.036804 23.557133 -0.000002
v 198.869278 23.704945 -0.000002
v 199.036804 23.557133 10.999998
v 198.869278 23.704945 -0.000002
v 198.869278 23.704945 10.999998
v 199.036804 23.557133 10.999998
v 198.869278 23.704945 -0.000002
v 198.695190 23.846188 -0.000002
v 198.869278 23.704945 10.999998
v 198.695190 23.846188 -0.000002
v 198.695190 23.846188 10.999998
v 198.869278 23.704945 10.999998
v 198.695190 23.846188 -0.000002
v 198.514526 23.980862 -0.000002
v 198.695190 23.846188 10.999998
v 198.514526 23.980862 -0.000002
v 198.514526 23.980862 10.999998
v 198.695190 23.846188 10.999998
v 198.514526 23.980862 -0.000002
v 198.327301 24.108965 -0.000002
v 198.514526 23.980862 10.999998
v 198.327301 24.108965 -0.000002
v 198.327301 24.108965 10.999998
v 198.514526 23.980862 10.999998
v 198.327301 24.108965 -0.000002
v 198.133499 24.230499 -0.000002
v 198.327301 24.108965 10.999998
v 198.133499 24.230499 -0.000002
v 198.133499 24.230499 10.999998
v 198.327301 24.108965 10.999998
v 198.133499 24.230499 -0.000002
v 197.934769 24.343822 -0.000002
v 198.133499 24.230499 10.999998
v 197.934769 24.343822 -0.000002
v 197.934769 24.343822 10.999998
v 198.133499 24.230499 10.999998
v 197.934769 24.343822 -0.000002
v 197.732758 24.447292 -0.000002
v 197.934769 24.343822 10.999998
v 197.732758 24.447292 -0.000002
v 197.732758 24.447292 10.999998
v 197.934769 24.343822 10.999998
v 197.732758 24.447292 -0.000002
v 197.527466 24.540907 -0.000002
v 197.732758 24.447292 10.999998
v 197.527466 24.540907 -0.000002
v 197.527466 24.540907 10.999998
v 197.732758 24.447292 10.999998
v 197.527466 24.540907 -0.000002
v 197.318893 24.624666 -0.000002
v 197.527466 24.540907 10.999998
v 197.318893 24.624666 -0.000002
v 197.318893 24.624666 10.999998
v 197.527466 24.540907 10.999998
v 197.318893 24.624666 -0.000002
v 197.107025 24.698572 -0.000002
v 197.318893 24.624666 10.999998
v 197.107025 24.698572 -0.000002
v 197.107025 24.698572 10.999998
v 197.318893 24.624666 10.999998
v 197.107025 24.698572 -0.000002
v 196.891876 24.762625 -0.000002
v 197.107025 24.698572 10.999998
v 196.891876 24.762625 -0.000002
v 196.891876 24.762625 10.999998
v 197.107025 24.698572 10.999998
v 196.891876 24.762625 -0.000002
v 196.673447 24.816822 -0.000002
v 196.891876 24.762625 10.999998
v 196.673447 24.816822 -0.000002
v 196.673447 24.816822 10.999998
v 196.891876 24.762625 10.999998
v 196.673447 24.816822 -0.000002
v 196.451721 24.861166 -0.000002
v 196.673447 24.816822 10.999998
v 196.451721 24.861166 -0.000002
v 196.451721 24.861166 10.999998
v 196.673447 24.816822 10.999998
v 196.451721 24.861166 -0.000002
v 196.226715 24.895657 -0.000002
v 196.451721 24.861166 10.999998
v 196.226715 24.895657 -0.000002
v 196.226715 24.895657 10.999998
v 196.451721 24.861166 10.999998
v 196.226715 24.895657 -0.000002
v 195.998428 24.920292 -0.000002
v 196.226715 24.895657 10.999998
v 195.998428 24.920292 -0.000002
v 195.998428 24.920292 10.999998
v 196.226715 24.895657 10.999998
v 195.998428 24.920292 -0.000002
v 195.766861 24.935074 -0.000002
v 195.998428 24.920292 10.999998
v 195.766861 24.935074 -0.000002
v 195.766861 24.935074 10.999998
v 195.998428 24.920292 10.999998
v 195.766861 24.935074 -0.000002
v 195.531998 24.940001 -0.000002
v 195.766861 24.935074 10.999998
v 195.531998 24.940001 -0.000002
v 195.531998 24.940001 10.999998
v 195.766861 24.935074 10.999998
v 195.531998 24.940001 -0.000002
v 175.322006 24.940001 -0.000002
v 195.531998 24.940001 10.999998
v 175.322006 24.940001 -0.000002
v 175.322006 24.940001 10.999998
v 195.531998 24.940001 10.999998
v 175.322006 24.940001 -0.000002
v 175.322006 0.000000 0.000000
v 175.322006 24.940001 10.999998
v 175.322006 0.000000 0.000000
v 175.322006 0.000001 11.000000
v 175.322006 24.940001 10.999998
v 175.322006 0.000000 0.000000
v 178.848007 0.000000 0.000000
v 175.322006 0.000001 11.000000
v 178.848007 0.000000 0.000000
v 178.848007 0.000001 11.000000
v 175.322006 0.000001 11.000000
v 230.606003 3.526000 -0.000000
v 230.606003 0.000000 0.000000
v 210.395996 0.000000 0.000000
v 230.601074 19.971857 -0.000002
v 230.606003 19.737000 -0.000001
v 230.606003 10.707000 -0.000001
v 230.561661 20.431719 -0.000002
v 230.586288 20.203430 -0.000002
v 230.601074 19.971857 -0.000002
v 230.482819 20.878441 -0.000002
v 230.527161 20.656723 -0.000002
v 230.561661 20.431719 -0.000002
v 230.364578 21.312025 -0.000002
v 230.428619 21.096874 -0.000002
v 230.482819 20.878441 -0.000002
v 230.206909 21.732470 -0.000002
v 230.290665 21.523890 -0.000002
v 230.364578 21.312025 -0.000002
v 230.009827 22.139774 -0.000002
v 230.113297 21.937763 -0.000002
v 230.206909 21.732470 -0.000002
v 229.774963 22.532299 -0.000002
v 229.896500 22.338499 -0.000002
v 230.009827 22.139774 -0.000002
v 229.512192 22.900188 -0.000002
v 229.646866 22.719528 -0.000002
v 229.774963 22.532299 -0.000002
v 229.223129 23.241798 -0.000002
v 229.370941 23.074278 -0.000002
v 229.512192 22.900188 -0.000002
v 228.907791 23.557133 -0.000002
v 229.068756 23.402750 -0.000002
v 229.223129 23.241798 -0.000002
v 228.566193 23.846188 -0.000002
v 228.740280 23.704945 -0.000002
v 228.907791 23.557133 -0.000002
v 228.198303 24.108965 -0.000002
v 228.385529 23.980862 -0.000002
v 228.566193 23.846188 -0.000002
v 227.805481 24.343822 -0.000002
v 228.004501 24.230499 -0.000002
v 228.198303 24.108965 -0.000002
v 227.395782 24.540907 -0.000002
v 227.602570 24.447292 -0.000002
v 227.805481 24.343822 -0.000002
v 226.970566 24.698572 -0.000002
v 227.185104 24.624666 -0.000002
v 227.395782 24.540907 -0.000002
v 226.529816 24.816822 -0.000002
v 226.752121 24.762625 -0.000002
v 226.970566 24.698572 -0.000002
v 226.073532 24.895657 -0.000002
v 226.303604 24.861166 -0.000002
v 226.529816 24.816822 -0.000002
v 225.601730 24.935074 -0.000002
v 225.839569 24.920292 -0.000002
v 226.073532 24.895657 -0.000002
v 210.395996 24.940001 -0.000002
v 225.360001 24.940001 -0.000002
v 225.601730 24.935074 -0.000002
v 209.929565 24.920292 -0.000002
v 210.161148 24.935074 -0.000002
v 210.395996 24.940001 -0.000002
v 209.476273 24.861166 -0.000002
v 209.701279 24.895657 -0.000002
v 209.929565 24.920292 -0.000002
v 209.036118 24.762625 -0.000002
v 209.254562 24.816822 -0.000002
v 209.476273 24.861166 -0.000002
v 208.609116 24.624666 -0.000002
v 208.820969 24.698572 -0.000002
v 209.036118 24.762625 -0.000002
v 208.195236 24.447292 -0.000002
v 208.400528 24.540907 -0.000002
v 208.609116 24.624666 -0.000002
v 207.794495 24.230499 -0.000002
v 207.993225 24.343822 -0.000002
v 208.195236 24.447292 -0.000002
v 207.413467 23.980862 -0.000002
v 207.600708 24.108965 -0.000002
v 207.794495 24.230499 -0.000002
v 207.058716 23.704945 -0.000002
v 207.232819 23.846188 -0.000002
v 207.413467 23.980862 -0.000002
v 206.730255 23.402750 -0.000002
v 206.891205 23.557133 -0.000002
v 207.058716 23.704945 -0.000002
v 206.428055 23.074278 -0.000002
v 206.575867 23.241798 -0.000002
v 206.730255 23.402750 -0.000002
v 206.152145 22.719528 -0.000002
v 206.286819 22.900188 -0.000002
v 206.428055 23.074278 -0.000002
v 205.902496 22.338499 -0.000002
v 206.024033 22.532299 -0.000002
v 206.152145 22.719528 -0.000002
v 205.685715 21.937763 -0.000002
v 205.789185 22.139774 -0.000002
v 205.902496 22.338499 -0.000002
v 205.508331 21.523890 -0.000002
v 205.592087 21.732470 -0.000002
v 205.685715 21.937763 -0.000002
v 205.370377 21.096874 -0.000002
v 205.434433 21.312025 -0.000002
v 205.508331 21.523890 -0.000002
v 205.271835 20.656723 -0.000002
v 205.316177 20.878441 -0.000002
v 205.370377 21.096874 -0.000002
v 205.212708 20.203430 -0.000002
v 205.237350 20.431719 -0.000002
v 205.271835 20.656723 -0.000002
v 205.192993 19.737000 -0.000001
v 205.197922 19.971857 -0.000002
v 205.212708 20.203430 -0.000002
v 208.718994 14.233000 -0.000001
v 205.192993 5.203000 -0.000000
v 205.192993 19.737000 -0.000001
v 205.197922 4.968143 -0.000000
v 205.192993 5.203000 -0.000000
v 208.718994 14.233000 -0.000001
v 205.237350 4.508281 -0.000000
v 205.212708 4.736569 -0.000000
v 205.197922 4.968143 -0.000000
v 205.316177 4.061559 -0.000000
v 205.271835 4.283278 -0.000000
v 205.237350 4.508281 -0.000000
v 205.434433 3.627976 -0.000000
v 205.370377 3.843125 -0.000000
v 205.316177 4.061559 -0.000000
v 205.592087 3.207531 -0.000000
v 205.508331 3.416111 -0.000000
v 205.434433 3.627976 -0.000000
v 205.789185 2.800226 -0.000000
v 205.685715 3.002236 -0.000000
v 205.592087 3.207531 -0.000000
v 206.024033 2.407701 -0.000000
v 205.902496 2.601500 -0.000000
v 205.789185 2.800226 -0.000000
v 206.286819 2.039813 -0.000000
v 206.152145 2.220472 -0.000000
v 206.024033 2.407701 -0.000000
v 206.575867 1.698201 -0.000000
v 206.428055 1.865722 -0.000000
v 206.286819 2.039813 -0.000000
v 206.891205 1.382868 -0.000000
v 206.730255 1.537250 -0.000000
v 206.575867 1.698201 -0.000000
v 207.232819 1.093812 -0.000000
v 207.058716 1.235056 -0.000000
v 206.891205 1.382868 -0.000000
v 207.600708 0.831035 -0.000000
v 207.413467 0.959139 -0.000000
v 207.232819 1.093812 -0.000000
v 207.993225 0.596177 -0.000000
v 207.794495 0.709500 -0.000000
v 207.600708 0.831035 -0.000000
v 208.400528 0.399094 -0.000000
v 208.195236 0.492708 -0.000000
v 207.993225 0.596177 -0.000000
v 208.820969 0.241427 -0.000000
v 208.609116 0.315333 -0.000000
v 208.400528 0.399094 -0.000000
v 209.254562 0.123177 -0.000000
v 209.036118 0.177375 -0.000000
v 208.820969 0.241427 -0.000000
v 209.701279 0.044344 -0.000000
v 209.476273 0.078833 -0.000000
v 209.254562 0.123177 -0.000000
v 210.161148 0.004927 -0.000000
v 209.929565 0.019708 -0.000000
v 209.701279 0.044344 -0.000000
v 230.606003 3.526000 -0.000000
v 210.395996 0.000000 0.000000
v 210.161148 0.004927 -0.000000
v 230.561661 20.431719 -0.000002
v 230.601074 19.971857 -0.000002
v 230.606003 10.707000 -0.000001
v 230.364578 21.312025 -0.000002
v 230.482819 20.878441 -0.000002
v 230.561661 20.431719 -0.000002
v 230.009827 22.139774 -0.000002
v 230.206909 21.732470 -0.000002
v 230.364578 21.312025 -0.000002
v 229.512192 22.900188 -0.000002
v 229.774963 22.532299 -0.000002
v 230.009827 22.139774 -0.000002
v 228.907791 23.557133 -0.000002
v 229.223129 23.241798 -0.000002
v 229.512192 22.900188 -0.000002
v 228.198303 24.108965 -0.000002
v 228.566193 23.846188 -0.000002
v 228.907791 23.557133 -0.000002
v 227.395782 24.540907 -0.000002
v 227.805481 24.343822 -0.000002
v 228.198303 24.108965 -0.000002
v 226.529816 24.816822 -0.000002
v 226.970566 24.698572 -0.000002
v 227.395782 24.540907 -0.000002
v 225.601730 24.935074 -0.000002
v 226.073532 24.895657 -0.000002
v 226.529816 24.816822 -0.000002
v 209.929565 24.920292 -0.000002
v 210.395996 24.940001 -0.000002
v 225.601730 24.935074 -0.000002
v 209.036118 24.762625 -0.000002
v 209.476273 24.861166 -0.000002
v 209.929565 24.920292 -0.000002
v 208.195236 24.447292 -0.000002
v 208.609116 24.624666 -0.000002
v 209.036118 24.762625 -0.000002
v 207.413467 23.980862 -0.000002
v 207.794495 24.230499 -0.000002
v 208.195236 24.447292 -0.000002
v 206.730255 23.402750 -0.000002
v 207.058716 23.704945 -0.000002
v 207.413467 23.980862 -0.000002
v 206.152145 22.719528 -0.000002
v 206.428055 23.074278 -0.000002
v 206.730255 23.402750 -0.000002
v 205.685715 21.937763 -0.000002
v 205.902496 22.338499 -0.000002
v 206.152145 22.719528 -0.000002
v 205.370377 21.096874 -0.000002
v 205.508331 21.523890 -0.000002
v 205.685715 21.937763 -0.000002
v 205.212708 20.203430 -0.000002
v 205.271835 20.656723 -0.000002
v 205.370377 21.096874 -0.000002
v 208.718994 14.233000 -0.000001
v 205.192993 19.737000 -0.000001
v 205.212708 20.203430 -0.000002
v 205.237350 4.508281 -0.000000
v 205.197922 4.968143 -0.000000
v 208.718994 14.233000 -0.000001
v 205.434433 3.627976 -0.000000
v 205.316177 4.061559 -0.000000
v 205.237350 4.508281 -0.000000
v 205.789185 2.800226 -0.000000
v 205.592087 3.207531 -0.000000
v 205.434433 3.627976 -0.000000
v 206.286819 2.039813 -0.000000
v 206.024033 2.407701 -0.000000
v 205.789185 2.800226 -0.000000
v 206.891205 1.382868 -0.000000
v 206.575867 1.698201 -0.000000
v 206.286819 2.039813 -0.000000
v 207.600708 0.831035 -0.000000
v 207.232819 1.093812 -0.000000
v 206.891205 1.382868 -0.000000
v 208.400528 0.399094 -0.000000
v 207.993225 0.596177 -0.000000
v 207.600708 0.831035 -0.000000
v 209.254562 0.123177 -0.000000
v 208.820969 0.241427 -0.000000
v 208.400528 0.399094 -0.000000
v 210.161148 0.004927 -0.000000
v 209.701279 0.044344 -0.000000
v 209.254562 0.123177 -0.000000
v 210.395996 3.526000 -0.000000
v 230.606003 3.526000 -0.000000
v 210.161148 0.004927 -0.000000
v 230.364578 21.312025 -0.000002
v 230.561661 20.431719 -0.000002
v 230.606003 10.707000 -0.000001
v 229.512192 22.900188 -0.000002
v 230.009827 22.139774 -0.000002
v 230.364578 21.312025 -0.000002
v 228.198303 24.108965 -0.000002
v 228.907791 23.557133 -0.000002
v 229.512192 22.900188 -0.000002
v 226.529816 24.816822 -0.000002
v 227.395782 24.540907 -0.000002
v 228.198303 24.108965 -0.000002
v 209.929565 24.920292 -0.000002
v 225.601730 24.935074 -0.000002
v 226.529816 24.816822 -0.000002
v 208.195236 24.447292 -0.000002
v 209.036118 24.762625 -0.000002
v 209.929565 24.920292 -0.000002
v 206.730255 23.402750 -0.000002
v 207.413467 23.980862 -0.000002
v 208.195236 24.447292 -0.000002
v 205.685715 21.937763 -0.000002
v 206.152145 22.719528 -0.000002
v 206.730255 23.402750 -0.000002
v 205.212708 20.203430 -0.000002
v 205.370377 21.096874 -0.000002
v 205.685715 21.937763 -0.000002
v 208.718994 19.737000 -0.000001
v 208.718994 14.233000 -0.000001
v 205.212708 20.203430 -0.000002
v 205.434433 3.627976 -0.000000
v 205.237350 4.508281 -0.000000
v 208.718994 14.233000 -0.000001
v 206.286819 2.039813 -0.000000
v 205.789185 2.800226 -0.000000
v 205.434433 3.627976 -0.000000
v 207.600708 0.831035 -0.000000
v 206.891205 1.382868 -0.000000
v 206.286819 2.039813 -0.000000
v 209.254562 0.123177 -0.000000
v 208.400528 0.399094 -0.000000
v 207.600708 0.831035 -0.000000
v 210.395996 3.526000 -0.000000
v 210.161148 0.004927 -0.000000
v 209.254562 0.123177 -0.000000
v 229.512192 22.900188 -0.000002
v 230.364578 21.312025 -0.000002
v 230.606003 10.707000 -0.000001
v 226.529816 24.816822 -0.000002
v 228.198303 24.108965 -0.000002
v 229.512192 22.900188 -0.000002
v 208.195236 24.447292 -0.000002
v 209.929565 24.920292 -0.000002
v 226.529816 24.816822 -0.000002
v 205.685715 21.937763 -0.000002
v 206.730255 23.402750 -0.000002
v 208.195236 24.447292 -0.000002
v 208.718994 19.737000 -0.000001
v 205.212708 20.203430 -0.000002
v 205.685715 21.937763 -0.000002
v 206.286819 2.039813 -0.000000
v 205.434433 3.627976 -0.000000
v 208.718994 14.233000 -0.000001
v 209.254562 0.123177 -0.000000
v 207.600708 0.831035 -0.000000
v 206.286819 2.039813 -0.000000
v 210.282684 3.529434 -0.000000
v 210.395996 3.526000 -0.000000
v 209.254562 0.123177 -0.000000
v 226.529816 24.816822 -0.000002
v 229.512192 22.900188 -0.000002
v 230.606003 10.707000 -0.000001
v 205.685715 21.937763 -0.000002
v 208.195236 24.447292 -0.000002
v 226.529816 24.816822 -0.000002
v 208.722427 19.850323 -0.000001
v 208.718994 19.737000 -0.000001
v 205.685715 21.937763 -0.000002
v 210.282684 3.529434 -0.000000
v 209.254562 0.123177 -0.000000
v 206.286819 2.039813 -0.000000
v 208.732742 19.960958 -0.000002
v 208.722427 19.850323 -0.000001
v 205.685715 21.937763 -0.000002
v 210.172043 3.539736 -0.000000
v 210.282684 3.529434 -0.000000
v 206.286819 2.039813 -0.000000
v 208.749908 20.068907 -0.000002
v 208.732742 19.960958 -0.000002
v 205.685715 21.937763 -0.000002
v 210.064087 3.556906 -0.000000
v 210.172043 3.539736 -0.000000
v 206.286819 2.039813 -0.000000
v 208.773941 20.174166 -0.000002
v 208.749908 20.068907 -0.000002
v 205.685715 21.937763 -0.000002
v 209.958832 3.580945 -0.000000
v 210.064087 3.556906 -0.000000
v 206.286819 2.039813 -0.000000
v 208.804855 20.276739 -0.000002
v 208.773941 20.174166 -0.000002
v 205.685715 21.937763 -0.000002
v 209.856262 3.611851 -0.000000
v 209.958832 3.580945 -0.000000
v 206.286819 2.039813 -0.000000
v 208.842621 20.376625 -0.000002
v 208.804855 20.276739 -0.000002
v 205.685715 21.937763 -0.000002
v 209.756378 3.649625 -0.000000
v 209.856262 3.611851 -0.000000
v 206.286819 2.039813 -0.000000
v 208.887268 20.473824 -0.000002
v 208.842621 20.376625 -0.000002
v 205.685715 21.937763 -0.000002
v 209.659180 3.694267 -0.000000
v 209.756378 3.649625 -0.000000
v 206.286819 2.039813 -0.000000
v 208.938782 20.568333 -0.000002
v 208.887268 20.473824 -0.000002
v 205.685715 21.937763 -0.000002
v 209.564667 3.745778 -0.000000
v 209.659180 3.694267 -0.000000
v 206.286819 2.039813 -0.000000
v 208.997162 20.660156 -0.000002
v 208.938782 20.568333 -0.000002
v 205.685715 21.937763 -0.000002
v 209.472839 3.804156 -0.000000
v 209.564667 3.745778 -0.000000
v 206.286819 2.039813 -0.000000
v 209.062408 20.749292 -0.000002
v 208.997162 20.660156 -0.000002
v 205.685715 21.937763 -0.000002
v 209.383713 3.869403 -0.000000
v 209.472839 3.804156 -0.000000
v 206.286819 2.039813 -0.000000
v 209.134521 20.835739 -0.000002
v 209.062408 20.749292 -0.000002
v 205.685715 21.937763 -0.000002
v 209.297256 3.941517 -0.000000
v 209.383713 3.869403 -0.000000
v 206.286819 2.039813 -0.000000
v 209.213501 20.919500 -0.000002
v 209.134521 20.835739 -0.000002
v 205.685715 21.937763 -0.000002
v 209.213501 4.020500 -0.000000
v 209.297256 3.941517 -0.000000
v 206.286819 2.039813 -0.000000
v 209.297256 20.998482 -0.000002
v 209.213501 20.919500 -0.000002
v 205.685715 21.937763 -0.000002
v 209.134521 4.104260 -0.000000
v 209.213501 4.020500 -0.000000
v 206.286819 2.039813 -0.000000
v 209.383713 21.070597 -0.000002
v 209.297256 20.998482 -0.000002
v 205.685715 21.937763 -0.000002
v 209.062408 4.190708 -0.000000
v 209.134521 4.104260 -0.000000
v 206.286819 2.039813 -0.000000
v 209.472839 21.135843 -0.000002
v 209.383713 21.070597 -0.000002
v 205.685715 21.937763 -0.000002
v 208.997162 4.279844 -0.000000
v 209.062408 4.190708 -0.000000
v 206.286819 2.039813 -0.000000
v 209.564667 21.194221 -0.000002
v 209.472839 21.135843 -0.000002
v 205.685715 21.937763 -0.000002
v 208.938782 4.371666 -0.000000
v 208.997162 4.279844 -0.000000
v 206.286819 2.039813 -0.000000
v 209.659180 21.245733 -0.000002
v 209.564667 21.194221 -0.000002
v 205.685715 21.937763 -0.000002
v 208.887268 4.466177 -0.000000
v 208.938782 4.371666 -0.000000
v 206.286819 2.039813 -0.000000
v 209.756378 21.290375 -0.000002
v 209.659180 21.245733 -0.000002
v 205.685715 21.937763 -0.000002
v 208.842621 4.563375 -0.000000
v 208.887268 4.466177 -0.000000
v 206.286819 2.039813 -0.000000
v 209.856262 21.328150 -0.000002
v 209.756378 21.290375 -0.000002
v 205.685715 21.937763 -0.000002
v 208.804855 4.663260 -0.000000
v 208.842621 4.563375 -0.000000
v 206.286819 2.039813 -0.000000
v 209.958832 21.359056 -0.000002
v 209.856262 21.328150 -0.000002
v 205.685715 21.937763 -0.000002
v 208.773941 4.765833 -0.000000
v 208.804855 4.663260 -0.000000
v 206.286819 2.039813 -0.000000
v 210.064087 21.383093 -0.000002
v 209.958832 21.359056 -0.000002
v 205.685715 21.937763 -0.000002
v 208.749908 4.871094 -0.000000
v 208.773941 4.765833 -0.000000
v 206.286819 2.039813 -0.000000
v 210.064087 21.383093 -0.000002
v 205.685715 21.937763 -0.000002
v 226.529816 24.816822 -0.000002
v 208.732742 4.979042 -0.000000
v 208.749908 4.871094 -0.000000
v 206.286819 2.039813 -0.000000
v 210.172043 21.400265 -0.000002
v 210.064087 21.383093 -0.000002
v 226.529816 24.816822 -0.000002
v 208.722427 5.089677 -0.000000
v 208.732742 4.979042 -0.000000
v 206.286819 2.039813 -0.000000
v 210.282684 21.410566 -0.000002
v 210.172043 21.400265 -0.000002
v 226.529816 24.816822 -0.000002
v 208.718994 5.203000 -0.000000
v 208.722427 5.089677 -0.000000
v 206.286819 2.039813 -0.000000
v 210.395996 21.414000 -0.000002
v 210.282684 21.410566 -0.000002
v 226.529816 24.816822 -0.000002
v 208.718994 10.707000 -0.000001
v 208.718994 5.203000 -0.000000
v 206.286819 2.039813 -0.000000
v 225.360001 21.414000 -0.000002
v 210.395996 21.414000 -0.000002
v 226.529816 24.816822 -0.000002
v 208.718994 10.707000 -0.000001
v 206.286819 2.039813 -0.000000
v 208.718994 14.233000 -0.000001
v 225.473328 21.410566 -0.000002
v 225.360001 21.414000 -0.000002
v 226.529816 24.816822 -0.000002
v 208.718994 10.707000 -0.000001
v 208.718994 14.233000 -0.000001
v 227.037003 14.233000 -0.000001
v 225.583954 21.400265 -0.000002
v 225.473328 21.410566 -0.000002
v 226.529816 24.816822 -0.000002
v 230.606003 10.707000 -0.000001
v 208.718994 10.707000 -0.000001
v 227.037003 14.233000 -0.000001
v 225.691910 21.383093 -0.000002
v 225.583954 21.400265 -0.000002
v 226.529816 24.816822 -0.000002
v 230.606003 10.707000 -0.000001
v 227.037003 14.233000 -0.000001
v 227.037003 19.737000 -0.000001
v 225.797165 21.359056 -0.000002
v 225.691910 21.383093 -0.000002
v 226.529816 24.816822 -0.000002
v 230.606003 10.707000 -0.000001
v 227.037003 19.737000 -0.000001
v 227.033569 19.850323 -0.000001
v 225.899734 21.328150 -0.000002
v 225.797165 21.359056 -0.000002
v 226.529816 24.816822 -0.000002
v 230.606003 10.707000 -0.000001
v 227.033569 19.850323 -0.000001
v 227.023270 19.960958 -0.000002
v 225.999619 21.290375 -0.000002
v 225.899734 21.328150 -0.000002
v 226.529816 24.816822 -0.000002
v 230.606003 10.707000 -0.000001
v 227.023270 19.960958 -0.000002
v 227.006088 20.068907 -0.000002
v 226.096817 21.245733 -0.000002
v 225.999619 21.290375 -0.000002
v 226.529816 24.816822 -0.000002
v 230.606003 10.707000 -0.000001
v 227.006088 20.068907 -0.000002
v 226.982056 20.174166 -0.000002
v 226.191330 21.194221 -0.000002
v 226.096817 21.245733 -0.000002
v 226.529816 24.816822 -0.000002
v 230.606003 10.707000 -0.000001
v 226.982056 20.174166 -0.000002
v 226.951157 20.276739 -0.000002
v 226.283157 21.135843 -0.000002
v 226.191330 21.194221 -0.000002
v 226.529816 24.816822 -0.000002
v 230.606003 10.707000 -0.000001
v 226.951157 20.276739 -0.000002
v 226.913376 20.376625 -0.000002
v 226.372299 21.070597 -0.000002
v 226.283157 21.135843 -0.000002
v 226.529816 24.816822 -0.000002
v 226.529816 24.816822 -0.000002
v 230.606003 10.707000 -0.000001
v 226.913376 20.376625 -0.000002
v 226.458740 20.998482 -0.000002
v 226.372299 21.070597 -0.000002
v 226.529816 24.816822 -0.000002
v 226.529816 24.816822 -0.000002
v 226.913376 20.376625 -0.000002
v 226.868729 20.473824 -0.000002
v 226.542496 20.919500 -0.000002
v 226.458740 20.998482 -0.000002
v 226.529816 24.816822 -0.000002
v 226.529816 24.816822 -0.000002
v 226.868729 20.473824 -0.000002
v 226.817215 20.568333 -0.000002
v 226.621475 20.835739 -0.000002
v 226.542496 20.919500 -0.000002
v 226.529816 24.816822 -0.000002
v 226.529816 24.816822 -0.000002
v 226.817215 20.568333 -0.000002
v 226.758850 20.660156 -0.000002
v 226.693604 20.749292 -0.000002
v 226.621475 20.835739 -0.000002
v 226.529816 24.816822 -0.000002
v 226.529816 24.816822 -0.000002
v 226.758850 20.660156 -0.000002
v 226.693604 20.749292 -0.000002
v 210.395996 0.000001 11.000000
v 230.606003 0.000001 11.000000
v 230.606003 3.526001 11.000000
v 230.606003 10.707001 10.999999
v 230.606003 19.737000 10.999998
v 230.601074 19.971857 10.999998
v 230.601074 19.971857 10.999998
v 230.586288 20.203430 10.999998
v 230.561661 20.431719 10.999998
v 230.561661 20.431719 10.999998
v 230.527161 20.656723 10.999998
v 230.482819 20.878441 10.999998
v 230.482819 20.878441 10.999998
v 230.428619 21.096874 10.999998
v 230.364578 21.312025 10.999998
v 230.364578 21.312025 10.999998
v 230.290665 21.523890 10.999998
v 230.206909 21.732470 10.999998
v 230.206909 21.732470 10.999998
v 230.113297 21.937763 10.999998
v 230.009827 22.139774 10.999998
v 230.009827 22.139774 10.999998
v 229.896500 22.338499 10.999998
v 229.774963 22.532299 10.999998
v 229.774963 22.532299 10.999998
v 229.646866 22.719528 10.999998
v 229.512192 22.900188 10.999998
v 229.512192 22.900188 10.999998
v 229.370941 23.074278 10.999998
v 229.223129 23.241798 10.999998
v 229.223129 23.241798 10.999998
v 229.068756 23.402750 10.999998
v 228.907791 23.557133 10.999998
v 228.907791 23.557133 10.999998
v 228.740280 23.704945 10.999998
v 228.566193 23.846188 10.999998
v 228.566193 23.846188 10.999998
v 228.385529 23.980862 10.999998
v 228.198303 24.108965 10.999998
v 228.198303 24.108965 10.999998
v 228.004501 24.230499 10.999998
v 227.805481 24.343822 10.999998
v 227.805481 24.343822 10.999998
v 227.602570 24.447292 10.999998
v 227.395782 24.540907 10.999998
v 227.395782 24.540907 10.999998
v 227.185104 24.624666 10.999998
v 226.970566 24.698572 10.999998
v 226.970566 24.698572 10.999998
v 226.752121 24.762625 10.999998
v 226.529816 24.816822 10.999998
v 226.529816 24.816822 10.999998
v 226.303604 24.861166 10.999998
v 226.073532 24.895657 10.999998
v 226.073532 24.895657 10.999998
v 225.839569 24.920292 10.999998
v 225.601730 24.935074 10.999998
v 225.601730 24.935074 10.999998
v 225.360001 24.940001 10.999998
v 210.395996 24.940001 10.999998
v 210.395996 24.940001 10.999998
v 210.161148 24.935074 10.999998
v 209.929565 24.920292 10.999998
v 209.929565 24.920292 10.999998
v 209.701279 24.895657 10.999998
v 209.476273 24.861166 10.999998
v 209.476273 24.861166 10.999998
v 209.254562 24.816822 10.999998
v 209.036118 24.762625 10.999998
v 209.036118 24.762625 10.999998
v 208.820969 24.698572 10.999998
v 208.609116 24.624666 10.999998
v 208.609116 24.624666 10.999998
v 208.400528 24.540907 10.999998
v 208.195236 24.447292 10.999998
v 208.195236 24.447292 10.999998
v 207.993225 24.343822 10.999998
v 207.794495 24.230499 10.999998
v 207.794495 24.230499 10.999998
v 207.600708 24.108965 10.999998
v 207.413467 23.980862 10.999998
v 207.413467 23.980862 10.999998
v 207.232819 23.846188 10.999998
v 207.058716 23.704945 10.999998
v 207.058716 23.704945 10.999998
v 206.891205 23.557133 10.999998
v 206.730255 23.402750 10.999998
v 206.730255 23.402750 10.999998
v 206.575867 23.241798 10.999998
v 206.428055 23.074278 10.999998
v 206.428055 23.074278 10.999998
v 206.286819 22.900188 10.999998
v 206.152145 22.719528 10.999998
v 206.152145 22.719528 10.999998
v 206.024033 22.532299 10.999998
v 205.902496 22.338499 10.999998
v 205.902496 22.338499 10.999998
v 205.789185 22.139774 10.999998
v 205.685715 21.937763 10.999998
v 205.685715 21.937763 10.999998
v 205.592087 21.732470 10.999998
v 205.508331 21.523890 10.999998
v 205.508331 21.523890 10.999998
v 205.434433 21.312025 10.999998
v 205.370377 21.096874 10.999998
v 205.370377 21.096874 10.999998
v 205.316177 20.878441 10.999998
v 205.271835 20.656723 10.999998
v 205.271835 20.656723 10.999998
v 205.237350 20.431719 10.999998
v 205.212708 20.203430 10.999998
v 205.212708 20.203430 10.999998
v 205.197922 19.971857 10.999998
v 205.192993 19.737000 10.999998
v 205.192993 19.737000 10.999998
v 205.192993 5.203001 11.000000
v 208.718994 14.233001 10.999999
v 208.718994 14.233001 10.999999
v 205.192993 5.203001 11.000000
v 205.197922 4.968143 11.000000
v 205.197922 4.968143 11.000000
v 205.212708 4.736570 11.000000
v 205.237350 4.508282 11.000000
v 205.237350 4.508282 11.000000
v 205.271835 4.283279 11.000000
v 205.316177 4.061560 11.000000
v 205.316177 4.061560 11.000000
v 205.370377 3.843126 11.000000
v 205.434433 3.627976 11.000000
v 205.434433 3.627976 11.000000
v 205.508331 3.416112 11.000000
v 205.592087 3.207532 11.000000
v 205.592087 3.207532 11.000000
v 205.685715 3.002237 11.000000
v 205.789185 2.800226 11.000000
v 205.789185 2.800226 11.000000
v 205.902496 2.601501 11.000000
v 206.024033 2.407702 11.000000
v 206.024033 2.407702 11.000000
v 206.152145 2.220473 11.000000
v 206.286819 2.039813 11.000000
v 206.286819 2.039813 11.000000
v 206.428055 1.865723 11.000000
v 206.575867 1.698202 11.000000
v 206.575867 1.698202 11.000000
v 206.730255 1.537251 11.000000
v 206.891205 1.382869 11.000000
v 206.891205 1.382869 11.000000
v 207.058716 1.235056 11.000000
v 207.232819 1.093813 11.000000
v 207.232819 1.093813 11.000000
v 207.413467 0.959140 11.000000
v 207.600708 0.831036 11.000000
v 207.600708 0.831036 11.000000
v 207.794495 0.709501 11.000000
v 207.993225 0.596178 11.000000
v 207.993225 0.596178 11.000000
v 208.195236 0.492709 11.000000
v 208.400528 0.399095 11.000000
v 208.400528 0.399095 11.000000
v 208.609116 0.315334 11.000000
v 208.820969 0.241428 11.000000
v 208.820969 0.241428 11.000000
v 209.036118 0.177376 11.000000
v 209.254562 0.123178 11.000000
v 209.254562 0.123178 11.000000
v 209.476273 0.078834 11.000000
v 209.701279 0.044345 11.000000
v 209.701279 0.044345 11.000000
v 209.929565 0.019709 11.000000
v 210.161148 0.004928 11.000000
v 210.161148 0.004928 11.000000
v 210.395996 0.000001 11.000000
v 230.606003 3.526001 11.000000
v 230.606003 10.707001 10.999999
v 230.601074 19.971857 10.999998
v 230.561661 20.431719 10.999998
v 230.561661 20.431719 10.999998
v 230.482819 20.878441 10.999998
v 230.364578 21.312025 10.999998
v 230.364578 21.312025 10.999998
v 230.206909 21.732470 10.999998
v 230.009827 22.139774 10.999998
v 230.009827 22.139774 10.999998
v 229.774963 22.532299 10.999998
v 229.512192 22.900188 10.999998
v 229.512192 22.900188 10.999998
v 229.223129 23.241798 10.999998
v 228.907791 23.557133 10.999998
v 228.907791 23.557133 10.999998
v 228.566193 23.846188 10.999998
v 228.198303 24.108965 10.999998
v 228.198303 24.108965 10.999998
v 227.805481 24.343822 10.999998
v 227.395782 24.540907 10.999998
v 227.395782 24.540907 10.999998
v 226.970566 24.698572 10.999998
v 226.529816 24.816822 10.999998
v 226.529816 24.816822 10.999998
v 226.073532 24.895657 10.999998
v 225.601730 24.935074 10.999998
v 225.601730 24.935074 10.999998
v 210.395996 24.940001 10.999998
v 209.929565 24.920292 10.999998
v 209.929565 24.920292 10.999998
v 209.476273 24.861166 10.999998
v 209.036118 24.762625 10.999998
v 209.036118 24.762625 10.999998
v 208.609116 24.624666 10.999998
v 208.195236 24.447292 10.999998
v 208.195236 24.447292 10.999998
v 207.794495 24.230499 10.999998
v 207.413467 23.980862 10.999998
v 207.413467 23.980862 10.999998
v 207.058716 23.704945 10.999998
v 206.730255 23.402750 10.999998
v 206.730255 23.402750 10.999998
v 206.428055 23.074278 10.999998
v 206.152145 22.719528 10.999998
v 206.152145 22.719528 10.999998
v 205.902496 22.338499 10.999998
v 205.685715 21.937763 10.999998
v 205.685715 21.937763 10.999998
v 205.508331 21.523890 10.999998
v 205.370377 21.096874 10.999998
v 205.370377 21.096874 10.999998
v 205.271835 20.656723 10.999998
v 205.212708 20.203430 10.999998
v 205.212708 20.203430 10.999998
v 205.192993 19.737000 10.999998
v 208.718994 14.233001 10.999999
v 208.718994 14.233001 10.999999
v 205.197922 4.968143 11.000000
v 205.237350 4.508282 11.000000
v 205.237350 4.508282 11.000000
v 205.316177 4.061560 11.000000
v 205.434433 3.627976 11.000000
v 205.434433 3.627976 11.000000
v 205.592087 3.207532 11.000000
v 205.789185 2.800226 11.000000
v 205.789185 2.800226 11.000000
v 206.024033 2.407702 11.000000
v 206.286819 2.039813 11.000000
v 206.286819 2.039813 11.000000
v 206.575867 1.698202 11.000000
v 206.891205 1.382869 11.000000
v 206.891205 1.382869 11.000000
v 207.232819 1.093813 11.000000
v 207.600708 0.831036 11.000000
v 207.600708 0.831036 11.000000
v 207.993225 0.596178 11.000000
v 208.400528 0.399095 11.000000
v 208.400528 0.399095 11.000000
v 208.820969 0.241428 11.000000
v 209.254562 0.123178 11.000000
v 209.254562 0.123178 11.000000
v 209.701279 0.044345 11.000000
v 210.161148 0.004928 11.000000
v 210.161148 0.004928 11.000000
v 230.606003 3.526001 11.000000
v 210.395996 3.526001 11.000000
v 230.606003 10.707001 10.999999
v 230.561661 20.431719 10.999998
v 230.364578 21.312025 10.999998
v 230.364578 21.312025 10.999998
v 230.009827 22.139774 10.999998
v 229.512192 22.900188 10.999998
v 229.512192 22.900188 10.999998
v 228.907791 23.557133 10.999998
v 228.198303 24.108965 10.999998
v 228.198303 24.108965 10.999998
v 227.395782 24.540907 10.999998
v 226.529816 24.816822 10.999998
v 226.529816 24.816822 10.999998
v 225.601730 24.935074 10.999998
v 209.929565 24.920292 10.999998
v 209.929565 24.920292 10.999998
v 209.036118 24.762625 10.999998
v 208.195236 24.447292 10.999998
v 208.195236 24.447292 10.999998
v 207.413467 23.980862 10.999998
v 206.730255 23.402750 10.999998
v 206.730255 23.402750 10.999998
v 206.152145 22.719528 10.999998
v 205.685715 21.937763 10.999998
v 205.685715 21.937763 10.999998
v 205.370377 21.096874 10.999998
v 205.212708 20.203430 10.999998
v 205.212708 20.203430 10.999998
v 208.718994 14.233001 10.999999
v 208.718994 19.737000 10.999998
v 208.718994 14.233001 10.999999
v 205.237350 4.508282 11.000000
v 205.434433 3.627976 11.000000
v 205.434433 3.627976 11.000000
v 205.789185 2.800226 11.000000
v 206.286819 2.039813 11.000000
v 206.286819 2.039813 11.000000
v 206.891205 1.382869 11.000000
v 207.600708 0.831036 11.000000
v 207.600708 0.831036 11.000000
v 208.400528 0.399095 11.000000
v 209.254562 0.123178 11.000000
v 209.254562 0.123178 11.000000
v 210.161148 0.004928 11.000000
v 210.395996 3.526001 11.000000
v 230.606003 10.707001 10.999999
v 230.364578 21.312025 10.999998
v 229.512192 22.900188 10.999998
v 229.512192 22.900188 10.999998
v 228.198303 24.108965 10.999998
v 226.529816 24.816822 10.999998
v 226.529816 24.816822 10.999998
v 209.929565 24.920292 10.999998
v 208.195236 24.447292 10.999998
v 208.195236 24.447292 10.999998
v 206.730255 23.402750 10.999998
v 205.685715 21.937763 10.999998
v 205.685715 21.937763 10.999998
v 205.212708 20.203430 10.999998
v 208.718994 19.737000 10.999998
v 208.718994 14.233001 10.999999
v 205.434433 3.627976 11.000000
v 206.286819 2.039813 11.000000
v 206.286819 2.039813 11.000000
v 207.600708 0.831036 11.000000
v 209.254562 0.123178 11.000000
v 209.254562 0.123178 11.000000
v 210.395996 3.526001 11.000000
v 210.282684 3.529435 11.000000
v 230.606003 10.707001 10.999999
v 229.512192 22.900188 10.999998
v 226.529816 24.816822 10.999998
v 226.529816 24.816822 10.999998
v 208.195236 24.447292 10.999998
v 205.685715 21.937763 10.999998
v 205.685715 21.937763 10.999998
v 208.718994 19.737000 10.999998
v 208.722427 19.850323 10.999998
v 206.286819 2.039813 11.000000
v 209.254562 0.123178 11.000000
v 210.282684 3.529435 11.000000
v 205.685715 21.937763 10.999998
v 208.722427 19.850323 10.999998
v 208.732742 19.960958 10.999998
v 206.286819 2.039813 11.000000
v 210.282684 3.529435 11.000000
v 210.172043 3.539737 11.000000
v 205.685715 21.937763 10.999998
v 208.732742 19.960958 10.999998
v 208.749908 20.068907 10.999998
v 206.286819 2.039813 11.000000
v 210.172043 3.539737 11.000000
v 210.064087 3.556907 11.000000
v 205.685715 21.937763 10.999998
v 208.749908 20.068907 10.999998
v 208.773941 20.174166 10.999998
v 206.286819 2.039813 11.000000
v 210.064087 3.556907 11.000000
v 209.958832 3.580945 11.000000
v 205.685715 21.937763 10.999998
v 208.773941 20.174166 10.999998
v 208.804855 20.276739 10.999998
v 206.286819 2.039813 11.000000
v 209.958832 3.580945 11.000000
v 209.856262 3.611851 11.000000
v 205.685715 21.937763 10.999998
v 208.804855 20.276739 10.999998
v 208.842621 20.376625 10.999998
v 206.286819 2.039813 11.000000
v 209.856262 3.611851 11.000000
v 209.756378 3.649626 11.000000
v 205.685715 21.937763 10.999998
v 208.842621 20.376625 10.999998
v 208.887268 20.473824 10.999998
v 206.286819 2.039813 11.000000
v 209.756378 3.649626 11.000000
v 209.659180 3.694268 11.000000
v 205.685715 21.937763 10.999998
v 208.887268 20.473824 10.999998
v 208.938782 20.568333 10.999998
v 206.286819 2.039813 11.000000
v 209.659180 3.694268 11.000000
v 209.564667 3.745779 11.000000
v 205.685715 21.937763 10.999998
v 208.938782 20.568333 10.999998
v 208.997162 20.660156 10.999998
v 206.286819 2.039813 11.000000
v 209.564667 3.745779 11.000000
v 209.472839 3.804157 11.000000
v 205.685715 21.937763 10.999998
v 208.997162 20.660156 10.999998
v 209.062408 20.749292 10.999998
v 206.286819 2.039813 11.000000
v 209.472839 3.804157 11.000000
v 209.383713 3.869404 11.000000
v 205.685715 21.937763 10.999998
v 209.062408 20.749292 10.999998
v 209.134521 20.835739 10.999998
v 206.286819 2.039813 11.000000
v 209.383713 3.869404 11.000000
v 209.297256 3.941518 11.000000
v 205.685715 21.937763 10.999998
v 209.134521 20.835739 10.999998
v 209.213501 20.919500 10.999998
v 206.286819 2.039813 11.000000
v 209.297256 3.941518 11.000000
v 209.213501 4.020501 11.000000
v 205.685715 21.937763 10.999998
v 209.213501 20.919500 10.999998
v 209.297256 20.998482 10.999998
v 206.286819 2.039813 11.000000
v 209.213501 4.020501 11.000000
v 209.134521 4.104261 11.000000
v 205.685715 21.937763 10.999998
v 209.297256 20.998482 10.999998
v 209.383713 21.070597 10.999998
v 206.286819 2.039813 11.000000
v 209.134521 4.104261 11.000000
v 209.062408 4.190709 11.000000
v 205.685715 21.937763 10.999998
v 209.383713 21.070597 10.999998
v 209.472839 21.135843 10.999998
v 206.286819 2.039813 11.000000
v 209.062408 4.190709 11.000000
v 208.997162 4.279845 11.000000
v 205.685715 21.937763 10.999998
v 209.472839 21.135843 10.999998
v 209.564667 21.194221 10.999998
v 206.286819 2.039813 11.000000
v 208.997162 4.279845 11.000000
v 208.938782 4.371667 11.000000
v 205.685715 21.937763 10.999998
v 209.564667 21.194221 10.999998
v 209.659180 21.245733 10.999998
v 206.286819 2.039813 11.000000
v 208.938782 4.371667 11.000000
v 208.887268 4.466178 11.000000
v 205.685715 21.937763 10.999998
v 209.659180 21.245733 10.999998
v 209.756378 21.290375 10.999998
v 206.286819 2.039813 11.000000
v 208.887268 4.466178 11.000000
v 208.842621 4.563376 11.000000
v 205.685715 21.937763 10.999998
v 209.756378 21.290375 10.999998
v 209.856262 21.328150 10.999998
v 206.286819 2.039813 11.000000
v 208.842621 4.563376 11.000000
v 208.804855 4.663261 11.000000
v 205.685715 21.937763 10.999998
v 209.856262 21.328150 10.999998
v 209.958832 21.359056 10.999998
v 206.286819 2.039813 11.000000
v 208.804855 4.663261 11.000000
v 208.773941 4.765834 11.000000
v 205.685715 21.937763 10.999998
v 209.958832 21.359056 10.999998
v 210.064087 21.383093 10.999998
v 206.286819 2.039813 11.000000
v 208.773941 4.765834 11.000000
v 208.749908 4.871095 11.000000
v 226.529816 24.816822 10.999998
v 205.685715 21.937763 10.999998
v 210.064087 21.383093 10.999998
v 206.286819 2.039813 11.000000
v 208.749908 4.871095 11.000000
v 208.732742 4.979043 11.000000
v 226.529816 24.816822 10.999998
v 210.064087 21.383093 10.999998
v 210.172043 21.400265 10.999998
v 206.286819 2.039813 11.000000
v 208.732742 4.979043 11.000000
v 208.722427 5.089678 11.000000
v 226.529816 24.816822 10.999998
v 210.172043 21.400265 10.999998
v 210.282684 21.410566 10.999998
v 206.286819 2.039813 11.000000
v 208.722427 5.089678 11.000000
v 208.718994 5.203001 11.000000
v 226.529816 24.816822 10.999998
v 210.282684 21.410566 10.999998
v 210.395996 21.414000 10.999998
v 206.286819 2.039813 11.000000
v 208.718994 5.203001 11.000000
v 208.718994 10.707001 10.999999
v 226.529816 24.816822 10.999998
v 210.395996 21.414000 10.999998
v 225.360001 21.414000 10.999998
v 208.718994 14.233001 10.999999
v 206.286819 2.039813 11.000000
v 208.718994 10.707001 10.999999
v 226.529816 24.816822 10.999998
v 225.360001 21.414000 10.999998
v 225.473328 21.410566 10.999998
v 227.037003 14.233001 10.999999
v 208.718994 14.233001 10.999999
v 208.718994 10.707001 10.999999
v 226.529816 24.816822 10.999998
v 225.473328 21.410566 10.999998
v 225.583954 21.400265 10.999998
v 227.037003 14.233001 10.999999
v 208.718994 10.707001 10.999999
v 230.606003 10.707001 10.999999
v 226.529816 24.816822 10.999998
v 225.583954 21.400265 10.999998
v 225.691910 21.383093 10.999998
v 227.037003 19.737000 10.999998
v 227.037003 14.233001 10.999999
v 230.606003 10.707001 10.999999
v 226.529816 24.816822 10.999998
v 225.691910 21.383093 10.999998
v 225.797165 21.359056 10.999998
v 227.033569 19.850323 10.999998
v 227.037003 19.737000 10.999998
v 230.606003 10.707001 10.999999
v 226.529816 24.816822 10.999998
v 225.797165 21.359056 10.999998
v 225.899734 21.328150 10.999998
v 227.023270 19.960958 10.999998
v 227.033569 19.850323 10.999998
v 230.606003 10.707001 10.999999
v 226.529816 24.816822 10.999998
v 225.899734 21.328150 10.999998
v 225.999619 21.290375 10.999998
v 227.006088 20.068907 10.999998
v 227.023270 19.960958 10.999998
v 230.606003 10.707001 10.999999
v 226.529816 24.816822 10.999998
v 225.999619 21.290375 10.999998
v 226.096817 21.245733 10.999998
v 226.982056 20.174166 10.999998
v 227.006088 20.068907 10.999998
v 230.606003 10.707001 10.999999
v 226.529816 24.816822 10.999998
v 226.096817 21.245733 10.999998
v 226.191330 21.194221 10.999998
v 226.951157 20.276739 10.999998
v 226.982056 20.174166 10.999998
v 230.606003 10.707001 10.999999
v 226.529816 24.816822 10.999998
v 226.191330 21.194221 10.999998
v 226.283157 21.135843 10.999998
v 226.913376 20.376625 10.999998
v 226.951157 20.276739 10.999998
v 230.606003 10.707001 10.999999
v 226.529816 24.816822 10.999998
v 226.283157 21.135843 10.999998
v 226.372299 21.070597 10.999998
v 226.913376 20.376625 10.999998
v 230.606003 10.707001 10.999999
v 226.529816 24.816822 10.999998
v 226.529816 24.816822 10.999998
v 226.372299 21.070597 10.999998
v 226.458740 20.998482 10.999998
v 226.868729 20.473824 10.999998
v 226.913376 20.376625 10.999998
v 226.529816 24.816822 10.999998
v 226.529816 24.816822 10.999998
v 226.458740 20.998482 10.999998
v 226.542496 20.919500 10.999998
v 226.817215 20.568333 10.999998
v 226.868729 20.473824 10.999998
v 226.529816 24.816822 10.999998
v 226.529816 24.816822 10.999998
v 226.542496 20.919500 10.999998
v 226.621475 20.835739 10.999998
v 226.758850 20.660156 10.999998
v 226.817215 20.568333 10.999998
v 226.529816 24.816822 10.999998
v 226.529816 24.816822 10.999998
v 226.621475 20.835739 10.999998
v 226.693604 20.749292 10.999998
v 226.693604 20.749292 10.999998
v 226.758850 20.660156 10.999998
v 226.529816 24.816822 10.999998
v 230.606003 0.000000 0.000000
v 230.606003 3.526000 -0.000000
v 230.606003 0.000001 11.000000
v 230.606003 3.526000 -0.000000
v 230.606003 3.526001 11.000000
v 230.606003 0.000001 11.000000
v 230.606003 3.526000 -0.000000
v 210.395996 3.526000 -0.000000
v 230.606003 3.526001 11.000000
v 210.395996 3.526000 -0.000000
v 210.395996 3.526001 11.000000
v 230.606003 3.526001 11.000000
v 210.395996 3.526000 -0.000000
v 210.282684 3.529434 -0.000000
v 210.395996 3.526001 11.000000
v 210.282684 3.529434 -0.000000
v 210.282684 3.529435 11.000000
v 210.395996 3.526001 11.000000
v 210.282684 3.529434 -0.000000
v 210.172043 3.539736 -0.000000
v 210.282684 3.529435 11.000000
v 210.172043 3.539736 -0.000000
v 210.172043 3.539737 11.000000
v 210.282684 3.529435 11.000000
v 210.172043 3.539736 -0.000000
v 210.064087 3.556906 -0.000000
v 210.172043 3.539737 11.000000
v 210.064087 3.556906 -0.000000
v 210.064087 3.556907 11.000000
v 210.172043 3.539737 11.000000
v 210.064087 3.556906 -0.000000
v 209.958832 3.580945 -0.000000
v 210.064087 3.556907 11.000000
v 209.958832 3.580945 -0.000000
v 209.958832 3.580945 11.000000
v 210.064087 3.556907 11.000000
v 209.958832 3.580945 -0.000000
v 209.856262 3.611851 -0.000000
v 209.958832 3.580945 11.000000
v 209.856262 3.611851 -0.000000
v 209.856262 3.611851 11.000000
v 209.958832 3.580945 11.000000
v 209.856262 3.611851 -0.000000
v 209.756378 3.649625 -0.000000
v 209.856262 3.611851 11.000000
v 209.756378 3.649625 -0.000000
v 209.756378 3.649626 11.000000
v 209.856262 3.611851 11.000000
v 209.756378 3.649625 -0.000000
v 209.659180 3.694267 -0.000000
v 209.756378 3.649626 11.000000
v 209.659180 3.694267 -0.000000
v 209.659180 3.694268 11.000000
v 209.756378 3.649626 11.000000
v 209.659180 3.694267 -0.000000
v 209.564667 3.745778 -0.000000
v 209.659180 3.694268 11.000000
v 209.564667 3.745778 -0.000000
v 209.564667 3.745779 11.000000
v 209.659180 3.694268 11.000000
v 209.564667 3.745778 -0.000000
v 209.472839 3.804156 -0.000000
v 209.564667 3.745779 11.000000
v 209.472839 3.804156 -0.000000
v 209.472839 3.804157 11.000000
v 209.564667 3.745779 11.000000
v 209.472839 3.804156 -0.000000
v 209.383713 3.869403 -0.000000
v 209.472839 3.804157 11.000000
v 209.383713 3.869403 -0.000000
v 209.383713 3.869404 11.000000
v 209.472839 3.804157 11.000000
v 209.383713 3.869403 -0.000000
v 209.297256 3.941517 -0.000000
v 209.383713 3.869404 11.000000
v 209.297256 3.941517 -0.000000
v 209.297256 3.941518 11.000000
v 209.383713 3.869404 11.000000
v 209.297256 3.941517 -0.000000
v 209.213501 4.020500 -0.000000
v 209.297256 3.941518 11.000000
v 209.213501 4.020500 -0.000000
v 209.213501 4.020501 11.000000
v 209.297256 3.941518 11.000000
v 209.213501 4.020500 -0.000000
v 209.134521 4.104260 -0.000000
v 209.213501 4.020501 11.000000
v 209.134521 4.104260 -0.000000
v 209.134521 4.104261 11.000000
v 209.213501 4.020501 11.000000
v 209.134521 4.104260 -0.000000
v 209.062408 4.190708 -0.000000
v 209.134521 4.104261 11.000000
v 209.062408 4.190708 -0.000000
v 209.062408 4.190709 11.000000
v 209.134521 4.104261 11.000000
v 209.062408 4.190708 -0.000000
v 208.997162 4.279844 -0.000000
v 209.062408 4.190709 11.000000
v 208.997162 4.279844 -0.000000
v 208.997162 4.279845 11.000000
v 209.062408 4.190709 11.000000
v 208.997162 4.279844 -0.000000
v 208.938782 4.371666 -0.000000
v 208.997162 4.279845 11.000000
v 208.938782 4.371666 -0.000000
v 208.938782 4.371667 11.000000
v 208.997162 4.279845 11.000000
v 208.938782 4.371666 -0.000000
v 208.887268 4.466177 -0.000000
v 208.938782 4.371667 11.000000
v 208.887268 4.466177 -0.000000
v 208.887268 4.466178 11.000000
v 208.938782 4.371667 11.000000
v 208.887268 4.466177 -0.000000
v 208.842621 4.563375 -0.000000
v 208.887268 4.466178 11.000000
v 208.842621 4.563375 -0.000000
v 208.842621 4.563376 11.000000
v 208.887268 4.466178 11.000000
v 208.842621 4.563375 -0.000000
v 208.804855 4.663260 -0.000000
v 208.842621 4.563376 11.000000
v 208.804855 4.663260 -0.000000
v 208.804855 4.663261 11.000000
v 208.842621 4.563376 11.000000
v 208.804855 4.663260 -0.000000
v 208.773941 4.765833 -0.000000
v 208.804855 4.663261 11.000000
v 208.773941 4.765833 -0.000000
v 208.773941 4.765834 11.000000
v 208.804855 4.663261 11.000000
v 208.773941 4.765833 -0.000000
v 208.749908 4.871094 -0.000000
v 208.773941 4.765834 11.000000
v 208.749908 4.871094 -0.000000
v 208.749908 4.871095 11.000000
v 208.773941 4.765834 11.000000
v 208.749908 4.871094 -0.000000
v 208.732742 4.979042 -0.000000
v 208.749908 4.871095 11.000000
v 208.732742 4.979042 -0.000000
v 208.732742 4.979043 11.000000
v 208.749908 4.871095 11.000000
v 208.732742 4.979042 -0.000000
v 208.722427 5.089677 -0.000000
v 208.732742 4.979043 11.000000
v 208.722427 5.089677 -0.000000
v 208.722427 5.089678 11.000000
v 208.732742 4.979043 11.000000
v 208.722427 5.089677 -0.000000
v 208.718994 5.203000 -0.000000
v 208.722427 5.089678 11.000000
v 208.718994 5.203000 -0.000000
v 208.718994 5.203001 11.000000
v 208.722427 5.089678 11.000000
v 208.718994 5.203000 -0.000000
v 208.718994 10.707000 -0.000001
v 208.718994 5.203001 11.000000
v 208.718994 10.707000 -0.000001
v 208.718994 10.707001 10.999999
v 208.718994 5.203001 11.000000
v 208.718994 10.707000 -0.000001
v 230.606003 10.707000 -0.000001
v 208.718994 10.707001 10.999999
v 230.606003 10.707000 -0.000001
v 230.606003 10.707001 10.999999
v 208.718994 10.707001 10.999999
v 230.606003 10.707000 -0.000001
v 230.606003 19.737000 -0.000001
v 230.606003 10.707001 10.999999
v 230.606003 19.737000 -0.000001
v 230.606003 19.737000 10.999998
v 230.606003 10.707001 10.999999
v 230.606003 19.737000 -0.000001
v 230.601074 19.971857 -0.000002
v 230.606003 19.737000 10.999998
v 230.601074 19.971857 -0.000002
v 230.601074 19.971857 10.999998
v 230.606003 19.737000 10.999998
v 230.601074 19.971857 -0.000002
v 230.586288 20.203430 -0.000002
v 230.601074 19.971857 10.999998
v 230.586288 20.203430 -0.000002
v 230.586288 20.203430 10.999998
v 230.601074 19.971857 10.999998
v 230.586288 20.203430 -0.000002
v 230.561661 20.431719 -0.000002
v 230.586288 20.203430 10.999998
v 230.561661 20.431719 -0.000002
v 230.561661 20.431719 10.999998
v 230.586288 20.203430 10.999998
v 230.561661 20.431719 -0.000002
v 230.527161 20.656723 -0.000002
v 230.561661 20.431719 10.999998
v 230.527161 20.656723 -0.000002
v 230.527161 20.656723 10.999998
v 230.561661 20.431719 10.999998
v 230.527161 20.656723 -0.000002
v 230.482819 20.878441 -0.000002
v 230.527161 20.656723 10.999998
v 230.482819 20.878441 -0.000002
v 230.482819 20.878441 10.999998
v 230.527161 20.656723 10.999998
v 230.482819 20.878441 -0.000002
v 230.428619 21.096874 -0.000002
v 230.482819 20.878441 10.999998
v 230.428619 21.096874 -0.000002
v 230.428619 21.096874 10.999998
v 230.482819 20.878441 10.999998
v 230.428619 21.096874 -0.000002
v 230.364578 21.312025 -0.000002
v 230.428619 21.096874 10.999998
v 230.364578 21.312025 -0.000002
v 230.364578 21.312025 10.999998
v 230.428619 21.096874 10.999998
v 230.364578 21.312025 -0.000002
v 230.290665 21.523890 -0.000002
v 230.364578 21.312025 10.999998
v 230.290665 21.523890 -0.000002
v 230.290665 21.523890 10.999998
v 230.364578 21.312025 10.999998
v 230.290665 21.523890 -0.000002
v 230.206909 21.732470 -0.000002
v 230.290665 21.523890 10.999998
v 230.206909 21.732470 -0.000002
v 230.206909 21.732470 10.999998
v 230.290665 21.523890 10.999998
v 230.206909 21.732470 -0.000002
v 230.113297 21.937763 -0.000002
v 230.206909 21.732470 10.999998
v 230.113297 21.937763 -0.000002
v 230.113297 21.937763 10.999998
v 230.206909 21.732470 10.999998
v 230.113297 21.937763 -0.000002
v 230.009827 22.139774 -0.000002
v 230.113297 21.937763 10.999998
v 230.009827 22.139774 -0.000002
v 230.009827 22.139774 10.999998
v 230.113297 21.937763 10.999998
v 230.009827 22.139774 -0.000002
v 229.896500 22.338499 -0.000002
v 230.009827 22.139774 10.999998
v 229.896500 22.338499 -0.000002
v 229.896500 22.338499 10.999998
v 230.009827 22.139774 10.999998
v 229.896500 22.338499 -0.000002
v 229.774963 22.532299 -0.000002
v 229.896500 22.338499 10.999998
v 229.774963 22.532299 -0.000002
v 229.774963 22.532299 10.999998
v 229.896500 22.338499 10.999998
v 229.774963 22.532299 -0.000002
v 229.646866 22.719528 -0.000002
v 229.774963 22.532299 10.999998
v 229.646866 22.719528 -0.000002
v 229.646866 22.719528 10.999998
v 229.774963 22.532299 10.999998
v 229.646866 22.719528 -0.000002
v 229.512192 22.900188 -0.000002
v 229.646866 22.719528 10.999998
v 229.512192 22.900188 -0.000002
v 229.512192 22.900188 10.999998
v 229.646866 22.719528 10.999998
v 229.512192 22.900188 -0.000002
v 229.370941 23.074278 -0.000002
v 229.512192 22.900188 10.999998
v 229.370941 23.074278 -0.000002
v 229.370941 23.074278 10.999998
v 229.512192 22.900188 10.999998
v 229.370941 23.074278 -0.000002
v 229.223129 23.241798 -0.000002
v 229.370941 23.074278 10.999998
v 229.223129 23.241798 -0.000002
v 229.223129 23.241798 10.999998
v 229.370941 23.074278 10.999998
v 229.223129 23.241798 -0.000002
v 229.068756 23.402750 -0.000002
v 229.223129 23.241798 10.999998
v 229.068756 23.402750 -0.000002
v 229.068756 23.402750 10.999998
v 229.223129 23.241798 10.999998
v 229.068756 23.402750 -0.000002
v 228.907791 23.557133 -0.000002
v 229.068756 23.402750 10.999998
v 228.907791 23.557133 -0.000002
v 228.907791 23.557133 10.999998
v 229.068756 23.402750 10.999998
v 228.907791 23.557133 -0.000002
v 228.740280 23.704945 -0.000002
v 228.907791 23.557133 10.999998
v 228.740280 23.704945 -0.000002
v 228.740280 23.704945 10.999998
v 228.907791 23.557133 10.999998
v 228.740280 23.704945 -0.000002
v 228.566193 23.846188 -0.000002
v 228.740280 23.704945 10.999998
v 228.566193 23.846188 -0.000002
v 228.566193 23.846188 10.999998
v 228.740280 23.704945 10.999998
v 228.566193 23.846188 -0.000002
v 228.385529 23.980862 -0.000002
v 228.566193 23.846188 10.999998
v 228.385529 23.980862 -0.000002
v 228.385529 23.980862 10.999998
v 228.566193 23.846188 10.999998
v 228.385529 23.980862 -0.000002
v 228.198303 24.108965 -0.000002
v 228.385529 23.980862 10.999998
v 228.198303 24.108965 -0.000002
v 228.198303 24.108965 10.999998
v 228.385529 23.980862 10.999998
v 228.198303 24.108965 -0.000002
v 228.004501 24.230499 -0.000002
v 228.198303 24.108965 10.999998
v 228.004501 24.230499 -0.000002
v 228.004501 24.230499 10.999998
v 228.198303 24.108965 10.999998
v 228.004501 24.230499 -0.000002
v 227.805481 24.343822 -0.000002
v 228.004501 24.230499 10.999998
v 227.805481 24.343822 -0.000002
v 227.805481 24.343822 10.999998
v 228.004501 24.230499 10.999998
v 227.805481 24.343822 -0.000002
v 227.602570 24.447292 -0.000002
v 227.805481 24.343822 10.999998
v 227.602570 24.447292 -0.000002
v 227.602570 24.447292 10.999998
v 227.805481 24.343822 10.999998
v 227.602570 24.447292 -0.000002
v 227.395782 24.540907 -0.000002
v 227.602570 24.447292 10.999998
v 227.395782 24.540907 -0.000002
v 227.395782 24.540907 10.999998
v 227.602570 24.447292 10.999998
v 227.395782 24.540907 -0.000002
v 227.185104 24.624666 -0.000002
v 227.395782 24.540907 10.999998
v 227.185104 24.624666 -0.000002
v 227.185104 24.624666 10.999998
v 227.395782 24.540907 10.999998
v 227.185104 24.624666 -0.000002
v 226.970566 24.698572 -0.000002
v 227.185104 24.624666 10.999998
v 226.970566 24.698572 -0.000002
v 226.970566 24.698572 10.999998
v 227.185104 24.624666 10.999998
v 226.970566 24.698572 -0.000002
v 226.752121 24.762625 -0.000002
v 226.970566 24.698572 10.999998
v 226.752121 24.762625 -0.000002
v 226.752121 24.762625 10.999998
v 226.970566 24.698572 10.999998
v 226.752121 24.762625 -0.000002
v 226.529816 24.816822 -0.000002
v 226.752121 24.762625 10.999998
v 226.529816 24.816822 -0.000002
v 226.529816 24.816822 10.999998
v 226.752121 24.762625 10.999998
v 226.529816 24.816822 -0.000002
v 226.303604 24.861166 -0.000002
v 226.529816 24.816822 10.999998
v 226.303604 24.861166 -0.000002
v 226.303604 24.861166 10.999998
v 226.529816 24.816822 10.999998
v 226.303604 24.861166 -0.000002
v 226.073532 24.895657 -0.000002
v 226.303604 24.861166 10.999998
v 226.073532 24.895657 -0.000002
v 226.073532 24.895657 10.999998
v 226.303604 24.861166 10.999998
v 226.073532 24.895657 -0.000002
v 225.839569 24.920292 -0.000002
v 226.073532 24.895657 10.999998
v 225.839569 24.920292 -0.000002
v 225.839569 24.920292 10.999998
v 226.073532 24.895657 10.999998
v 225.839569 24.920292 -0.000002
v 225.601730 24.935074 -0.000002
v 225.839569 24.920292 10.999998
v 225.601730 24.935074 -0.000002
v 225.601730 24.935074 10.999998
v 225.839569 24.920292 10.999998
v 225.601730 24.935074 -0.000002
v 225.360001 24.940001 -0.000002
v 225.601730 24.935074 10.999998
v 225.360001 24.940001 -0.000002
v 225.360001 24.940001 10.999998
v 225.601730 24.935074 10.999998
v 225.360001 24.940001 -0.000002
v 210.395996 24.940001 -0.000002
v 225.360001 24.940001 10.999998
v 210.395996 24.940001 -0.000002
v 210.395996 24.940001 10.999998
v 225.360001 24.940001 10.999998
v 210.395996 24.940001 -0.000002
v 210.161148 24.935074 -0.000002
v 210.395996 24.940001 10.999998
v 210.161148 24.935074 -0.000002
v 210.161148 24.935074 10.999998
v 210.395996 24.940001 10.999998
v 210.161148 24.935074 -0.000002
v 209.929565 24.920292 -0.000002
v 210.161148 24.935074 10.999998
v 209.929565 24.920292 -0.000002
v 209.929565 24.920292 10.999998
v 210.161148 24.935074 10.999998
v 209.929565 24.920292 -0.000002
v 209.701279 24.895657 -0.000002
v 209.929565 24.920292 10.999998
v 209.701279 24.895657 -0.000002
v 209.701279 24.895657 10.999998
v 209.929565 24.920292 10.999998
v 209.701279 24.895657 -0.000002
v 209.476273 24.861166 -0.000002
v 209.701279 24.895657 10.999998
v 209.476273 24.861166 -0.000002
v 209.476273 24.861166 10.999998
v 209.701279 24.895657 10.999998
v 209.476273 24.861166 -0.000002
v 209.254562 24.816822 -0.000002
v 209.476273 24.861166 10.999998
v 209.254562 24.816822 -0.000002
v 209.254562 24.816822 10.999998
v 209.476273 24.861166 10.999998
v 209.254562 24.816822 -0.000002
v 209.036118 24.762625 -0.000002
v 209.254562 24.816822 10.999998
v 209.036118 24.762625 -0.000002
v 209.036118 24.762625 10.999998
v 209.254562 24.816822 10.999998
v 209.036118 24.762625 -0.000002
v 208.820969 24.698572 -0.000002
v 209.036118 24.762625 10.999998
v 208.820969 24.698572 -0.000002
v 208.820969 24.698572 10.999998
v 209.036118 24.762625 10.999998
v 208.820969 24.698572 -0.000002
v 208.609116 24.624666 -0.000002
v 208.820969 24.698572 10.999998
v 208.609116 24.624666 -0.000002
v 208.609116 24.624666 10.999998
v 208.820969 24.698572 10.999998
v 208.609116 24.624666 -0.000002
v 208.400528 24.540907 -0.000002
v 208.609116 24.624666 10.999998
v 208.400528 24.540907 -0.000002
v 208.400528 24.540907 10.999998
v 208.609116 24.624666 10.999998
v 208.400528 24.540907 -0.000002
v 208.195236 24.447292 -0.000002
v 208.400528 24.540907 10.999998
v 208.195236 24.447292 -0.000002
v 208.195236 24.447292 10.999998
v 208.400528 24.540907 10.999998
v 208.195236 24.447292 -0.000002
v 207.993225 24.343822 -0.000002
v 208.195236 24.447292 10.999998
v 207.993225 24.343822 -0.000002
v 207.993225 24.343822 10.999998
v 208.195236 24.447292 10.999998
v 207.993225 24.343822 -0.000002
v 207.794495 24.230499 -0.000002
v 207.993225 24.343822 10.999998
v 207.794495 24.230499 -0.000002
v 207.794495 24.230499 10.999998
v 207.993225 24.343822 10.999998
v 207.794495 24.230499 -0.000002
v 207.600708 24.108965 -0.000002
v 207.794495 24.230499 10.999998
v 207.600708 24.108965 -0.000002
v 207.600708 24.108965 10.999998
v 207.794495 24.230499 10.999998
v 207.600708 24.108965 -0.000002
v 207.413467 23.980862 -0.000002
v 207.600708 24.108965 10.999998
v 207.413467 23.980862 -0.000002
v 207.413467 23.980862 10.999998
v 207.600708 24.108965 10.999998
v 207.413467 23.980862 -0.000002
v 207.232819 23.846188 -0.000002
v 207.413467 23.980862 10.999998
v 207.232819 23.846188 -0.000002
v 207.232819 23.846188 10.999998
v 207.413467 23.980862 10.999998
v 207.232819 23.846188 -0.000002
v 207.058716 23.704945 -0.000002
v 207.232819 23.846188 10.999998
v 207.058716 23.704945 -0.000002
v 207.058716 23.704945 10.999998
v 207.232819 23.846188 10.999998
v 207.058716 23.704945 -0.000002
v 206.891205 23.557133 -0.000002
v 207.058716 23.704945 10.999998
v 206.891205 23.557133 -0.000002
v 206.891205 23.557133 10.999998
v 207.058716 23.704945 10.999998
v 206.891205 23.557133 -0.000002
v 206.730255 23.402750 -0.000002
v 206.891205 23.557133 10.999998
v 206.730255 23.402750 -0.000002
v 206.730255 23.402750 10.999998
v 206.891205 23.557133 10.999998
v 206.730255 23.402750 -0.000002
v 206.575867 23.241798 -0.000002
v 206.730255 23.402750 10.999998
v 206.575867 23.241798 -0.000002
v 206.575867 23.241798 10.999998
v 206.730255 23.402750 10.999998
v 206.575867 23.241798 -0.000002
v 206.428055 23.074278 -0.000002
v 206.575867 23.241798 10.999998
v 206.428055 23.074278 -0.000002
v 206.428055 23.074278 10.999998
v 206.575867 23.241798 10.999998
v 206.428055 23.074278 -0.000002
v 206.286819 22.900188 -0.000002
v 206.428055 23.074278 10.999998
v 206.286819 22.900188 -0.000002
v 206.286819 22.900188 10.999998
v 206.428055 23.074278 10.999998
v 206.286819 22.900188 -0.000002
v 206.152145 22.719528 -0.000002
v 206.286819 22.900188 10.999998
v 206.152145 22.719528 -0.000002
v 206.152145 22.719528 10.999998
v 206.286819 22.900188 10.999998
v 206.152145 22.719528 -0.000002
v 206.024033 22.532299 -0.000002
v 206.152145 22.719528 10.999998
v 206.024033 22.532299 -0.000002
v 206.024033 22.532299 10.999998
v 206.152145 22.719528 10.999998
v 206.024033 22.532299 -0.000002
v 205.902496 22.338499 -0.000002
v 206.024033 22.532299 10.999998
v 205.902496 22.338499 -0.000002
v 205.902496 22.338499 10.999998
v 206.024033 22.532299 10.999998
v 205.902496 22.338499 -0.000002
v 205.789185 22.139774 -0.000002
v 205.902496 22.338499 10.999998
v 205.789185 22.139774 -0.000002
v 205.789185 22.139774 10.999998
v 205.902496 22.338499 10.999998
v 205.789185 22.139774 -0.000002
v 205.685715 21.937763 -0.000002
v 205.789185 22.139774 10.999998
v 205.685715 21.937763 -0.000002
v 205.685715 21.937763 10.999998
v 205.789185 22.139774 10.999998
v 205.685715 21.937763 -0.000002
v 205.592087 21.732470 -0.000002
v 205.685715 21.937763 10.999998
v 205.592087 21.732470 -0.000002
v 205.592087 21.732470 10.999998
v 205.685715 21.937763 10.999998
v 205.592087 21.732470 -0.000002
v 205.508331 21.523890 -0.000002
v 205.592087 21.732470 10.999998
v 205.508331 21.523890 -0.000002
v 205.508331 21.523890 10.999998
v 205.592087 21.732470 10.999998
v 205.508331 21.523890 -0.000002
v 205.434433 21.312025 -0.000002
v 205.508331 21.523890 10.999998
v 205.434433 21.312025 -0.000002
v 205.434433 21.312025 10.999998
v 205.508331 21.523890 10.999998
v 205.434433 21.312025 -0.000002
v 205.370377 21.096874 -0.000002
v 205.434433 21.312025 10.999998
v 205.370377 21.096874 -0.000002
v 205.370377 21.096874 10.999998
v 205.434433 21.312025 10.999998
v 205.370377 21.096874 -0.000002
v 205.316177 20.878441 -0.000002
v 205.370377 21.096874 10.999998
v 205.316177 20.878441 -0.000002
v 205.316177 20.878441 10.999998
v 205.370377 21.096874 10.999998
v 205.316177 20.878441 -0.000002
v 205.271835 20.656723 -0.000002
v 205.316177 20.878441 10.999998
v 205.271835 20.656723 -0.000002
v 205.271835 20.656723 10.999998
v 205.316177 20.878441 10.999998
v 205.271835 20.656723 -0.000002
v 205.237350 20.431719 -0.000002
v 205.271835 20.656723 10.999998
v 205.237350 20.431719 -0.000002
v 205.237350 20.431719 10.999998
v 205.271835 20.656723 10.999998
v 205.237350 20.431719 -0.000002
v 205.212708 20.203430 -0.000002
v 205.237350 20.431719 10.999998
v 205.212708 20.203430 -0.000002
v 205.212708 20.203430 10.999998
v 205.237350 20.431719 10.999998
v 205.212708 20.203430 -0.000002
v 205.197922 19.971857 -0.000002
v 205.212708 20.203430 10.999998
v 205.197922 19.971857 -0.000002
v 205.197922 19.971857 10.999998
v 205.212708 20.203430 10.999998
v 205.197922 19.971857 -0.000002
v 205.192993 19.737000 -0.000001
v 205.197922 19.971857 10.999998
v 205.192993 19.737000 -0.000001
v 205.192993 19.737000 10.999998
v 205.197922 19.971857 10.999998
v 205.192993 19.737000 -0.000001
v 205.192993 5.203000 -0.000000
v 205.192993 19.737000 10.999998
v 205.192993 5.203000 -0.000000
v 205.192993 5.203001 11.000000
v 205.192993 19.737000 10.999998
v 205.192993 5.203000 -0.000000
v 205.197922 4.968143 -0.000000
v 205.192993 5.203001 11.000000
v 205.197922 4.968143 -0.000000
v 205.197922 4.968143 11.000000
v 205.192993 5.203001 11.000000
v 205.197922 4.968143 -0.000000
v 205.212708 4.736569 -0.000000
v 205.197922 4.968143 11.000000
v 205.212708 4.736569 -0.000000
v 205.212708 4.736570 11.000000
v 205.197922 4.968143 11.000000
v 205.212708 4.736569 -0.000000
v 205.237350 4.508281 -0.000000
v 205.212708 4.736570 11.000000
v 205.237350 4.508281 -0.000000
v 205.237350 4.508282 11.000000
v 205.212708 4.736570 11.000000
v 205.237350 4.508281 -0.000000
v 205.271835 4.283278 -0.000000
v 205.237350 4.508282 11.000000
v 205.271835 4.283278 -0.000000
v 205.271835 4.283279 11.000000
v 205.237350 4.508282 11.000000
v 205.271835 4.283278 -0.000000
v 205.316177 4.061559 -0.000000
v 205.271835 4.283279 11.000000
v 205.316177 4.061559 -0.000000
v 205.316177 4.061560 11.000000
v 205.271835 4.283279 11.000000
v 205.316177 4.061559 -0.000000
v 205.370377 3.843125 -0.000000
v 205.316177 4.061560 11.000000
v 205.370377 3.843125 -0.000000
v 205.370377 3.843126 11.000000
v 205.316177 4.061560 11.000000
v 205.370377 3.843125 -0.000000
v 205.434433 3.627976 -0.000000
v 205.370377 3.843126 11.000000
v 205.434433 3.627976 -0.000000
v 205.434433 3.627976 11.000000
v 205.370377 3.843126 11.000000
v 205.434433 3.627976 -0.000000
v 205.508331 3.416111 -0.000000
v 205.434433 3.627976 11.000000
v 205.508331 3.416111 -0.000000
v 205.508331 3.416112 11.000000
v 205.434433 3.627976 11.000000
v 205.508331 3.416111 -0.000000
v 205.592087 3.207531 -0.000000
v 205.508331 3.416112 11.000000
v 205.592087 3.207531 -0.000000
v 205.592087 3.207532 11.000000
v 205.508331 3.416112 11.000000
v 205.592087 3.207531 -0.000000
v 205.685715 3.002236 -0.000000
v 205.592087 3.207532 11.000000
v 205.685715 3.002236 -0.000000
v 205.685715 3.002237 11.000000
v 205.592087 3.207532 11.000000
v 205.685715 3.002236 -0.000000
v 205.789185 2.800226 -0.000000
v 205.685715 3.002237 11.000000
v 205.789185 2.800226 -0.000000
v 205.789185 2.800226 11.000000
v 205.685715 3.002237 11.000000
v 205.789185 2.800226 -0.000000
v 205.902496 2.601500 -0.000000
v 205.789185 2.800226 11.000000
v 205.902496 2.601500 -0.000000
v 205.902496 2.601501 11.000000
v 205.789185 2.800226 11.000000
v 205.902496 2.601500 -0.000000
v 206.024033 2.407701 -0.000000
v 205.902496 2.601501 11.000000
v 206.024033 2.407701 -0.000000
v 206.024033 2.407702 11.000000
v 205.902496 2.601501 11.000000
v 206.024033 2.407701 -0.000000
v 206.152145 2.220472 -0.000000
v 206.024033 2.407702 11.000000
v 206.152145 2.220472 -0.000000
v 206.152145 2.220473 11.000000
v 206.024033 2.407702 11.000000
v 206.152145 2.220472 -0.000000
v 206.286819 2.039813 -0.000000
v 206.152145 2.220473 11.000000
v 206.286819 2.039813 -0.000000
v 206.286819 2.039813 11.000000
v 206.152145 2.220473 11.000000
v 206.286819 2.039813 -0.000000
v 206.428055 1.865722 -0.000000
v 206.286819 2.039813 11.000000
v 206.428055 1.865722 -0.000000
v 206.428055 1.865723 11.000000
v 206.286819 2.039813 11.000000
v 206.428055 1.865722 -0.000000
v 206.575867 1.698201 -0.000000
v 206.428055 1.865723 11.000000
v 206.575867 1.698201 -0.000000
v 206.575867 1.698202 11.000000
v 206.428055 1.865723 11.000000
v 206.575867 1.698201 -0.000000
v 206.730255 1.537250 -0.000000
v 206.575867 1.698202 11.000000
v 206.730255 1.537250 -0.000000
v 206.730255 1.537251 11.000000
v 206.575867 1.698202 11.000000
v 206.730255 1.537250 -0.000000
v 206.891205 1.382868 -0.000000
v 206.730255 1.537251 11.000000
v 206.891205 1.382868 -0.000000
v 206.891205 1.382869 11.000000
v 206.730255 1.537251 11.000000
v 206.891205 1.382868 -0.000000
v 207.058716 1.235056 -0.000000
v 206.891205 1.382869 11.000000
v 207.058716 1.235056 -0.000000
v 207.058716 1.235056 11.000000
v 206.891205 1.382869 11.000000
v 207.058716 1.235056 -0.000000
v 207.232819 1.093812 -0.000000
v 207.058716 1.235056 11.000000
v 207.232819 1.093812 -0.000000
v 207.232819 1.093813 11.000000
v 207.058716 1.235056 11.000000
v 207.232819 1.093812 -0.000000
v 207.413467 0.959139 -0.000000
v 207.232819 1.093813 11.000000
v 207.413467 0.959139 -0.000000
v 207.413467 0.959140 11.000000
v 207.232819 1.093813 11.000000
v 207.413467 0.959139 -0.000000
v 207.600708 0.831035 -0.000000
v 207.413467 0.959140 11.000000
v 207.600708 0.831035 -0.000000
v 207.600708 0.831036 11.000000
v 207.413467 0.959140 11.000000
v 207.600708 0.831035 -0.000000
v 207.794495 0.709500 -0.000000
v 207.600708 0.831036 11.000000
v 207.794495 0.709500 -0.000000
v 207.794495 0.709501 11.000000
v 207.600708 0.831036 11.000000
v 207.794495 0.709500 -0.000000
v 207.993225 0.596177 -0.000000
v 207.794495 0.709501 11.000000
v 207.993225 0.596177 -0.000000
v 207.993225 0.596178 11.000000
v 207.794495 0.709501 11.000000
v 207.993225 0.596177 -0.000000
v 208.195236 0.492708 -0.000000
v 207.993225 0.596178 11.000000
v 208.195236 0.492708 -0.000000
v 208.195236 0.492709 11.000000
v 207.993225 0.596178 11.000000
v 208.195236 0.492708 -0.000000
v 208.400528 0.399094 -0.000000
v 208.195236 0.492709 11.000000
v 208.400528 0.399094 -0.000000
v 208.400528 0.399095 11.000000
v 208.195236 0.492709 11.000000
v 208.400528 0.399094 -0.000000
v 208.609116 0.315333 -0.000000
v 208.400528 0.399095 11.000000
v 208.609116 0.315333 -0.000000
v 208.609116 0.315334 11.000000
v 208.400528 0.399095 11.000000
v 208.609116 0.315333 -0.000000
v 208.820969 0.241427 -0.000000
v 208.609116 0.315334 11.000000
v 208.820969 0.241427 -0.000000
v 208.820969 0.241428 11.000000
v 208.609116 0.315334 11.000000
v 208.820969 0.241427 -0.000000
v 209.036118 0.177375 -0.000000
v 208.820969 0.241428 11.000000
v 209.036118 0.177375 -0.000000
v 209.036118 0.177376 11.000000
v 208.820969 0.241428 11.000000
v 209.036118 0.177375 -0.000000
v 209.254562 0.123177 -0.000000
v 209.036118 0.177376 11.000000
v 209.254562 0.123177 -0.000000
v 209.254562 0.123178 11.000000
v 209.036118 0.177376 11.000000
v 209.254562 0.123177 -0.000000
v 209.476273 0.078833 -0.000000
v 209.254562 0.123178 11.000000
v 209.476273 0.078833 -0.000000
v 209.476273 0.078834 11.000000
v 209.254562 0.123178 11.000000
v 209.476273 0.078833 -0.000000
v 209.701279 0.044344 -0.000000
v 209.476273 0.078834 11.000000
v 209.701279 0.044344 -0.000000
v 209.701279 0.044345 11.000000
v 209.476273 0.078834 11.000000
v 209.701279 0.044344 -0.000000
v 209.929565 0.019708 -0.000000
v 209.701279 0.044345 11.000000
v 209.929565 0.019708 -0.000000
v 209.929565 0.019709 11.000000
v 209.701279 0.044345 11.000000
v 209.929565 0.019708 -0.000000
v 210.161148 0.004927 -0.000000
v 209.929565 0.019709 11.000000
v 210.161148 0.004927 -0.000000
v 210.161148 0.004928 11.000000
v 209.929565 0.019709 11.000000
v 210.161148 0.004927 -0.000000
v 210.395996 0.000000 0.000000
v 210.161148 0.004928 11.000000
v 210.395996 0.000000 0.000000
v 210.395996 0.000001 11.000000
v 210.161148 0.004928 11.000000
v 210.395996 0.000000 0.000000
v 230.606003 0.000000 0.000000
v 210.395996 0.000001 11.000000
v 230.606003 0.000000 0.000000
v 230.606003 0.000001 11.000000
v 210.395996 0.000001 11.000000
v 208.718994 19.737000 -0.000001
v 208.722427 19.850323 -0.000001
v 208.718994 19.737000 10.999998
v 208.722427 19.850323 -0.000001
v 208.722427 19.850323 10.999998
v 208.718994 19.737000 10.999998
v 208.722427 19.850323 -0.000001
v 208.732742 19.960958 -0.000002
v 208.722427 19.850323 10.999998
v 208.732742 19.960958 -0.000002
v 208.732742 19.960958 10.999998
v 208.722427 19.850323 10.999998
v 208.732742 19.960958 -0.000002
v 208.749908 20.068907 -0.000002
v 208.732742 19.960958 10.999998
v 208.749908 20.068907 -0.000002
v 208.749908 20.068907 10.999998
v 208.732742 19.960958 10.999998
v 208.749908 20.068907 -0.000002
v 208.773941 20.174166 -0.000002
v 208.749908 20.068907 10.999998
v 208.773941 20.174166 -0.000002
v 208.773941 20.174166 10.999998
v 208.749908 20.068907 10.999998
v 208.773941 20.174166 -0.000002
v 208.804855 20.276739 -0.000002
v 208.773941 20.174166 10.999998
v 208.804855 20.276739 -0.000002
v 208.804855 20.276739 10.999998
v 208.773941 20.174166 10.999998
v 208.804855 20.276739 -0.000002
v 208.842621 20.376625 -0.000002
v 208.804855 20.276739 10.999998
v 208.842621 20.376625 -0.000002
v 208.842621 20.376625 10.999998
v 208.804855 20.276739 10.999998
v 208.842621 20.376625 -0.000002
v 208.887268 20.473824 -0.000002
v 208.842621 20.376625 10.999998
v 208.887268 20.473824 -0.000002
v 208.887268 20.473824 10.999998
v 208.842621 20.376625 10.999998
v 208.887268 20.473824 -0.000002
v 208.938782 20.568333 -0.000002
v 208.887268 20.473824 10.999998
v 208.938782 20.568333 -0.000002
v 208.938782 20.568333 10.999998
v 208.887268 20.473824 10.999998
v 208.938782 20.568333 -0.000002
v 208.997162 20.660156 -0.000002
v 208.938782 20.568333 10.999998
v 208.997162 20.660156 -0.000002
v 208.997162 20.660156 10.999998
v 208.938782 20.568333 10.999998
v 208.997162 20.660156 -0.000002
v 209.062408 20.749292 -0.000002
v 208.997162 20.660156 10.999998
v 209.062408 20.749292 -0.000002
v 209.062408 20.749292 10.999998
v 208.997162 20.660156 10.999998
v 209.062408 20.749292 -0.000002
v 209.134521 20.835739 -0.000002
v 209.062408 20.749292 10.999998
v 209.134521 20.835739 -0.000002
v 209.134521 20.835739 10.999998
v 209.062408 20.749292 10.999998
v 209.134521 20.835739 -0.000002
v 209.213501 20.919500 -0.000002
v 209.134521 20.835739 10.999998
v 209.213501 20.919500 -0.000002
v 209.213501 20.919500 10.999998
v 209.134521 20.835739 10.999998
v 209.213501 20.919500 -0.000002
v 209.297256 20.998482 -0.000002
v 209.213501 20.919500 10.999998
v 209.297256 20.998482 -0.000002
v 209.297256 20.998482 10.999998
v 209.213501 20.919500 10.999998
v 209.297256 20.998482 -0.000002
v 209.383713 21.070597 -0.000002
v 209.297256 20.998482 10.999998
v 209.383713 21.070597 -0.000002
v 209.383713 21.070597 10.999998
v 209.297256 20.998482 10.999998
v 209.383713 21.070597 -0.000002
v 209.472839 21.135843 -0.000002
v 209.383713 21.070597 10.999998
v 209.472839 21.135843 -0.000002
v 209.472839 21.135843 10.999998
v 209.383713 21.070597 10.999998
v 209.472839 21.135843 -0.000002
v 209.564667 21.194221 -0.000002
v 209.472839 21.135843 10.999998
v 209.564667 21.194221 -0.000002
v 209.564667 21.194221 10.999998
v 209.472839 21.135843 10.999998
v 209.564667 21.194221 -0.000002
v 209.659180 21.245733 -0.000002
v 209.564667 21.194221 10.999998
v 209.659180 21.245733 -0.000002
v 209.659180 21.245733 10.999998
v 209.564667 21.194221 10.999998
v 209.659180 21.245733 -0.000002
v 209.756378 21.290375 -0.000002
v 209.659180 21.245733 10.999998
v 209.756378 21.290375 -0.000002
v 209.756378 21.290375 10.999998
v 209.659180 21.245733 10.999998
v 209.756378 21.290375 -0.000002
v 209.856262 21.328150 -0.000002
v 209.756378 21.290375 10.999998
v 209.856262 21.328150 -0.000002
v 209.856262 21.328150 10.999998
v 209.756378 21.290375 10.999998
v 209.856262 21.328150 -0.000002
v 209.958832 21.359056 -0.000002
v 209.856262 21.328150 10.999998
v 209.958832 21.359056 -0.000002
v 209.958832 21.359056 10.999998
v 209.856262 21.328150 10.999998
v 209.958832 21.359056 -0.000002
v 210.064087 21.383093 -0.000002
v 209.958832 21.359056 10.999998
v 210.064087 21.383093 -0.000002
v 210.064087 21.383093 10.999998
v 209.958832 21.359056 10.999998
v 210.064087 21.383093 -0.000002
v 210.172043 21.400265 -0.000002
v 210.064087 21.383093 10.999998
v 210.172043 21.400265 -0.000002
v 210.172043 21.400265 10.999998
v 210.064087 21.383093 10.999998
v 210.172043 21.400265 -0.000002
v 210.282684 21.410566 -0.000002
v 210.172043 21.400265 10.999998
v 210.282684 21.410566 -0.000002
v 210.282684 21.410566 10.999998
v 210.172043 21.400265 10.999998
v 210.282684 21.410566 -0.000002
v 210.395996 21.414000 -0.000002
v 210.282684 21.410566 10.999998
v 210.395996 21.414000 -0.000002
v 210.395996 21.414000 10.999998
v 210.282684 21.410566 10.999998
v 210.395996 21.414000 -0.000002
v 225.360001 21.414000 -0.000002
v 210.395996 21.414000 10.999998
v 225.360001 21.414000 -0.000002
v 225.360001 21.414000 10.999998
v 210.395996 21.414000 10.999998
v 225.360001 21.414000 -0.000002
v 225.473328 21.410566 -0.000002
v 225.360001 21.414000 10.999998
v 225.473328 21.410566 -0.000002
v 225.473328 21.410566 10.999998
v 225.360001 21.414000 10.999998
v 225.473328 21.410566 -0.000002
v 225.583954 21.400265 -0.000002
v 225.473328 21.410566 10.999998
v 225.583954 21.400265 -0.000002
v 225.583954 21.400265 10.999998
v 225.473328 21.410566 10.999998
v 225.583954 21.400265 -0.000002
v 225.691910 21.383093 -0.000002
v 225.583954 21.400265 10.999998
v 225.691910 21.383093 -0.000002
v 225.691910 21.383093 10.999998
v 225.583954 21.400265 10.999998
v 225.691910 21.383093 -0.000002
v 225.797165 21.359056 -0.000002
v 225.691910 21.383093 10.999998
v 225.797165 21.359056 -0.000002
v 225.797165 21.359056 10.999998
v 225.691910 21.383093 10.999998
v 225.797165 21.359056 -0.000002
v 225.899734 21.328150 -0.000002
v 225.797165 21.359056 10.999998
v 225.899734 21.328150 -0.000002
v 225.899734 21.328150 10.999998
v 225.797165 21.359056 10.999998
v 225.899734 21.328150 -0.000002
v 225.999619 21.290375 -0.000002
v 225.899734 21.328150 10.999998
v 225.999619 21.290375 -0.000002
v 225.999619 21.290375 10.999998
v 225.899734 21.328150 10.999998
v 225.999619 21.290375 -0.000002
v 226.096817 21.245733 -0.000002
v 225.999619 21.290375 10.999998
v 226.096817 21.245733 -0.000002
v 226.096817 21.245733 10.999998
v 225.999619 21.290375 10.999998
v 226.096817 21.245733 -0.000002
v 226.191330 21.194221 -0.000002
v 226.096817 21.245733 10.999998
v 226.191330 21.194221 -0.000002
v 226.191330 21.194221 10.999998
v 226.096817 21.245733 10.999998
v 226.191330 21.194221 -0.000002
v 226.283157 21.135843 -0.000002
v 226.191330 21.194221 10.999998
v 226.283157 21.135843 -0.000002
v 226.283157 21.135843 10.999998
v 226.191330 21.194221 10.999998
v 226.283157 21.135843 -0.000002
v 226.372299 21.070597 -0.000002
v 226.283157 21.135843 10.999998
v 226.372299 21.070597 -0.000002
v 226.372299 21.070597 10.999998
v 226.283157 21.135843 10.999998
v 226.372299 21.070597 -0.000002
v 226.458740 20.998482 -0.000002
v 226.372299 21.070597 10.999998
v 226.458740 20.998482 -0.000002
v 226.458740 20.998482 10.999998
v 226.372299 21.070597 10.999998
v 226.458740 20.998482 -0.000002
v 226.542496 20.919500 -0.000002
v 226.458740 20.998482 10.999998
v 226.542496 20.919500 -0.000002
v 226.542496 20.919500 10.999998
v 226.458740 20.998482 10.999998
v 226.542496 20.919500 -0.000002
v 226.621475 20.835739 -0.000002
v 226.542496 20.919500 10.999998
v 226.621475 20.835739 -0.000002
v 226.621475 20.835739 10.999998
v 226.542496 20.919500 10.999998
v 226.621475 20.835739 -0.000002
v 226.693604 20.749292 -0.000002
v 226.621475 20.835739 10.999998
v 226.693604 20.749292 -0.000002
v 226.693604 20.749292 10.999998
v 226.621475 20.835739 10.999998
v 226.693604 20.749292 -0.000002
v 226.758850 20.660156 -0.000002
v 226.693604 20.749292 10.999998
v 226.758850 20.660156 -0.000002
v 226.758850 20.660156 10.999998
v 226.693604 20.749292 10.999998
v 226.758850 20.660156 -0.000002
v 226.817215 20.568333 -0.000002
v 226.758850 20.660156 10.999998
v 226.817215 20.568333 -0.000002
v 226.817215 20.568333 10.999998
v 226.758850 20.660156 10.999998
v 226.817215 20.568333 -0.000002
v 226.868729 20.473824 -0.000002
v 226.817215 20.568333 10.999998
v 226.868729 20.473824 -0.000002
v 226.868729 20.473824 10.999998
v 226.817215 20.568333 10.999998
v 226.868729 20.473824 -0.000002
v 226.913376 20.376625 -0.000002
v 226.868729 20.473824 10.999998
v 226.913376 20.376625 -0.000002
v 226.913376 20.376625 10.999998
v 226.868729 20.473824 10.999998
v 226.913376 20.376625 -0.000002
v 226.951157 20.276739 -0.000002
v 226.913376 20.376625 10.999998
v 226.951157 20.276739 -0.000002
v 226.951157 20.276739 10.999998
v 226.913376 20.376625 10.999998
v 226.951157 20.276739 -0.000002
v 226.982056 20.174166 -0.000002
v 226.951157 20.276739 10.999998
v 226.982056 20.174166 -0.000002
v 226.982056 20.174166 10.999998
v 226.951157 20.276739 10.999998
v 226.982056 20.174166 -0.000002
v 227.006088 20.068907 -0.000002
v 226.982056 20.174166 10.999998
v 227.006088 20.068907 -0.000002
v 227.006088 20.068907 10.999998
v 226.982056 20.174166 10.999998
v 227.006088 20.068907 -0.000002
v 227.023270 19.960958 -0.000002
v 227.006088 20.068907 10.999998
v 227.023270 19.960958 -0.000002
v 227.023270 19.960958 10.999998
v 227.006088 20.068907 10.999998
v 227.023270 19.960958 -0.000002
v 227.033569 19.850323 -0.000001
v 227.023270 19.960958 10.999998
v 227.033569 19.850323 -0.000001
v 227.033569 19.850323 10.999998
v 227.023270 19.960958 10.999998
v 227.033569 19.850323 -0.000001
v 227.037003 19.737000 -0.000001
v 227.033569 19.850323 10.999998
v 227.037003 19.737000 -0.000001
v 227.037003 19.737000 10.999998
v 227.033569 19.850323 10.999998
v 227.037003 19.737000 -0.000001
v 227.037003 14.233000 -0.000001
v 227.037003 19.737000 10.999998
v 227.037003 14.233000 -0.000001
v 227.037003 14.233001 10.999999
v 227.037003 19.737000 10.999998
v 227.037003 14.233000 -0.000001
v 208.718994 14.233000 -0.000001
v 227.037003 14.233001 10.999999
v 208.718994 14.233000 -0.000001
v 208.718994 14.233001 10.999999
v 227.037003 14.233001 10.999999
v 208.718994 14.233000 -0.000001
v 208.718994 19.737000 -0.000001
v 208.718994 14.233001 10.999999
v 208.718994 19.737000 -0.000001
v 208.718994 19.737000 10.999998
v 208.718994 14.233001 10.999999
vn -0.0000 -0.0000 -1.0000
vn -0.0000 -0.0000 1.0000
vn 0.9396 -0.3422 -0.0000
vn -0.9396 -0.3422 -0.0000
vn -0.0000 -1.0000 -0.0000
vn 0.9397 -0.3420 -0.0000
vn -0.0000 1.0000 -0.0000
vn -0.9404 0.3400 -0.0000
vn 0.9394 0.3429 -0.0000
vn -0.9399 0.3415 -0.0000
vn -0.9397 -0.3420 -0.0000
vn 1.0000 -0.0000 -0.0000
vn -1.0000 -0.0000 -0.0000
vn -0.0001 -0.0000 1.0000
vn 0.9995 -0.0315 -0.0000
vn 0.9995 -0.0317 -0.0000
vn 0.9953 -0.0968 -0.0000
vn 0.9953 -0.0966 -0.0000
vn 0.9865 -0.1637 -0.0000
vn 0.9728 -0.2318 -0.0000
vn 0.9727 -0.2320 -0.0000
vn 0.9540 -0.2999 -0.0000
vn 0.9303 -0.3669 -0.0000
vn 0.9302 -0.3671 -0.0000
vn 0.9018 -0.4322 -0.0000
vn 0.8692 -0.4944 -0.0000
vn 0.8693 -0.4943 -0.0000
vn 0.8333 -0.5529 -0.0000
vn 0.7947 -0.6071 -0.0000
vn 0.7948 -0.6069 -0.0000
vn 0.7542 -0.6566 -0.0000
vn 0.7543 -0.6565 -0.0000
vn 0.7128 -0.7013 -0.0000
vn 0.7127 -0.7014 -0.0000
vn 0.6714 -0.7411 -0.0000
vn 0.6713 -0.7412 -0.0000
vn 0.6271 -0.7789 -0.0000
vn 0.6270 -0.7790 -0.0000
vn 0.5787 -0.8155 -0.0000
vn 0.5786 -0.8156 -0.0000
vn 0.5261 -0.8504 -0.0000
vn 0.4701 -0.8826 -0.0000
vn 0.4699 -0.8827 -0.0000
vn 0.4106 -0.9118 -0.0000
vn 0.3487 -0.9372 -0.0000
vn 0.2851 -0.9585 -0.0000
vn 0.2205 -0.9754 -0.0000
vn 0.1561 -0.9877 -0.0000
vn 0.0923 -0.9957 -0.0000
vn 0.0924 -0.9957 -0.0000
vn 0.0302 -0.9995 -0.0000
vn -0.0303 -0.9995 -0.0000
vn -0.0927 -0.9957 -0.0000
vn -0.1571 -0.9876 -0.0000
vn -0.2226 -0.9749 -0.0000
vn -0.2885 -0.9575 -0.0000
vn -0.2884 -0.9575 -0.0000
vn -0.3537 -0.9354 -0.0000
vn -0.3538 -0.9353 -0.0000
vn -0.4174 -0.9087 -0.0000
vn -0.4173 -0.9088 -0.0000
vn -0.4787 -0.8780 -0.0000
vn -0.4786 -0.8780 -0.0000
vn -0.5364 -0.8439 -0.0000
vn -0.5365 -0.8439 -0.0000
vn -0.5907 -0.8069 -0.0000
vn -0.5906 -0.8070 -0.0000
vn -0.6406 -0.7679 -0.0000
vn -0.6407 -0.7678 -0.0000
vn -0.6861 -0.7275 -0.0000
vn -0.6860 -0.7276 -0.0000
vn -0.7274 -0.6862 -0.0000
vn -0.7275 -0.6861 -0.0000
vn -0.7679 -0.6406 -0.0000
vn -0.8069 -0.5907 -0.0000
vn -0.8070 -0.5906 -0.0000
vn -0.8438 -0.5366 -0.0000
vn -0.8439 -0.5365 -0.0000
vn -0.8782 -0.4783 -0.0000
vn -0.8781 -0.4784 -0.0000
vn -0.9087 -0.4175 -0.0000
vn -0.9086 -0.4176 -0.0000
vn -0.9353 -0.3537 -0.0000
vn -0.9353 -0.3539 -0.0000
vn -0.9575 -0.2884 -0.0000
vn -0.9749 -0.2228 -0.0000
vn -0.9749 -0.2226 -0.0000
vn -0.9876 -0.1570 -0.0000
vn -0.9876 -0.1572 -0.0000
vn -0.9957 -0.0928 -0.0000
vn -0.9957 -0.0925 -0.0000
vn -0.9995 -0.0301 -0.0000
vn -0.9995 -0.0303 -0.0000
vn 0.9998 0.0209 -0.0000
vn 0.9998 0.0211 -0.0000
vn 0.9980 0.0639 -0.0000
vn 0.9980 0.0638 -0.0000
vn 0.9942 0.1073 -0.0000
vn 0.9942 0.1072 -0.0000
vn 0.9885 0.1515 -0.0000
vn 0.9806 0.1961 -0.0000
vn 0.9806 0.1962 -0.0000
vn 0.9706 0.2408 -0.0000
vn 0.9706 0.2407 -0.0000
vn 0.9584 0.2853 -0.0000
vn 0.9442 0.3294 -0.0000
vn 0.9281 0.3724 -0.0000
vn 0.9280 0.3726 -0.0000
vn 0.9099 0.4149 -0.0000
vn 0.9099 0.4148 -0.0000
vn 0.8900 0.4560 -0.0000
vn 0.8901 0.4558 -0.0000
vn 0.8686 0.4954 -0.0000
vn 0.8687 0.4953 -0.0000
vn 0.8471 0.5314 -0.0000
vn 0.8472 0.5312 -0.0000
vn 0.8253 0.5647 -0.0000
vn 0.8253 0.5646 -0.0000
vn 0.8017 0.5977 -0.0000
vn 0.7765 0.6301 -0.0000
vn 0.7766 0.6301 -0.0000
vn 0.7498 0.6616 -0.0000
vn 0.7499 0.6616 -0.0000
vn 0.7217 0.6922 -0.0000
vn 0.6922 0.7217 -0.0000
vn 0.6616 0.7498 -0.0000
vn 0.6300 0.7766 -0.0000
vn 0.6301 0.7765 -0.0000
vn 0.5977 0.8018 -0.0000
vn 0.5647 0.8253 -0.0000
vn 0.5313 0.8472 -0.0000
vn 0.4954 0.8687 -0.0000
vn 0.4559 0.8900 -0.0000
vn 0.4558 0.8901 -0.0000
vn 0.4149 0.9099 -0.0000
vn 0.3727 0.9280 -0.0000
vn 0.3726 0.9280 -0.0000
vn 0.3294 0.9442 -0.0000
vn 0.2853 0.9584 -0.0000
vn 0.2854 0.9584 -0.0000
vn 0.2408 0.9706 -0.0000
vn 0.2409 0.9706 -0.0000
vn 0.1961 0.9806 -0.0000
vn 0.1515 0.9885 -0.0000
vn 0.1073 0.9942 -0.0000
vn 0.0637 0.9980 -0.0000
vn 0.0210 0.9998 -0.0000
vn 0.0002 -0.0000 1.0000
vn -0.0002 -0.0000 1.0000
vn 0.0001 -0.0000 1.0000
vn 0.0204 -0.9998 -0.0000
vn 0.0620 -0.9981 -0.0000
vn 0.1047 -0.9945 -0.0000
vn 0.1482 -0.9890 -0.0000
vn 0.1483 -0.9889 -0.0000
vn 0.1924 -0.9813 -0.0000
vn 0.2368 -0.9715 -0.0000
vn 0.2814 -0.9596 -0.0000
vn 0.3257 -0.9455 -0.0000
vn 0.3695 -0.9292 -0.0000
vn 0.4124 -0.9110 -0.0000
vn 0.4543 -0.8908 -0.0000
vn 0.4542 -0.8909 -0.0000
vn 0.4949 -0.8690 -0.0000
vn 0.4948 -0.8690 -0.0000
vn 0.5316 -0.8470 -0.0000
vn 0.5656 -0.8247 -0.0000
vn 0.5992 -0.8006 -0.0000
vn 0.5993 -0.8006 -0.0000
vn 0.6323 -0.7747 -0.0000
vn 0.6646 -0.7472 -0.0000
vn 0.6647 -0.7471 -0.0000
vn 0.6959 -0.7181 -0.0000
vn 0.6959 -0.7182 -0.0000
vn 0.7261 -0.6876 -0.0000
vn 0.7548 -0.6560 -0.0000
vn 0.7548 -0.6559 -0.0000
vn 0.7821 -0.6231 -0.0000
vn 0.7821 -0.6232 -0.0000
vn 0.8078 -0.5895 -0.0000
vn 0.8318 -0.5551 -0.0000
vn 0.8317 -0.5552 -0.0000
vn 0.8539 -0.5204 -0.0000
vn 0.8755 -0.4833 -0.0000
vn 0.8754 -0.4834 -0.0000
vn 0.8964 -0.4433 -0.0000
vn 0.9157 -0.4020 -0.0000
vn 0.9330 -0.3598 -0.0000
vn 0.9331 -0.3597 -0.0000
vn 0.9485 -0.3169 -0.0000
vn 0.9485 -0.3167 -0.0000
vn 0.9619 -0.2735 -0.0000
vn 0.9619 -0.2736 -0.0000
vn 0.9732 -0.2300 -0.0000
vn 0.9732 -0.2301 -0.0000
vn 0.9824 -0.1867 -0.0000
vn 0.9824 -0.1868 -0.0000
vn 0.9896 -0.1439 -0.0000
vn 0.9948 -0.1015 -0.0000
vn 0.9948 -0.1016 -0.0000
vn 0.9982 -0.0602 -0.0000
vn 0.9982 -0.0601 -0.0000
vn 0.9998 -0.0198 -0.0000
vn 0.9998 -0.0196 -0.0000
vn 0.9998 0.0202 -0.0000
vn 0.9998 0.0204 -0.0000
vn 0.9981 0.0617 -0.0000
vn 0.9981 0.0618 -0.0000
vn 0.9946 0.1041 -0.0000
vn 0.9946 0.1040 -0.0000
vn 0.9891 0.1470 -0.0000
vn 0.9817 0.1904 -0.0000
vn 0.9723 0.2339 -0.0000
vn 0.9723 0.2338 -0.0000
vn 0.9608 0.2774 -0.0000
vn 0.9608 0.2773 -0.0000
vn 0.9473 0.3203 -0.0000
vn 0.9472 0.3205 -0.0000
vn 0.9319 0.3628 -0.0000
vn 0.9318 0.3629 -0.0000
vn 0.9146 0.4044 -0.0000
vn 0.8956 0.4449 -0.0000
vn 0.8751 0.4840 -0.0000
vn 0.8752 0.4838 -0.0000
vn 0.8539 0.5204 -0.0000
vn 0.8317 0.5552 -0.0000
vn 0.8318 0.5551 -0.0000
vn 0.8078 0.5895 -0.0000
vn 0.7821 0.6232 -0.0000
vn 0.7821 0.6231 -0.0000
vn 0.7548 0.6559 -0.0000
vn 0.7548 0.6560 -0.0000
vn 0.7261 0.6876 -0.0000
vn 0.6959 0.7182 -0.0000
vn 0.6959 0.7181 -0.0000
vn 0.6647 0.7471 -0.0000
vn 0.6646 0.7472 -0.0000
vn 0.6323 0.7747 -0.0000
vn 0.5993 0.8006 -0.0000
vn 0.5992 0.8006 -0.0000
vn 0.5656 0.8247 -0.0000
vn 0.5316 0.8470 -0.0000
vn 0.4948 0.8690 -0.0000
vn 0.4949 0.8690 -0.0000
vn 0.4542 0.8909 -0.0000
vn 0.4543 0.8908 -0.0000
vn 0.4124 0.9110 -0.0000
vn 0.3695 0.9292 -0.0000
vn 0.3257 0.9455 -0.0000
vn 0.2814 0.9596 -0.0000
vn 0.2368 0.9715 -0.0000
vn 0.1924 0.9813 -0.0000
vn 0.1483 0.9889 -0.0000
vn 0.1482 0.9890 -0.0000
vn 0.1047 0.9945 -0.0000
vn 0.0620 0.9981 -0.0000
vn 0.0204 0.9998 -0.0000
vn -0.0210 0.9998 -0.0000
vn -0.0637 0.9980 -0.0000
vn -0.1073 0.9942 -0.0000
vn -0.1515 0.9885 -0.0000
vn -0.1961 0.9806 -0.0000
vn -0.2408 0.9706 -0.0000
vn -0.2853 0.9584 -0.0000
vn -0.2854 0.9584 -0.0000
vn -0.3293 0.9442 -0.0000
vn -0.3294 0.9442 -0.0000
vn -0.3727 0.9280 -0.0000
vn -0.3726 0.9280 -0.0000
vn -0.4149 0.9099 -0.0000
vn -0.4559 0.8900 -0.0000
vn -0.4954 0.8687 -0.0000
vn -0.5313 0.8472 -0.0000
vn -0.5312 0.8472 -0.0000
vn -0.5647 0.8253 -0.0000
vn -0.5977 0.8018 -0.0000
vn -0.6300 0.7766 -0.0000
vn -0.6301 0.7765 -0.0000
vn -0.6616 0.7499 -0.0000
vn -0.6616 0.7498 -0.0000
vn -0.6923 0.7216 -0.0000
vn -0.6922 0.7217 -0.0000
vn -0.7217 0.6922 -0.0000
vn -0.7498 0.6617 -0.0000
vn -0.7499 0.6616 -0.0000
vn -0.7765 0.6301 -0.0000
vn -0.7766 0.6300 -0.0000
vn -0.8017 0.5977 -0.0000
vn -0.8253 0.5647 -0.0000
vn -0.8253 0.5646 -0.0000
vn -0.8472 0.5313 -0.0000
vn -0.8687 0.4954 -0.0000
vn -0.8900 0.4559 -0.0000
vn -0.9099 0.4149 -0.0000
vn -0.9099 0.4148 -0.0000
vn -0.9281 0.3724 -0.0000
vn -0.9280 0.3726 -0.0000
vn -0.9442 0.3294 -0.0000
vn -0.9584 0.2853 -0.0000
vn -0.9584 0.2854 -0.0000
vn -0.9706 0.2408 -0.0000
vn -0.9706 0.2406 -0.0000
vn -0.9806 0.1961 -0.0000
vn -0.9806 0.1962 -0.0000
vn -0.9885 0.1515 -0.0000
vn -0.9942 0.1072 -0.0000
vn -0.9942 0.1073 -0.0000
vn -0.9980 0.0637 -0.0000
vn -0.9998 0.0210 -0.0000
vn -0.9998 -0.0210 -0.0000
vn -0.9980 -0.0637 -0.0000
vn -0.9942 -0.1073 -0.0000
vn -0.9942 -0.1072 -0.0000
vn -0.9885 -0.1515 -0.0000
vn -0.9806 -0.1962 -0.0000
vn -0.9806 -0.1961 -0.0000
vn -0.9706 -0.2406 -0.0000
vn -0.9706 -0.2408 -0.0000
vn -0.9584 -0.2854 -0.0000
vn -0.9584 -0.2853 -0.0000
vn -0.9442 -0.3294 -0.0000
vn -0.9280 -0.3726 -0.0000
vn -0.9279 -0.3727 -0.0000
vn -0.9099 -0.4148 -0.0000
vn -0.9099 -0.4149 -0.0000
vn -0.8900 -0.4559 -0.0000
vn -0.8687 -0.4954 -0.0000
vn -0.8472 -0.5313 -0.0000
vn -0.8253 -0.5646 -0.0000
vn -0.8253 -0.5647 -0.0000
vn -0.8017 -0.5977 -0.0000
vn -0.7766 -0.6300 -0.0000
vn -0.7765 -0.6301 -0.0000
vn -0.7499 -0.6616 -0.0000
vn -0.7498 -0.6617 -0.0000
vn -0.7217 -0.6922 -0.0000
vn -0.6922 -0.7217 -0.0000
vn -0.6923 -0.7216 -0.0000
vn -0.6616 -0.7498 -0.0000
vn -0.6616 -0.7499 -0.0000
vn -0.6301 -0.7765 -0.0000
vn -0.6300 -0.7766 -0.0000
vn -0.5977 -0.8018 -0.0000
vn -0.5647 -0.8253 -0.0000
vn -0.5312 -0.8472 -0.0000
vn -0.5313 -0.8472 -0.0000
vn -0.4954 -0.8687 -0.0000
vn -0.4559 -0.8900 -0.0000
vn -0.4149 -0.9099 -0.0000
vn -0.3726 -0.9280 -0.0000
vn -0.3727 -0.9280 -0.0000
vn -0.3294 -0.9442 -0.0000
vn -0.3293 -0.9442 -0.0000
vn -0.2854 -0.9584 -0.0000
vn -0.2853 -0.9584 -0.0000
vn -0.2408 -0.9706 -0.0000
vn -0.1961 -0.9806 -0.0000
vn -0.1515 -0.9885 -0.0000
vn -0.1073 -0.9942 -0.0000
vn -0.0637 -0.9980 -0.0000
vn -0.0210 -0.9998 -0.0000
vn -0.9995 0.0301 -0.0000
vn -0.9995 0.0302 -0.0000
vn -0.9957 0.0925 -0.0000
vn -0.9957 0.0929 -0.0000
vn -0.9876 0.1570 -0.0000
vn -0.9876 0.1568 -0.0000
vn -0.9749 0.2224 -0.0000
vn -0.9749 0.2226 -0.0000
vn -0.9575 0.2886 -0.0000
vn -0.9353 0.3537 -0.0000
vn -0.9354 0.3536 -0.0000
vn -0.9088 0.4171 -0.0000
vn -0.9088 0.4172 -0.0000
vn -0.8780 0.4786 -0.0000
vn -0.8439 0.5365 -0.0000
vn -0.8069 0.5907 -0.0000
vn -0.7679 0.6406 -0.0000
vn -0.7275 0.6861 -0.0000
vn -0.7276 0.6860 -0.0000
vn -0.6860 0.7276 -0.0000
vn -0.6859 0.7277 -0.0000
vn -0.6406 0.7679 -0.0000
vn -0.6407 0.7678 -0.0000
vn -0.5906 0.8070 -0.0000
vn -0.5907 0.8069 -0.0000
vn -0.5366 0.8438 -0.0000
vn -0.5365 0.8439 -0.0000
vn -0.4785 0.8781 -0.0000
vn -0.4786 0.8780 -0.0000
vn -0.4174 0.9087 -0.0000
vn -0.4173 0.9088 -0.0000
vn -0.3538 0.9353 -0.0000
vn -0.3537 0.9354 -0.0000
vn -0.2885 0.9575 -0.0000
vn -0.2226 0.9749 -0.0000
vn -0.1571 0.9876 -0.0000
vn -0.0927 0.9957 -0.0000
vn -0.0303 0.9995 -0.0000
vn 0.0927 0.9957 -0.0000
vn 0.1571 0.9876 -0.0000
vn 0.2226 0.9749 -0.0000
vn 0.2227 0.9749 -0.0000
vn 0.2884 0.9575 -0.0000
vn 0.2885 0.9575 -0.0000
vn 0.3537 0.9354 -0.0000
vn 0.3538 0.9353 -0.0000
vn 0.4173 0.9088 -0.0000
vn 0.4174 0.9087 -0.0000
vn 0.4786 0.8780 -0.0000
vn 0.4787 0.8780 -0.0000
vn 0.5364 0.8439 -0.0000
vn 0.5365 0.8439 -0.0000
vn 0.5907 0.8069 -0.0000
vn 0.5906 0.8070 -0.0000
vn 0.6407 0.7678 -0.0000
vn 0.6406 0.7679 -0.0000
vn 0.6859 0.7277 -0.0000
vn 0.6860 0.7276 -0.0000
vn 0.7276 0.6860 -0.0000
vn 0.7275 0.6861 -0.0000
vn 0.7679 0.6406 -0.0000
vn 0.8069 0.5907 -0.0000
vn 0.8439 0.5365 -0.0000
vn 0.8780 0.4786 -0.0000
vn 0.9088 0.4172 -0.0000
vn 0.9088 0.4171 -0.0000
vn 0.9354 0.3536 -0.0000
vn 0.9353 0.3537 -0.0000
vn 0.9576 0.2882 -0.0000
vn 0.9575 0.2886 -0.0000
vn 0.9749 0.2228 -0.0000
vn 0.9749 0.2226 -0.0000
vn 0.9876 0.1568 -0.0000
vn 0.9876 0.1570 -0.0000
vn 0.9957 0.0929 -0.0000
vn 0.9957 0.0925 -0.0000
vn 0.9995 0.0302 -0.0000
vn 0.9995 0.0301 -0.0000
vn 0.9995 -0.0301 -0.0000
vn 0.9995 -0.0302 -0.0000
vn 0.9957 -0.0928 -0.0000
vn 0.9957 -0.0925 -0.0000
vn 0.9876 -0.1570 -0.0000
vn 0.9876 -0.1572 -0.0000
vn 0.9749 -0.2226 -0.0000
vn 0.9749 -0.2228 -0.0000
vn 0.9575 -0.2886 -0.0000
vn 0.9576 -0.2882 -0.0000
vn 0.9353 -0.3537 -0.0000
vn 0.9353 -0.3539 -0.0000
vn 0.9088 -0.4171 -0.0000
vn 0.9088 -0.4172 -0.0000
vn 0.8780 -0.4786 -0.0000
vn 0.8439 -0.5365 -0.0000
vn 0.8069 -0.5907 -0.0000
vn 0.7679 -0.6406 -0.0000
vn 0.7275 -0.6861 -0.0000
vn 0.7276 -0.6860 -0.0000
vn 0.6860 -0.7276 -0.0000
vn 0.6859 -0.7277 -0.0000
vn 0.6406 -0.7679 -0.0000
vn 0.6407 -0.7678 -0.0000
vn 0.5906 -0.8070 -0.0000
vn 0.5907 -0.8069 -0.0000
vn 0.5365 -0.8439 -0.0000
vn 0.5364 -0.8439 -0.0000
vn 0.4787 -0.8780 -0.0000
vn 0.4786 -0.8780 -0.0000
vn 0.4174 -0.9087 -0.0000
vn 0.4173 -0.9088 -0.0000
vn 0.3538 -0.9353 -0.0000
vn 0.3537 -0.9354 -0.0000
vn 0.2885 -0.9575 -0.0000
vn 0.2884 -0.9575 -0.0000
vn 0.2226 -0.9749 -0.0000
vn 0.1571 -0.9876 -0.0000
vn 0.0927 -0.9957 -0.0000
vn 0.0303 -0.9995 -0.0000
vn -0.4785 -0.8781 -0.0000
vn -0.5366 -0.8438 -0.0000
vn -0.6859 -0.7277 -0.0000
vn -0.7276 -0.6860 -0.0000
vn -0.8780 -0.4786 -0.0000
vn -0.9088 -0.4172 -0.0000
vn -0.9088 -0.4171 -0.0000
vn -0.9575 -0.2886 -0.0000
vn -0.9749 -0.2224 -0.0000
vn -0.9995 -0.0302 -0.0000
vn 0.0303 0.9995 -0.0000
vn 0.9995 -0.0313 -0.0000
vn 0.9953 -0.0970 -0.0000
vn 0.9540 -0.2997 -0.0000
vn 0.9301 -0.3673 -0.0000
vn 0.9018 -0.4321 -0.0000
vn 0.9019 -0.4320 -0.0000
vn 0.4105 -0.9119 -0.0000
vn 0.3488 -0.9372 -0.0000
vn 0.2850 -0.9585 -0.0000
vn 0.2206 -0.9754 -0.0000
vn -0.2886 -0.9575 -0.0000
vn -0.4175 -0.9087 -0.0000
vn -0.5363 -0.8440 -0.0000
vn -0.5905 -0.8071 -0.0000
vn -0.7678 -0.6407 -0.0000
vn -0.8437 -0.5368 -0.0000
vn -0.9957 -0.0927 -0.0000
vn 0.9998 0.0208 -0.0000
vn 0.9998 0.0212 -0.0000
vn 0.9980 0.0637 -0.0000
vn 0.9884 0.1517 -0.0000
vn 0.9806 0.1960 -0.0000
vn 0.9706 0.2406 -0.0000
vn 0.9442 0.3292 -0.0000
vn 0.9280 0.3727 -0.0000
vn 0.9280 0.3725 -0.0000
vn 0.9098 0.4151 -0.0000
vn 0.9099 0.4147 -0.0000
vn 0.8900 0.4559 -0.0000
vn 0.8687 0.4954 -0.0000
vn 0.8473 0.5312 -0.0000
vn 0.7218 0.6921 -0.0000
vn 0.5648 0.8253 -0.0000
vn 0.4150 0.9098 -0.0000
vn 0.2886 0.9575 -0.0000
vn 0.3536 0.9354 -0.0000
vn 0.4175 0.9087 -0.0000
vn 0.6405 0.7680 -0.0000
vn 0.7277 0.6858 -0.0000
vn 0.7278 0.6858 -0.0000
vn 0.7678 0.6407 -0.0000
vn 0.7677 0.6408 -0.0000
vn 0.8780 0.4787 -0.0000
vn 0.8781 0.4784 -0.0000
vn 0.9087 0.4175 -0.0000
vn 0.9354 0.3537 -0.0000
vn 0.9575 0.2885 -0.0000
vn 0.9575 0.2884 -0.0000
vn 0.9749 0.2224 -0.0000
vn 0.9749 0.2225 -0.0000
vn 0.9876 0.1571 -0.0000
vn 0.9957 0.0927 -0.0000
vn 0.9998 0.0210 -0.0000
vn 0.9584 0.2855 -0.0000
vn 0.8686 0.4955 -0.0000
vn 0.8688 0.4952 -0.0000
vn 0.6921 0.7218 -0.0000
vn 0.6617 0.7498 -0.0000
vn 0.4543 0.8909 -0.0000
vn 0.4125 0.9110 -0.0000
vn 0.2368 0.9716 -0.0000
vn 0.2369 0.9715 -0.0000
vn 0.1923 0.9813 -0.0000
vn -0.1962 0.9806 -0.0000
vn -0.4150 0.9098 -0.0000
vn -0.5314 0.8471 -0.0000
vn -0.5646 0.8254 -0.0000
vn -0.5978 0.8017 -0.0000
vn -0.7498 0.6616 -0.0000
vn -0.7766 0.6299 -0.0000
vn -0.7766 0.6301 -0.0000
vn -0.8471 0.5314 -0.0000
vn -0.8473 0.5312 -0.0000
vn -0.8688 0.4952 -0.0000
vn -0.9098 0.4151 -0.0000
vn -0.9280 0.3727 -0.0000
vn -0.9441 0.3297 -0.0000
vn -0.9443 -0.3292 -0.0000
vn -0.9280 -0.3727 -0.0000
vn -0.9098 -0.4151 -0.0000
vn -0.8688 -0.4952 -0.0000
vn -0.8473 -0.5312 -0.0000
vn -0.8471 -0.5314 -0.0000
vn -0.7767 -0.6299 -0.0000
vn -0.7498 -0.6616 -0.0000
vn -0.5978 -0.8017 -0.0000
vn -0.5646 -0.8254 -0.0000
vn -0.5314 -0.8471 -0.0000
vn -0.4150 -0.9098 -0.0000
vn 0.9957 -0.0930 -0.0000
vn 0.9876 -0.1571 -0.0000
vn 0.9876 -0.1568 -0.0000
vn 0.9749 -0.2224 -0.0000
vn 0.9575 -0.2884 -0.0000
vn 0.9575 -0.2885 -0.0000
vn 0.9355 -0.3534 -0.0000
vn 0.9087 -0.4175 -0.0000
vn 0.8781 -0.4784 -0.0000
vn 0.8780 -0.4787 -0.0000
vn 0.7678 -0.6407 -0.0000
vn 0.7278 -0.6858 -0.0000
vn 0.6405 -0.7680 -0.0000
vn 0.4175 -0.9087 -0.0000
vn 0.3536 -0.9354 -0.0000
vn 0.2886 -0.9575 -0.0000
vn -0.3536 -0.9354 -0.0000
vn -0.8441 -0.5362 -0.0000
vn -0.8780 -0.4787 -0.0000
vn -0.9575 -0.2885 -0.0000
vt 15.781000 0.000000
vt 12.771000 0.000000
vt 1.505000 30.959999
vt 38.098000 0.000000
vt 35.044998 0.000000
vt 25.413000 26.445000
vt 45.580002 30.959999
vt 49.363998 30.959999
vt 23.306000 30.959999
vt 27.520000 30.959999
vt 36.592999 6.106000
vt 5.203000 30.959999
vt 14.276000 6.106000
vt 0.000000 1.000000
vt 26.445000 1.000000
vt 0.000000 -10.000000
vt 26.445000 -10.000000
vt 35.044998 1.000000
vt 38.098000 1.000000
vt 35.044998 -10.000000
vt 38.098000 -10.000000
vt 30.959999 1.000000
vt 30.959999 -10.000000
vt 49.363998 1.000000
vt 45.580002 1.000000
vt 49.363998 -10.000000
vt 45.580002 -10.000000
vt 6.106000 1.000000
vt 6.106000 -10.000000
vt 27.520000 1.000000
vt 23.306000 1.000000
vt 27.520000 -10.000000
vt 23.306000 -10.000000
vt 5.203000 1.000000
vt 1.505000 1.000000
vt 5.203000 -10.000000
vt 1.505000 -10.000000
vt 12.771000 1.000000
vt 15.781000 1.000000
vt 12.771000 -10.000000
vt 15.781000 -10.000000
vt 70.306999 10.965000
vt 53.536999 10.965000
vt 53.536999 14.491000
vt 70.306999 14.491000
vt 10.965000 1.000000
vt 14.491000 1.000000
vt 10.965000 -10.000000
vt 14.491000 -10.000000
vt 70.306999 1.000000
vt 53.536999 1.000000
vt 70.306999 -10.000000
vt 53.536999 -10.000000
vt 103.745003 3.483000
vt 103.745003 0.000000
vt 75.494003 0.000000
vt 98.886002 17.243000
vt 98.886002 13.717000
vt 78.976997 13.717000
vt 103.745003 30.959999
vt 103.745003 27.476999
vt 78.976997 27.476999
vt 78.976997 3.483000
vt 78.976997 17.243000
vt 75.494003 30.959999
vt 3.483000 1.000000
vt 3.483000 -10.000000
vt 103.745003 1.000000
vt 78.976997 1.000000
vt 103.745003 -10.000000
vt 78.976997 -10.000000
vt 13.717000 1.000000
vt 13.717000 -10.000000
vt 98.886002 1.000000
vt 98.886002 -10.000000
vt 17.243000 1.000000
vt 17.243000 -10.000000
vt 27.476999 1.000000
vt 27.476999 -10.000000
vt 75.494003 1.000000
vt 75.494003 -10.000000
vt 111.848000 0.000000
vt 108.321999 0.000000
vt 108.321999 24.940001
vt 133.735001 0.000000
vt 130.209000 0.000000
vt 130.209000 19.737000
vt 133.730072 19.971857
vt 133.735001 19.737000
vt 133.690659 20.431719
vt 133.715286 20.203430
vt 133.611816 20.878441
vt 133.656174 20.656723
vt 133.493576 21.312025
vt 133.557632 21.096874
vt 133.335907 21.732470
vt 133.419662 21.523890
vt 133.138824 22.139774
vt 133.242294 21.937763
vt 132.903961 22.532299
vt 133.025497 22.338499
vt 132.641190 22.900188
vt 132.775864 22.719528
vt 132.352127 23.241798
vt 132.499939 23.074278
vt 132.036804 23.557133
vt 132.197754 23.402750
vt 131.695190 23.846188
vt 131.869278 23.704945
vt 131.327301 24.108965
vt 131.514526 23.980862
vt 130.934769 24.343822
vt 131.133499 24.230499
vt 130.527466 24.540907
vt 130.732758 24.447292
vt 130.107025 24.698572
vt 130.318893 24.624666
vt 129.673447 24.816822
vt 129.891876 24.762625
vt 129.226715 24.895657
vt 129.451721 24.861166
vt 128.766861 24.935074
vt 128.998428 24.920292
vt 128.531998 24.940001
vt 111.848000 19.737000
vt 130.205566 19.850323
vt 111.851585 19.850323
vt 130.195267 19.960958
vt 111.862335 19.960958
vt 130.178101 20.068907
vt 111.880249 20.068907
vt 111.905334 20.174166
vt 130.154053 20.174166
vt 111.937584 20.276739
vt 130.123154 20.276739
vt 111.976997 20.376625
vt 130.085373 20.376625
vt 112.023582 20.473824
vt 130.040726 20.473824
vt 112.077332 20.568333
vt 129.989227 20.568333
vt 112.138252 20.660156
vt 129.930847 20.660156
vt 112.206337 20.749292
vt 129.865601 20.749292
vt 112.281586 20.835739
vt 129.793488 20.835739
vt 112.363998 20.919500
vt 129.714493 20.919500
vt 112.451195 20.998482
vt 129.630737 20.998482
vt 112.540779 21.070597
vt 129.544296 21.070597
vt 112.632751 21.135843
vt 129.455154 21.135843
vt 112.727112 21.194221
vt 129.363327 21.194221
vt 112.823860 21.245733
vt 129.268829 21.245733
vt 112.922997 21.290375
vt 129.171631 21.290375
vt 113.024529 21.328150
vt 129.071747 21.328150
vt 113.128441 21.359056
vt 128.969162 21.359056
vt 113.234749 21.383093
vt 128.863907 21.383093
vt 113.343445 21.400265
vt 128.755951 21.400265
vt 113.454529 21.410566
vt 128.645325 21.410566
vt 128.531998 21.414000
vt 113.568001 21.414000
vt 19.737000 1.000000
vt 19.737000 -10.000000
vt 19.850323 1.000000
vt 19.850323 -10.000000
vt 19.960958 1.000000
vt 19.960958 -10.000000
vt 20.068907 1.000000
vt 20.068907 -10.000000
vt 20.174166 1.000000
vt 20.174166 -10.000000
vt 20.276739 1.000000
vt 20.276739 -10.000000
vt 20.376625 1.000000
vt 20.376625 -10.000000
vt 20.473824 1.000000
vt 20.473824 -10.000000
vt 20.568333 1.000000
vt 20.568333 -10.000000
vt 20.660156 1.000000
vt 20.660156 -10.000000
vt 20.749292 1.000000
vt 20.749292 -10.000000
vt 20.835739 1.000000
vt 20.835739 -10.000000
vt 20.919500 1.000000
vt 20.919500 -10.000000
vt 112.363998 1.000000
vt 112.451195 1.000000
vt 112.363998 -10.000000
vt 112.451195 -10.000000
vt 112.540779 1.000000
vt 112.540779 -10.000000
vt 112.632751 1.000000
vt 112.632751 -10.000000
vt 112.727112 1.000000
vt 112.727112 -10.000000
vt 112.823860 1.000000
vt 112.823860 -10.000000
vt 112.922997 1.000000
vt 112.922997 -10.000000
vt 113.024529 1.000000
vt 113.024529 -10.000000
vt 113.128441 1.000000
vt 113.128441 -10.000000
vt 113.234749 1.000000
vt 113.234749 -10.000000
vt 113.343445 1.000000
vt 113.343445 -10.000000
vt 113.454529 1.000000
vt 113.454529 -10.000000
vt 113.568001 1.000000
vt 113.568001 -10.000000
vt 128.531998 1.000000
vt 128.531998 -10.000000
vt 128.645325 1.000000
vt 128.645325 -10.000000
vt 128.755951 1.000000
vt 128.755951 -10.000000
vt 128.863907 1.000000
vt 128.863907 -10.000000
vt 128.969162 1.000000
vt 128.969162 -10.000000
vt 129.071747 1.000000
vt 129.071747 -10.000000
vt 129.171631 1.000000
vt 129.171631 -10.000000
vt 129.268829 1.000000
vt 129.268829 -10.000000
vt 129.363327 1.000000
vt 129.363327 -10.000000
vt 129.455154 1.000000
vt 129.455154 -10.000000
vt 129.544296 1.000000
vt 129.544296 -10.000000
vt 129.630737 1.000000
vt 129.630737 -10.000000
vt 129.714493 1.000000
vt 129.714493 -10.000000
vt 130.209000 1.000000
vt 133.735001 1.000000
vt 130.209000 -10.000000
vt 133.735001 -10.000000
vt 19.971857 1.000000
vt 19.971857 -10.000000
vt 20.203430 1.000000
vt 20.203430 -10.000000
vt 20.431719 1.000000
vt 20.431719 -10.000000
vt 20.656723 1.000000
vt 20.656723 -10.000000
vt 20.878441 1.000000
vt 20.878441 -10.000000
vt 21.096874 1.000000
vt 21.096874 -10.000000
vt 21.312025 1.000000
vt 21.312025 -10.000000
vt 21.523890 1.000000
vt 21.523890 -10.000000
vt 21.732470 1.000000
vt 21.732470 -10.000000
vt 21.937763 1.000000
vt 21.937763 -10.000000
vt 22.139774 1.000000
vt 22.139774 -10.000000
vt 22.338499 1.000000
vt 22.338499 -10.000000
vt 22.532299 1.000000
vt 22.532299 -10.000000
vt 22.719528 1.000000
vt 22.719528 -10.000000
vt 22.900188 1.000000
vt 22.900188 -10.000000
vt 23.074278 1.000000
vt 23.074278 -10.000000
vt 23.241798 1.000000
vt 23.241798 -10.000000
vt 23.402750 1.000000
vt 23.402750 -10.000000
vt 132.197754 1.000000
vt 132.036804 1.000000
vt 132.197754 -10.000000
vt 132.036804 -10.000000
vt 131.869278 1.000000
vt 131.869278 -10.000000
vt 131.695190 1.000000
vt 131.695190 -10.000000
vt 131.514526 1.000000
vt 131.514526 -10.000000
vt 131.327301 1.000000
vt 131.327301 -10.000000
vt 131.133499 1.000000
vt 131.133499 -10.000000
vt 130.934769 1.000000
vt 130.934769 -10.000000
vt 130.732758 1.000000
vt 130.732758 -10.000000
vt 130.527466 1.000000
vt 130.527466 -10.000000
vt 130.318893 1.000000
vt 130.318893 -10.000000
vt 130.107025 1.000000
vt 130.107025 -10.000000
vt 129.891876 1.000000
vt 129.891876 -10.000000
vt 129.673447 1.000000
vt 129.673447 -10.000000
vt 129.451721 1.000000
vt 129.451721 -10.000000
vt 129.226715 1.000000
vt 129.226715 -10.000000
vt 128.998428 1.000000
vt 128.998428 -10.000000
vt 128.766861 1.000000
vt 128.766861 -10.000000
vt 108.321999 1.000000
vt 108.321999 -10.000000
vt 24.940001 1.000000
vt 24.940001 -10.000000
vt 111.848000 1.000000
vt 111.848000 -10.000000
vt 158.171722 -9.842072
vt 157.929993 -9.847000
vt 142.363998 -9.847000
vt 158.643524 -9.802656
vt 158.409576 -9.827291
vt 159.099808 -9.723823
vt 158.873611 -9.768167
vt 159.540558 -9.605573
vt 159.322128 -9.669625
vt 159.965775 -9.447906
vt 159.755112 -9.531667
vt 160.375473 -9.250823
vt 160.172577 -9.354292
vt 160.768143 -9.015965
vt 160.574493 -9.137500
vt 161.134842 -8.753187
vt 160.954926 -8.887861
vt 161.474060 -8.464132
vt 161.307892 -8.611944
vt 161.785812 -8.148799
vt 161.633377 -8.309750
vt 162.070099 -7.807188
vt 161.931396 -7.981278
vt 162.326904 -7.439299
vt 162.201935 -7.626528
vt 162.554886 -7.046476
vt 162.445007 -7.245500
vt 162.746002 -6.636781
vt 162.655228 -6.843569
vt 162.898895 -6.211559
vt 162.827225 -6.426111
vt 163.013550 -5.770809
vt 162.960999 -5.993125
vt 163.089996 -5.314531
vt 163.056549 -5.544611
vt 163.128220 -4.842726
vt 163.113892 -5.080569
vt 163.132996 19.737000
vt 163.132996 -4.601000
vt 163.113892 20.203430
vt 163.128220 19.971857
vt 163.056549 20.656723
vt 163.089996 20.431719
vt 162.960999 21.096874
vt 163.013550 20.878441
vt 162.827225 21.523890
vt 162.898895 21.312025
vt 162.655228 21.937763
vt 162.746002 21.732470
vt 162.445007 22.338499
vt 162.554886 22.139774
vt 162.201935 22.719528
vt 162.326904 22.532299
vt 161.931396 23.074278
vt 162.070099 22.900188
vt 161.633377 23.402750
vt 161.785812 23.241798
vt 161.307892 23.704945
vt 161.474060 23.557133
vt 160.954926 23.980862
vt 161.134842 23.846188
vt 160.574493 24.230499
vt 160.768143 24.108965
vt 160.172577 24.447292
vt 160.375473 24.343822
vt 159.755112 24.624666
vt 159.965775 24.540907
vt 159.322128 24.762625
vt 159.540558 24.698572
vt 158.873611 24.861166
vt 159.099808 24.816822
vt 158.409576 24.920292
vt 158.643524 24.895657
vt 157.929993 24.940001
vt 158.171722 24.935074
vt 142.731140 24.935074
vt 142.966003 24.940001
vt 142.271286 24.895657
vt 142.499573 24.920292
vt 141.824554 24.816822
vt 142.046280 24.861166
vt 141.390976 24.698572
vt 141.606125 24.762625
vt 140.970535 24.540907
vt 141.179108 24.624666
vt 140.563232 24.343822
vt 140.765244 24.447292
vt 140.170700 24.108965
vt 140.364502 24.230499
vt 139.802811 23.846188
vt 139.983475 23.980862
vt 139.461197 23.557133
vt 139.628723 23.704945
vt 139.145874 23.241798
vt 139.300247 23.402750
vt 138.856812 22.900188
vt 138.998062 23.074278
vt 138.594040 22.532299
vt 138.722137 22.719528
vt 138.359177 22.139774
vt 138.472504 22.338499
vt 138.162094 21.732470
vt 138.255707 21.937763
vt 138.004425 21.312025
vt 138.078339 21.523890
vt 137.886185 20.878441
vt 137.940369 21.096874
vt 137.807343 20.431719
vt 137.841827 20.656723
vt 137.767929 19.971857
vt 137.782715 20.203430
vt 137.763000 5.203000
vt 137.763000 19.737000
vt 141.289001 19.737000
vt 141.289001 5.203000
vt 141.292435 5.089677
vt 137.782715 4.736569
vt 137.767929 4.968143
vt 137.841827 4.283278
vt 137.807343 4.508281
vt 137.940369 3.843125
vt 137.886185 4.061559
vt 138.078339 3.416111
vt 138.004425 3.627976
vt 138.255707 3.002236
vt 138.162094 3.207531
vt 138.472504 2.601500
vt 138.359177 2.800226
vt 138.722137 2.220472
vt 138.594040 2.407701
vt 138.998062 1.865722
vt 138.856812 2.039813
vt 139.300247 1.537250
vt 139.145874 1.698201
vt 139.628723 1.235056
vt 139.461197 1.382868
vt 139.983475 0.959139
vt 139.802811 1.093812
vt 140.364502 0.709500
vt 140.170700 0.831035
vt 140.765244 0.492708
vt 140.563232 0.596177
vt 141.179108 0.315333
vt 140.970535 0.399094
vt 141.606125 0.177375
vt 141.390976 0.241427
vt 142.046280 0.078833
vt 141.824554 0.123177
vt 142.499573 0.019708
vt 142.271286 0.044344
vt 142.966003 0.000000
vt 142.731140 0.004927
vt 142.363998 -6.278000
vt 157.929993 -6.278000
vt 141.292435 19.850323
vt 141.302734 4.979042
vt 158.043320 -6.274566
vt 141.302734 19.960958
vt 141.319901 4.871094
vt 159.606995 0.000000
vt 158.153961 -6.264264
vt 141.319901 20.068907
vt 141.343948 4.765833
vt 158.261902 -6.247094
vt 141.374847 4.663260
vt 141.343948 20.174166
vt 141.412628 4.563375
vt 158.367172 -6.223055
vt 141.374847 20.276739
vt 141.457260 4.466177
vt 158.469742 -6.192149
vt 141.412628 20.376625
vt 141.508774 4.371666
vt 158.569626 -6.154375
vt 141.457260 20.473824
vt 141.567154 4.279844
vt 158.666824 -6.109733
vt 141.508774 20.568333
vt 141.632401 4.190708
vt 158.761337 -6.058222
vt 141.567154 20.660156
vt 141.704514 4.104260
vt 158.853149 -5.999844
vt 141.632401 20.749292
vt 141.783493 4.020500
vt 158.942291 -5.934597
vt 141.704514 20.835739
vt 141.867264 3.941517
vt 159.028732 -5.862483
vt 141.783493 20.919500
vt 141.953705 3.869403
vt 159.112503 -5.783500
vt 141.867264 20.998482
vt 142.042847 3.804156
vt 159.191483 -5.699739
vt 141.953705 21.070597
vt 142.134674 3.745778
vt 159.263596 -5.613292
vt 142.042847 21.135843
vt 142.229172 3.694267
vt 159.328842 -5.524156
vt 142.134674 21.194221
vt 142.326370 3.649625
vt 159.387222 -5.432333
vt 142.229172 21.245733
vt 142.426254 3.611851
vt 159.438736 -5.337823
vt 142.326370 21.290375
vt 159.483368 -5.240625
vt 142.426254 21.328150
vt 142.528839 3.580945
vt 159.521149 -5.140739
vt 142.528839 21.359056
vt 142.634094 3.556906
vt 159.552063 -5.038167
vt 142.634094 21.383093
vt 142.742035 3.539736
vt 159.576096 -4.932906
vt 142.852676 3.529434
vt 159.593262 -4.824958
vt 142.742035 21.400265
vt 142.966003 3.526000
vt 159.603561 -4.714323
vt 142.852676 21.410566
vt 157.929993 3.526000
vt 159.606995 -4.601000
vt 142.966003 21.414000
vt 158.043320 3.529434
vt 157.929993 21.414000
vt 158.153961 3.539736
vt 158.043320 21.410566
vt 158.261902 3.556906
vt 158.153961 21.400265
vt 158.261902 21.383093
vt 158.367172 3.580945
vt 158.367172 21.359056
vt 158.469742 3.611851
vt 158.469742 21.328150
vt 158.569626 3.649625
vt 158.569626 21.290375
vt 158.666824 3.694267
vt 158.666824 21.245733
vt 158.761337 3.745778
vt 158.761337 21.194221
vt 158.853149 3.804156
vt 158.853149 21.135843
vt 158.942291 3.869403
vt 158.942291 21.070597
vt 159.028732 3.941517
vt 159.028732 20.998482
vt 159.112503 4.020500
vt 159.112503 20.919500
vt 159.191483 4.104260
vt 159.191483 20.835739
vt 159.263596 4.190708
vt 159.263596 20.749292
vt 159.328842 4.279844
vt 159.328842 20.660156
vt 159.387222 4.371666
vt 159.387222 20.568333
vt 159.438736 4.466177
vt 159.438736 20.473824
vt 159.483368 4.563375
vt 159.483368 20.376625
vt 159.521149 4.663260
vt 159.521149 20.276739
vt 159.552063 4.765833
vt 159.552063 20.174166
vt 159.576096 4.871094
vt 159.576096 20.068907
vt 159.593262 4.979042
vt 159.593262 19.960958
vt 159.603561 5.089677
vt 159.603561 19.850323
vt 159.606995 5.203000
vt 159.606995 19.737000
vt 157.929993 1.000000
vt 158.171722 1.000000
vt 157.929993 -10.000000
vt 158.171722 -10.000000
vt 158.409576 1.000000
vt 158.409576 -10.000000
vt 158.643524 1.000000
vt 158.643524 -10.000000
vt 158.873611 1.000000
vt 158.873611 -10.000000
vt 159.099808 1.000000
vt 159.099808 -10.000000
vt 159.322128 1.000000
vt 159.322128 -10.000000
vt 159.540558 1.000000
vt 159.540558 -10.000000
vt 159.755112 1.000000
vt 159.755112 -10.000000
vt 159.965775 1.000000
vt 159.965775 -10.000000
vt 160.172577 1.000000
vt 160.172577 -10.000000
vt 160.375473 1.000000
vt 160.375473 -10.000000
vt 160.574493 1.000000
vt 160.574493 -10.000000
vt 160.768143 1.000000
vt 160.768143 -10.000000
vt 160.954926 1.000000
vt 160.954926 -10.000000
vt 161.134842 1.000000
vt 161.134842 -10.000000
vt 161.307892 1.000000
vt 161.307892 -10.000000
vt 161.474060 1.000000
vt 161.474060 -10.000000
vt 161.633377 1.000000
vt 161.633377 -10.000000
vt -8.309750 1.000000
vt -8.148799 1.000000
vt -8.309750 -10.000000
vt -8.148799 -10.000000
vt -7.981278 1.000000
vt -7.981278 -10.000000
vt -7.807188 1.000000
vt -7.807188 -10.000000
vt -7.626528 1.000000
vt -7.626528 -10.000000
vt -7.439299 1.000000
vt -7.439299 -10.000000
vt -7.245500 1.000000
vt -7.245500 -10.000000
vt -7.046476 1.000000
vt -7.046476 -10.000000
vt -6.843569 1.000000
vt -6.843569 -10.000000
vt -6.636781 1.000000
vt -6.636781 -10.000000
vt -6.426111 1.000000
vt -6.426111 -10.000000
vt -6.211559 1.000000
vt -6.211559 -10.000000
vt -5.993125 1.000000
vt -5.993125 -10.000000
vt -5.770809 1.000000
vt -5.770809 -10.000000
vt -5.544611 1.000000
vt -5.544611 -10.000000
vt -5.314531 1.000000
vt -5.314531 -10.000000
vt -5.080569 1.000000
vt -5.080569 -10.000000
vt -4.842726 1.000000
vt -4.842726 -10.000000
vt -4.601000 1.000000
vt -4.601000 -10.000000
vt 142.966003 1.000000
vt 142.966003 -10.000000
vt 142.731140 1.000000
vt 142.731140 -10.000000
vt 142.499573 1.000000
vt 142.499573 -10.000000
vt 142.271286 1.000000
vt 142.271286 -10.000000
vt 142.046280 1.000000
vt 142.046280 -10.000000
vt 141.824554 1.000000
vt 141.824554 -10.000000
vt 141.606125 1.000000
vt 141.606125 -10.000000
vt 141.390976 1.000000
vt 141.390976 -10.000000
vt 141.179108 1.000000
vt 141.179108 -10.000000
vt 140.970535 1.000000
vt 140.970535 -10.000000
vt 140.765244 1.000000
vt 140.765244 -10.000000
vt 140.563232 1.000000
vt 140.563232 -10.000000
vt 140.364502 1.000000
vt 140.364502 -10.000000
vt 140.170700 1.000000
vt 140.170700 -10.000000
vt 139.983475 1.000000
vt 139.983475 -10.000000
vt 139.802811 1.000000
vt 139.802811 -10.000000
vt 139.628723 1.000000
vt 139.628723 -10.000000
vt 139.461197 1.000000
vt 139.461197 -10.000000
vt 139.300247 1.000000
vt 139.300247 -10.000000
vt 4.968143 1.000000
vt 4.968143 -10.000000
vt 4.736569 1.000000
vt 4.736569 -10.000000
vt 4.508281 1.000000
vt 4.508281 -10.000000
vt 4.283278 1.000000
vt 4.283278 -10.000000
vt 4.061559 1.000000
vt 4.061559 -10.000000
vt 3.843125 1.000000
vt 3.843125 -10.000000
vt 3.627976 1.000000
vt 3.627976 -10.000000
vt 3.416111 1.000000
vt 3.416111 -10.000000
vt 3.207531 1.000000
vt 3.207531 -10.000000
vt 3.002236 1.000000
vt 3.002236 -10.000000
vt 2.800226 1.000000
vt 2.800226 -10.000000
vt 2.601500 1.000000
vt 2.601500 -10.000000
vt 2.407701 1.000000
vt 2.407701 -10.000000
vt 2.220472 1.000000
vt 2.220472 -10.000000
vt 2.039813 1.000000
vt 2.039813 -10.000000
vt 1.865722 1.000000
vt 1.865722 -10.000000
vt 1.698201 1.000000
vt 1.698201 -10.000000
vt 1.537250 1.000000
vt 1.537250 -10.000000
vt 159.606995 1.000000
vt 159.606995 -10.000000
vt -4.714323 1.000000
vt -4.714323 -10.000000
vt -4.824958 1.000000
vt -4.824958 -10.000000
vt -4.932906 1.000000
vt -4.932906 -10.000000
vt -5.038167 1.000000
vt -5.038167 -10.000000
vt -5.140739 1.000000
vt -5.140739 -10.000000
vt -5.240625 1.000000
vt -5.240625 -10.000000
vt -5.337823 1.000000
vt -5.337823 -10.000000
vt -5.432333 1.000000
vt -5.432333 -10.000000
vt -5.524156 1.000000
vt -5.524156 -10.000000
vt -5.613292 1.000000
vt -5.613292 -10.000000
vt -5.699739 1.000000
vt -5.699739 -10.000000
vt -5.783500 1.000000
vt -5.783500 -10.000000
vt 159.112503 1.000000
vt 159.028732 1.000000
vt 159.112503 -10.000000
vt 159.028732 -10.000000
vt 158.942291 1.000000
vt 158.942291 -10.000000
vt 158.853149 1.000000
vt 158.853149 -10.000000
vt 158.761337 1.000000
vt 158.761337 -10.000000
vt 158.666824 1.000000
vt 158.666824 -10.000000
vt 158.569626 1.000000
vt 158.569626 -10.000000
vt 158.469742 1.000000
vt 158.469742 -10.000000
vt 158.367172 1.000000
vt 158.367172 -10.000000
vt 158.261902 1.000000
vt 158.261902 -10.000000
vt 158.153961 1.000000
vt 158.153961 -10.000000
vt 158.043320 1.000000
vt 158.043320 -10.000000
vt 142.363998 1.000000
vt 142.363998 -10.000000
vt -6.278000 1.000000
vt -9.847000 1.000000
vt -6.278000 -10.000000
vt -9.847000 -10.000000
vt 142.852676 1.000000
vt 142.742035 1.000000
vt 142.852676 -10.000000
vt 142.742035 -10.000000
vt 142.634094 1.000000
vt 142.634094 -10.000000
vt 142.528839 1.000000
vt 142.528839 -10.000000
vt 142.426254 1.000000
vt 142.426254 -10.000000
vt 142.326370 1.000000
vt 142.326370 -10.000000
vt 142.229172 1.000000
vt 142.229172 -10.000000
vt 142.134674 1.000000
vt 142.134674 -10.000000
vt 142.042847 1.000000
vt 142.042847 -10.000000
vt 141.953705 1.000000
vt 141.953705 -10.000000
vt 141.867264 1.000000
vt 141.867264 -10.000000
vt 141.783493 1.000000
vt 141.783493 -10.000000
vt 4.020500 1.000000
vt 4.104260 1.000000
vt 4.020500 -10.000000
vt 4.104260 -10.000000
vt 4.190708 1.000000
vt 4.190708 -10.000000
vt 4.279844 1.000000
vt 4.279844 -10.000000
vt 4.371666 1.000000
vt 4.371666 -10.000000
vt 4.466177 1.000000
vt 4.466177 -10.000000
vt 4.563375 1.000000
vt 4.563375 -10.000000
vt 4.663260 1.000000
vt 4.663260 -10.000000
vt 4.765833 1.000000
vt 4.765833 -10.000000
vt 4.871094 1.000000
vt 4.871094 -10.000000
vt 4.979042 1.000000
vt 4.979042 -10.000000
vt 5.089677 1.000000
vt 5.089677 -10.000000
vt 170.761993 0.000000
vt 167.235992 0.000000
vt 167.235992 24.940001
vt 170.761993 24.940001
vt 170.761993 1.000000
vt 167.235992 1.000000
vt 170.761993 -10.000000
vt 167.235992 -10.000000
vt 170.761993 29.584000
vt 167.235992 29.584000
vt 167.235992 33.110001
vt 170.761993 33.110001
vt 29.584000 1.000000
vt 33.110001 1.000000
vt 29.584000 -10.000000
vt 33.110001 -10.000000
vt 178.848007 0.000000
vt 175.322006 0.000000
vt 175.322006 24.940001
vt 200.735001 0.000000
vt 197.209000 0.000000
vt 197.209000 19.737000
vt 200.730072 19.971857
vt 200.735001 19.737000
vt 200.690659 20.431719
vt 200.715286 20.203430
vt 200.611816 20.878441
vt 200.656174 20.656723
vt 200.493576 21.312025
vt 200.557632 21.096874
vt 200.335907 21.732470
vt 200.419662 21.523890
vt 200.138824 22.139774
vt 200.242294 21.937763
vt 199.903961 22.532299
vt 200.025497 22.338499
vt 199.641190 22.900188
vt 199.775864 22.719528
vt 199.352127 23.241798
vt 199.499939 23.074278
vt 199.036804 23.557133
vt 199.197754 23.402750
vt 198.695190 23.846188
vt 198.869278 23.704945
vt 198.327301 24.108965
vt 198.514526 23.980862
vt 197.934769 24.343822
vt 198.133499 24.230499
vt 197.527466 24.540907
vt 197.732758 24.447292
vt 197.107025 24.698572
vt 197.318893 24.624666
vt 196.673447 24.816822
vt 196.891876 24.762625
vt 196.226715 24.895657
vt 196.451721 24.861166
vt 195.766861 24.935074
vt 195.998428 24.920292
vt 195.531998 24.940001
vt 178.848007 19.737000
vt 197.205566 19.850323
vt 178.851578 19.850323
vt 197.195267 19.960958
vt 178.862335 19.960958
vt 197.178101 20.068907
vt 178.880249 20.068907
vt 178.905334 20.174166
vt 197.154053 20.174166
vt 178.937576 20.276739
vt 197.123154 20.276739
vt 178.977005 20.376625
vt 197.085373 20.376625
vt 179.023590 20.473824
vt 197.040726 20.473824
vt 179.077332 20.568333
vt 196.989227 20.568333
vt 179.138245 20.660156
vt 196.930847 20.660156
vt 179.206329 20.749292
vt 196.865601 20.749292
vt 179.281586 20.835739
vt 196.793488 20.835739
vt 179.363998 20.919500
vt 196.714493 20.919500
vt 179.451187 20.998482
vt 196.630737 20.998482
vt 179.540771 21.070597
vt 196.544296 21.070597
vt 179.632751 21.135843
vt 196.455154 21.135843
vt 179.727112 21.194221
vt 196.363327 21.194221
vt 179.823868 21.245733
vt 196.268829 21.245733
vt 179.923004 21.290375
vt 196.171631 21.290375
vt 180.024521 21.328150
vt 196.071747 21.328150
vt 180.128448 21.359056
vt 195.969162 21.359056
vt 180.234756 21.383093
vt 195.863907 21.383093
vt 180.343445 21.400265
vt 195.755951 21.400265
vt 180.454529 21.410566
vt 195.645325 21.410566
vt 195.531998 21.414000
vt 180.567993 21.414000
vt 179.363998 1.000000
vt 179.451187 1.000000
vt 179.363998 -10.000000
vt 179.451187 -10.000000
vt 179.540771 1.000000
vt 179.540771 -10.000000
vt 179.632751 1.000000
vt 179.632751 -10.000000
vt 179.727112 1.000000
vt 179.727112 -10.000000
vt 179.823868 1.000000
vt 179.823868 -10.000000
vt 179.923004 1.000000
vt 179.923004 -10.000000
vt 180.024521 1.000000
vt 180.024521 -10.000000
vt 180.128448 1.000000
vt 180.128448 -10.000000
vt 180.234756 1.000000
vt 180.234756 -10.000000
vt 180.343445 1.000000
vt 180.343445 -10.000000
vt 180.454529 1.000000
vt 180.454529 -10.000000
vt 180.567993 1.000000
vt 180.567993 -10.000000
vt 195.531998 1.000000
vt 195.531998 -10.000000
vt 195.645325 1.000000
vt 195.645325 -10.000000
vt 195.755951 1.000000
vt 195.755951 -10.000000
vt 195.863907 1.000000
vt 195.863907 -10.000000
vt 195.969162 1.000000
vt 195.969162 -10.000000
vt 196.071747 1.000000
vt 196.071747 -10.000000
vt 196.171631 1.000000
vt 196.171631 -10.000000
vt 196.268829 1.000000
vt 196.268829 -10.000000
vt 196.363327 1.000000
vt 196.363327 -10.000000
vt 196.455154 1.000000
vt 196.455154 -10.000000
vt 196.544296 1.000000
vt 196.544296 -10.000000
vt 196.630737 1.000000
vt 196.630737 -10.000000
vt 196.714493 1.000000
vt 196.714493 -10.000000
vt 197.209000 1.000000
vt 200.735001 1.000000
vt 197.209000 -10.000000
vt 200.735001 -10.000000
vt 199.197754 1.000000
vt 199.036804 1.000000
vt 199.197754 -10.000000
vt 199.036804 -10.000000
vt 198.869278 1.000000
vt 198.869278 -10.000000
vt 198.695190 1.000000
vt 198.695190 -10.000000
vt 198.514526 1.000000
vt 198.514526 -10.000000
vt 198.327301 1.000000
vt 198.327301 -10.000000
vt 198.133499 1.000000
vt 198.133499 -10.000000
vt 197.934769 1.000000
vt 197.934769 -10.000000
vt 197.732758 1.000000
vt 197.732758 -10.000000
vt 197.527466 1.000000
vt 197.527466 -10.000000
vt 197.318893 1.000000
vt 197.318893 -10.000000
vt 197.107025 1.000000
vt 197.107025 -10.000000
vt 196.891876 1.000000
vt 196.891876 -10.000000
vt 196.673447 1.000000
vt 196.673447 -10.000000
vt 196.451721 1.000000
vt 196.451721 -10.000000
vt 196.226715 1.000000
vt 196.226715 -10.000000
vt 195.998428 1.000000
vt 195.998428 -10.000000
vt 195.766861 1.000000
vt 195.766861 -10.000000
vt 175.322006 1.000000
vt 175.322006 -10.000000
vt 178.848007 1.000000
vt 178.848007 -10.000000
vt 230.606003 3.526000
vt 230.606003 0.000000
vt 210.395996 0.000000
vt 230.601074 19.971857
vt 230.606003 19.737000
vt 230.606003 10.707000
vt 230.561661 20.431719
vt 230.586288 20.203430
vt 230.482819 20.878441
vt 230.527161 20.656723
vt 230.364578 21.312025
vt 230.428619 21.096874
vt 230.206909 21.732470
vt 230.290665 21.523890
vt 230.009827 22.139774
vt 230.113297 21.937763
vt 229.774963 22.532299
vt 229.896500 22.338499
vt 229.512192 22.900188
vt 229.646866 22.719528
vt 229.223129 23.241798
vt 229.370941 23.074278
vt 228.907791 23.557133
vt 229.068756 23.402750
vt 228.566193 23.846188
vt 228.740280 23.704945
vt 228.198303 24.108965
vt 228.385529 23.980862
vt 227.805481 24.343822
vt 228.004501 24.230499
vt 227.395782 24.540907
vt 227.602570 24.447292
vt 226.970566 24.698572
vt 227.185104 24.624666
vt 226.529816 24.816822
vt 226.752121 24.762625
vt 226.073532 24.895657
vt 226.303604 24.861166
vt 225.601730 24.935074
vt 225.839569 24.920292
vt 210.395996 24.940001
vt 225.360001 24.940001
vt 209.929565 24.920292
vt 210.161148 24.935074
vt 209.476273 24.861166
vt 209.701279 24.895657
vt 209.036118 24.762625
vt 209.254562 24.816822
vt 208.609116 24.624666
vt 208.820969 24.698572
vt 208.195236 24.447292
vt 208.400528 24.540907
vt 207.794495 24.230499
vt 207.993225 24.343822
vt 207.413467 23.980862
vt 207.600708 24.108965
vt 207.058716 23.704945
vt 207.232819 23.846188
vt 206.730255 23.402750
vt 206.891205 23.557133
vt 206.428055 23.074278
vt 206.575867 23.241798
vt 206.152145 22.719528
vt 206.286819 22.900188
vt 205.902496 22.338499
vt 206.024033 22.532299
vt 205.685715 21.937763
vt 205.789185 22.139774
vt 205.508331 21.523890
vt 205.592087 21.732470
vt 205.370377 21.096874
vt 205.434433 21.312025
vt 205.271835 20.656723
vt 205.316177 20.878441
vt 205.212708 20.203430
vt 205.237350 20.431719
vt 205.192993 19.737000
vt 205.197922 19.971857
vt 208.718994 14.233000
vt 205.192993 5.203000
vt 205.197922 4.968143
vt 205.237350 4.508281
vt 205.212708 4.736569
vt 205.316177 4.061559
vt 205.271835 4.283278
vt 205.434433 3.627976
vt 205.370377 3.843125
vt 205.592087 3.207531
vt 205.508331 3.416111
vt 205.789185 2.800226
vt 205.685715 3.002236
vt 206.024033 2.407701
vt 205.902496 2.601500
vt 206.286819 2.039813
vt 206.152145 2.220472
vt 206.575867 1.698201
vt 206.428055 1.865722
vt 206.891205 1.382868
vt 206.730255 1.537250
vt 207.232819 1.093812
vt 207.058716 1.235056
vt 207.600708 0.831035
vt 207.413467 0.959139
vt 207.993225 0.596177
vt 207.794495 0.709500
vt 208.400528 0.399094
vt 208.195236 0.492708
vt 208.820969 0.241427
vt 208.609116 0.315333
vt 209.254562 0.123177
vt 209.036118 0.177375
vt 209.701279 0.044344
vt 209.476273 0.078833
vt 210.161148 0.004927
vt 209.929565 0.019708
vt 210.395996 3.526000
vt 208.718994 19.737000
vt 210.282684 3.529434
vt 208.722427 19.850323
vt 208.732742 19.960958
vt 210.172043 3.539736
vt 208.749908 20.068907
vt 210.064087 3.556906
vt 208.773941 20.174166
vt 209.958832 3.580945
vt 208.804855 20.276739
vt 209.856262 3.611851
vt 208.842621 20.376625
vt 209.756378 3.649625
vt 208.887268 20.473824
vt 209.659180 3.694267
vt 208.938782 20.568333
vt 209.564667 3.745778
vt 208.997162 20.660156
vt 209.472839 3.804156
vt 209.062408 20.749292
vt 209.383713 3.869403
vt 209.134521 20.835739
vt 209.297256 3.941517
vt 209.213501 20.919500
vt 209.213501 4.020500
vt 209.297256 20.998482
vt 209.134521 4.104260
vt 209.383713 21.070597
vt 209.062408 4.190708
vt 209.472839 21.135843
vt 208.997162 4.279844
vt 209.564667 21.194221
vt 208.938782 4.371666
vt 209.659180 21.245733
vt 208.887268 4.466177
vt 209.756378 21.290375
vt 208.842621 4.563375
vt 209.856262 21.328150
vt 208.804855 4.663260
vt 209.958832 21.359056
vt 208.773941 4.765833
vt 210.064087 21.383093
vt 208.749908 4.871094
vt 208.732742 4.979042
vt 210.172043 21.400265
vt 208.722427 5.089677
vt 210.282684 21.410566
vt 208.718994 5.203000
vt 210.395996 21.414000
vt 208.718994 10.707000
vt 225.360001 21.414000
vt 225.473328 21.410566
vt 227.037003 14.233000
vt 225.583954 21.400265
vt 225.691910 21.383093
vt 227.037003 19.737000
vt 225.797165 21.359056
vt 227.033569 19.850323
vt 225.899734 21.328150
vt 227.023270 19.960958
vt 225.999619 21.290375
vt 227.006088 20.068907
vt 226.096817 21.245733
vt 226.982056 20.174166
vt 226.191330 21.194221
vt 226.951157 20.276739
vt 226.283157 21.135843
vt 226.913376 20.376625
vt 226.372299 21.070597
vt 226.458740 20.998482
vt 226.868729 20.473824
vt 226.542496 20.919500
vt 226.817215 20.568333
vt 226.621475 20.835739
vt 226.758850 20.660156
vt 226.693604 20.749292
vt 3.526000 1.000000
vt 3.526000 -10.000000
vt 230.606003 1.000000
vt 210.395996 1.000000
vt 230.606003 -10.000000
vt 210.395996 -10.000000
vt 210.282684 1.000000
vt 210.282684 -10.000000
vt 210.172043 1.000000
vt 210.172043 -10.000000
vt 210.064087 1.000000
vt 210.064087 -10.000000
vt 209.958832 1.000000
vt 209.958832 -10.000000
vt 209.856262 1.000000
vt 209.856262 -10.000000
vt 209.756378 1.000000
vt 209.756378 -10.000000
vt 209.659180 1.000000
vt 209.659180 -10.000000
vt 209.564667 1.000000
vt 209.564667 -10.000000
vt 209.472839 1.000000
vt 209.472839 -10.000000
vt 209.383713 1.000000
vt 209.383713 -10.000000
vt 209.297256 1.000000
vt 209.297256 -10.000000
vt 209.213501 1.000000
vt 209.213501 -10.000000
vt 10.707000 1.000000
vt 10.707000 -10.000000
vt 208.718994 1.000000
vt 208.718994 -10.000000
vt 229.068756 1.000000
vt 228.907791 1.000000
vt 229.068756 -10.000000
vt 228.907791 -10.000000
vt 228.740280 1.000000
vt 228.740280 -10.000000
vt 228.566193 1.000000
vt 228.566193 -10.000000
vt 228.385529 1.000000
vt 228.385529 -10.000000
vt 228.198303 1.000000
vt 228.198303 -10.000000
vt 228.004501 1.000000
vt 228.004501 -10.000000
vt 227.805481 1.000000
vt 227.805481 -10.000000
vt 227.602570 1.000000
vt 227.602570 -10.000000
vt 227.395782 1.000000
vt 227.395782 -10.000000
vt 227.185104 1.000000
vt 227.185104 -10.000000
vt 226.970566 1.000000
vt 226.970566 -10.000000
vt 226.752121 1.000000
vt 226.752121 -10.000000
vt 226.529816 1.000000
vt 226.529816 -10.000000
vt 226.303604 1.000000
vt 226.303604 -10.000000
vt 226.073532 1.000000
vt 226.073532 -10.000000
vt 225.839569 1.000000
vt 225.839569 -10.000000
vt 225.601730 1.000000
vt 225.601730 -10.000000
vt 225.360001 1.000000
vt 225.360001 -10.000000
vt 210.161148 1.000000
vt 210.161148 -10.000000
vt 209.929565 1.000000
vt 209.929565 -10.000000
vt 209.701279 1.000000
vt 209.701279 -10.000000
vt 209.476273 1.000000
vt 209.476273 -10.000000
vt 209.254562 1.000000
vt 209.254562 -10.000000
vt 209.036118 1.000000
vt 209.036118 -10.000000
vt 208.820969 1.000000
vt 208.820969 -10.000000
vt 208.609116 1.000000
vt 208.609116 -10.000000
vt 208.400528 1.000000
vt 208.400528 -10.000000
vt 208.195236 1.000000
vt 208.195236 -10.000000
vt 207.993225 1.000000
vt 207.993225 -10.000000
vt 207.794495 1.000000
vt 207.794495 -10.000000
vt 207.600708 1.000000
vt 207.600708 -10.000000
vt 207.413467 1.000000
vt 207.413467 -10.000000
vt 207.232819 1.000000
vt 207.232819 -10.000000
vt 207.058716 1.000000
vt 207.058716 -10.000000
vt 206.891205 1.000000
vt 206.891205 -10.000000
vt 206.730255 1.000000
vt 206.730255 -10.000000
vt 225.473328 1.000000
vt 225.473328 -10.000000
vt 225.583954 1.000000
vt 225.583954 -10.000000
vt 225.691910 1.000000
vt 225.691910 -10.000000
vt 225.797165 1.000000
vt 225.797165 -10.000000
vt 225.899734 1.000000
vt 225.899734 -10.000000
vt 225.999619 1.000000
vt 225.999619 -10.000000
vt 226.096817 1.000000
vt 226.096817 -10.000000
vt 226.191330 1.000000
vt 226.191330 -10.000000
vt 226.283157 1.000000
vt 226.283157 -10.000000
vt 226.372299 1.000000
vt 226.372299 -10.000000
vt 226.458740 1.000000
vt 226.458740 -10.000000
vt 226.542496 1.000000
vt 226.542496 -10.000000
vt 14.233000 1.000000
vt 14.233000 -10.000000
vt 227.037003 1.000000
vt 227.037003 -10.000000
s 1
usemtl Material.002
f 1/1/1 2/2/1 3/3/1
f 4/4/1 5/5/1 6/6/1
f 7/7/1 8/8/1 9/4/1
f 10/9/1 11/10/1 12/11/1
f 13/3/1 14/12/1 15/13/1
f 16/11/1 17/7/1 18/4/1
f 19/1/1 20/3/1 21/13/1
f 22/11/1 23/4/1 24/6/1
f 25/1/1 26/13/1 27/9/1
f 28/9/1 29/11/1 30/6/1
f 31/6/1 32/1/1 33/9/1
f 34/3/2 35/2/2 36/1/2
f 37/6/2 38/5/2 39/4/2
f 40/4/2 41/8/2 42/7/2
f 43/11/2 44/10/2 45/9/2
f 46/13/2 47/12/2 48/3/2
f 49/4/2 50/7/2 51/11/2
f 52/13/2 53/3/2 54/1/2
f 55/6/2 56/4/2 57/11/2
f 58/9/2 59/13/2 60/1/2
f 61/6/2 62/11/2 63/9/2
f 64/9/2 65/1/2 66/6/2
f 67/14/3 68/15/3 69/16/3
f 70/15/3 71/17/3 72/16/3
f 73/15/4 74/14/4 75/17/4
f 76/14/4 77/16/4 78/17/4
f 79/18/5 80/19/5 81/20/5
f 82/19/5 83/21/5 84/20/5
f 85/14/6 86/22/6 87/16/6
f 88/22/6 89/23/6 90/16/6
f 91/24/7 92/25/7 93/26/7
f 94/25/7 95/27/7 96/26/7
f 97/22/8 98/28/8 99/23/8
f 100/28/8 101/29/8 102/23/8
f 103/28/9 104/22/9 105/29/9
f 106/22/9 107/23/9 108/29/9
f 109/30/7 110/31/7 111/32/7
f 112/31/7 113/33/7 114/32/7
f 115/22/10 116/28/10 117/23/10
f 118/28/10 119/29/10 120/23/10
f 121/28/9 122/22/9 123/29/9
f 124/22/9 125/23/9 126/29/9
f 127/34/7 128/35/7 129/36/7
f 130/35/7 131/37/7 132/36/7
f 133/22/11 134/14/11 135/23/11
f 136/14/11 137/16/11 138/23/11
f 139/38/5 140/39/5 141/40/5
f 142/39/5 143/41/5 144/40/5
f 145/42/1 146/43/1 147/44/1
f 148/44/1 149/45/1 150/42/1
f 151/44/2 152/43/2 153/42/2
f 154/42/2 155/45/2 156/44/2
f 157/46/12 158/47/12 159/48/12
f 160/47/12 161/49/12 162/48/12
f 163/50/7 164/51/7 165/52/7
f 166/51/7 167/53/7 168/52/7
f 169/47/13 170/46/13 171/49/13
f 172/46/13 173/48/13 174/49/13
f 175/51/5 176/50/5 177/53/5
f 178/50/5 179/52/5 180/53/5
f 181/54/1 182/55/1 183/56/1
f 184/57/1 185/58/1 186/59/1
f 187/60/1 188/61/1 189/62/1
f 190/63/1 191/54/1 192/56/1
f 193/64/1 194/57/1 195/59/1
f 196/65/1 197/60/1 198/62/1
f 199/63/1 200/56/1 201/65/1
f 202/65/1 203/62/1 204/64/1
f 205/59/1 206/63/1 207/65/1
f 208/65/1 209/64/1 210/59/1
f 211/56/2 212/55/2 213/54/2
f 214/59/2 215/58/2 216/57/2
f 217/62/2 218/61/2 219/60/2
f 220/56/2 221/54/2 222/63/2
f 223/59/2 224/57/2 225/64/2
f 226/62/2 227/60/2 228/65/2
f 229/65/2 230/56/2 231/63/2
f 232/64/2 233/62/2 234/65/2
f 235/65/2 236/63/2 237/59/2
f 238/59/2 239/64/2 240/65/2
f 241/14/12 242/66/12 243/16/12
f 244/66/12 245/67/12 246/16/12
f 247/68/7 248/69/7 249/70/7
f 250/69/7 251/71/7 252/70/7
f 253/66/12 254/72/12 255/67/12
f 256/72/12 257/73/12 258/67/12
f 259/69/5 260/74/5 261/71/5
f 262/74/5 263/75/5 264/71/5
f 265/72/12 266/76/12 267/73/12
f 268/76/12 269/77/12 270/73/12
f 271/74/7 272/69/7 273/75/7
f 274/69/7 275/71/7 276/75/7
f 277/76/12 278/78/12 279/77/12
f 280/78/12 281/79/12 282/77/12
f 283/69/5 284/68/5 285/71/5
f 286/68/5 287/70/5 288/71/5
f 289/78/12 290/22/12 291/79/12
f 292/22/12 293/23/12 294/79/12
f 295/68/7 296/80/7 297/70/7
f 298/80/7 299/81/7 300/70/7
f 301/22/13 302/14/13 303/23/13
f 304/14/13 305/16/13 306/23/13
f 307/80/5 308/68/5 309/81/5
f 310/68/5 311/70/5 312/81/5
f 313/82/1 314/83/1 315/84/1
f 316/85/1 317/86/1 318/87/1
f 319/88/1 320/89/1 321/85/1
f 322/90/1 323/91/1 324/88/1
f 325/92/1 326/93/1 327/90/1
f 328/94/1 329/95/1 330/92/1
f 331/96/1 332/97/1 333/94/1
f 334/98/1 335/99/1 336/96/1
f 337/100/1 338/101/1 339/98/1
f 340/102/1 341/103/1 342/100/1
f 343/104/1 344/105/1 345/102/1
f 346/106/1 347/107/1 348/104/1
f 349/108/1 350/109/1 351/106/1
f 352/110/1 353/111/1 354/108/1
f 355/112/1 356/113/1 357/110/1
f 358/114/1 359/115/1 360/112/1
f 361/116/1 362/117/1 363/114/1
f 364/118/1 365/119/1 366/116/1
f 367/120/1 368/121/1 369/118/1
f 370/122/1 371/123/1 372/120/1
f 373/84/1 374/124/1 375/122/1
f 376/125/1 377/82/1 378/84/1
f 379/85/1 380/87/1 381/126/1
f 382/90/1 383/88/1 384/85/1
f 385/94/1 386/92/1 387/90/1
f 388/98/1 389/96/1 390/94/1
f 391/102/1 392/100/1 393/98/1
f 394/106/1 395/104/1 396/102/1
f 397/110/1 398/108/1 399/106/1
f 400/114/1 401/112/1 402/110/1
f 403/118/1 404/116/1 405/114/1
f 406/122/1 407/120/1 408/118/1
f 409/127/1 410/125/1 411/84/1
f 412/85/1 413/126/1 414/128/1
f 415/94/1 416/90/1 417/85/1
f 418/102/1 419/98/1 420/94/1
f 421/110/1 422/106/1 423/102/1
f 424/118/1 425/114/1 426/110/1
f 427/84/1 428/122/1 429/118/1
f 430/129/1 431/127/1 432/84/1
f 433/85/1 434/128/1 435/130/1
f 436/102/1 437/94/1 438/85/1
f 439/118/1 440/110/1 441/102/1
f 442/131/1 443/129/1 444/84/1
f 445/102/1 446/85/1 447/130/1
f 448/84/1 449/118/1 450/102/1
f 451/132/1 452/131/1 453/84/1
f 454/102/1 455/130/1 456/133/1
f 457/134/1 458/132/1 459/84/1
f 460/102/1 461/133/1 462/135/1
f 463/136/1 464/134/1 465/84/1
f 466/102/1 467/135/1 468/137/1
f 469/138/1 470/136/1 471/84/1
f 472/102/1 473/137/1 474/139/1
f 475/140/1 476/138/1 477/84/1
f 478/102/1 479/139/1 480/141/1
f 481/142/1 482/140/1 483/84/1
f 484/102/1 485/141/1 486/143/1
f 487/144/1 488/142/1 489/84/1
f 490/102/1 491/143/1 492/145/1
f 493/146/1 494/144/1 495/84/1
f 496/102/1 497/145/1 498/147/1
f 499/148/1 500/146/1 501/84/1
f 502/102/1 503/147/1 504/149/1
f 505/150/1 506/148/1 507/84/1
f 508/102/1 509/149/1 510/151/1
f 511/152/1 512/150/1 513/84/1
f 514/102/1 515/151/1 516/153/1
f 517/154/1 518/152/1 519/84/1
f 520/102/1 521/153/1 522/155/1
f 523/156/1 524/154/1 525/84/1
f 526/102/1 527/155/1 528/157/1
f 529/158/1 530/156/1 531/84/1
f 532/102/1 533/157/1 534/159/1
f 535/160/1 536/158/1 537/84/1
f 538/102/1 539/159/1 540/161/1
f 541/162/1 542/160/1 543/84/1
f 544/102/1 545/161/1 546/163/1
f 547/164/1 548/162/1 549/84/1
f 550/102/1 551/163/1 552/165/1
f 553/166/1 554/164/1 555/84/1
f 556/102/1 557/165/1 558/167/1
f 559/168/1 560/166/1 561/84/1
f 562/102/1 563/167/1 564/169/1
f 565/170/1 566/168/1 567/84/1
f 568/102/1 569/169/1 570/171/1
f 571/170/1 572/84/1 573/102/1
f 574/102/1 575/171/1 576/172/1
f 577/173/1 578/170/1 579/102/1
f 580/102/1 581/172/1 582/173/1
f 583/84/2 584/83/2 585/82/2
f 586/87/2 587/86/2 588/85/2
f 589/85/2 590/89/2 591/88/2
f 592/88/2 593/91/2 594/90/2
f 595/90/2 596/93/2 597/92/2
f 598/92/2 599/95/2 600/94/2
f 601/94/2 602/97/2 603/96/2
f 604/96/2 605/99/2 606/98/2
f 607/98/2 608/101/2 609/100/2
f 610/100/2 611/103/2 612/102/2
f 613/102/2 614/105/2 615/104/2
f 616/104/2 617/107/2 618/106/2
f 619/106/2 620/109/2 621/108/2
f 622/108/2 623/111/2 624/110/2
f 625/110/2 626/113/2 627/112/2
f 628/112/2 629/115/2 630/114/2
f 631/114/2 632/117/2 633/116/2
f 634/116/2 635/119/2 636/118/2
f 637/118/2 638/121/2 639/120/2
f 640/120/2 641/123/2 642/122/2
f 643/122/2 644/124/2 645/84/2
f 646/84/2 647/82/2 648/125/2
f 649/126/2 650/87/2 651/85/2
f 652/85/2 653/88/2 654/90/2
f 655/90/2 656/92/2 657/94/2
f 658/94/2 659/96/2 660/98/2
f 661/98/2 662/100/2 663/102/2
f 664/102/2 665/104/2 666/106/2
f 667/106/2 668/108/2 669/110/2
f 670/110/2 671/112/2 672/114/2
f 673/114/2 674/116/2 675/118/2
f 676/118/2 677/120/2 678/122/2
f 679/84/2 680/125/2 681/127/2
f 682/128/2 683/126/2 684/85/2
f 685/85/2 686/90/2 687/94/2
f 688/94/2 689/98/2 690/102/2
f 691/102/2 692/106/2 693/110/2
f 694/110/2 695/114/2 696/118/2
f 697/118/2 698/122/2 699/84/2
f 700/84/2 701/127/2 702/129/2
f 703/130/14 704/128/14 705/85/14
f 706/85/2 707/94/2 708/102/2
f 709/102/2 710/110/2 711/118/2
f 712/84/2 713/129/2 714/131/2
f 715/130/2 716/85/2 717/102/2
f 718/102/2 719/118/2 720/84/2
f 721/84/2 722/131/2 723/132/2
f 724/133/2 725/130/2 726/102/2
f 727/84/2 728/132/2 729/134/2
f 730/135/2 731/133/2 732/102/2
f 733/84/2 734/134/2 735/136/2
f 736/137/2 737/135/2 738/102/2
f 739/84/2 740/136/2 741/138/2
f 742/139/2 743/137/2 744/102/2
f 745/84/2 746/138/2 747/140/2
f 748/141/2 749/139/2 750/102/2
f 751/84/2 752/140/2 753/142/2
f 754/143/2 755/141/2 756/102/2
f 757/84/2 758/142/2 759/144/2
f 760/145/2 761/143/2 762/102/2
f 763/84/2 764/144/2 765/146/2
f 766/147/2 767/145/2 768/102/2
f 769/84/2 770/146/2 771/148/2
f 772/149/2 773/147/2 774/102/2
f 775/84/2 776/148/2 777/150/2
f 778/151/2 779/149/2 780/102/2
f 781/84/2 782/150/2 783/152/2
f 784/153/2 785/151/2 786/102/2
f 787/84/2 788/152/2 789/154/2
f 790/155/2 791/153/2 792/102/2
f 793/84/2 794/154/2 795/156/2
f 796/157/2 797/155/2 798/102/2
f 799/84/2 800/156/2 801/158/2
f 802/159/2 803/157/2 804/102/2
f 805/84/2 806/158/2 807/160/2
f 808/161/2 809/159/2 810/102/2
f 811/84/2 812/160/2 813/162/2
f 814/163/2 815/161/2 816/102/2
f 817/84/2 818/162/2 819/164/2
f 820/165/2 821/163/2 822/102/2
f 823/84/2 824/164/2 825/166/2
f 826/167/2 827/165/2 828/102/2
f 829/84/2 830/166/2 831/168/2
f 832/169/2 833/167/2 834/102/2
f 835/84/2 836/168/2 837/170/2
f 838/171/2 839/169/2 840/102/2
f 841/102/2 842/84/2 843/170/2
f 844/172/2 845/171/2 846/102/2
f 847/102/2 848/170/2 849/173/2
f 850/173/2 851/172/2 852/102/2
f 853/14/12 854/174/12 855/16/12
f 856/174/12 857/175/12 858/16/12
f 859/174/15 860/176/15 861/175/15
f 862/176/16 863/177/16 864/175/16
f 865/176/17 866/178/17 867/177/17
f 868/178/18 869/179/18 870/177/18
f 871/178/19 872/180/19 873/179/19
f 874/180/19 875/181/19 876/179/19
f 877/180/20 878/182/20 879/181/20
f 880/182/21 881/183/21 882/181/21
f 883/182/22 884/184/22 885/183/22
f 886/184/22 887/185/22 888/183/22
f 889/184/23 890/186/23 891/185/23
f 892/186/24 893/187/24 894/185/24
f 895/186/25 896/188/25 897/187/25
f 898/188/25 899/189/25 900/187/25
f 901/188/26 902/190/26 903/189/26
f 904/190/27 905/191/27 906/189/27
f 907/190/28 908/192/28 909/191/28
f 910/192/28 911/193/28 912/191/28
f 913/192/29 914/194/29 915/193/29
f 916/194/30 917/195/30 918/193/30
f 919/194/31 920/196/31 921/195/31
f 922/196/32 923/197/32 924/195/32
f 925/196/33 926/198/33 927/197/33
f 928/198/34 929/199/34 930/197/34
f 931/200/35 932/201/35 933/202/35
f 934/201/36 935/203/36 936/202/36
f 937/201/37 938/204/37 939/203/37
f 940/204/38 941/205/38 942/203/38
f 943/204/39 944/206/39 945/205/39
f 946/206/40 947/207/40 948/205/40
f 949/206/41 950/208/41 951/207/41
f 952/208/41 953/209/41 954/207/41
f 955/208/42 956/210/42 957/209/42
f 958/210/43 959/211/43 960/209/43
f 961/210/44 962/212/44 963/211/44
f 964/212/44 965/213/44 966/211/44
f 967/212/45 968/214/45 969/213/45
f 970/214/45 971/215/45 972/213/45
f 973/214/46 974/216/46 975/215/46
f 976/216/46 977/217/46 978/215/46
f 979/216/47 980/218/47 981/217/47
f 982/218/47 983/219/47 984/217/47
f 985/218/48 986/220/48 987/219/48
f 988/220/48 989/221/48 990/219/48
f 991/220/49 992/222/49 993/221/49
f 994/222/50 995/223/50 996/221/50
f 997/222/51 998/224/51 999/223/51
f 1000/224/51 1001/225/51 1002/223/51
f 1003/224/5 1004/226/5 1005/225/5
f 1006/226/5 1007/227/5 1008/225/5
f 1009/226/52 1010/228/52 1011/227/52
f 1012/228/52 1013/229/52 1014/227/52
f 1015/228/53 1016/230/53 1017/229/53
f 1018/230/53 1019/231/53 1020/229/53
f 1021/230/54 1022/232/54 1023/231/54
f 1024/232/54 1025/233/54 1026/231/54
f 1027/232/55 1028/234/55 1029/233/55
f 1030/234/55 1031/235/55 1032/233/55
f 1033/234/56 1034/236/56 1035/235/56
f 1036/236/57 1037/237/57 1038/235/57
f 1039/236/58 1040/238/58 1041/237/58
f 1042/238/59 1043/239/59 1044/237/59
f 1045/238/60 1046/240/60 1047/239/60
f 1048/240/61 1049/241/61 1050/239/61
f 1051/240/62 1052/242/62 1053/241/62
f 1054/242/63 1055/243/63 1056/241/63
f 1057/242/64 1058/244/64 1059/243/64
f 1060/244/65 1061/245/65 1062/243/65
f 1063/244/66 1064/246/66 1065/245/66
f 1066/246/67 1067/247/67 1068/245/67
f 1069/246/68 1070/248/68 1071/247/68
f 1072/248/69 1073/249/69 1074/247/69
f 1075/248/70 1076/250/70 1077/249/70
f 1078/250/71 1079/251/71 1080/249/71
f 1081/198/72 1082/196/72 1083/199/72
f 1084/196/73 1085/197/73 1086/199/73
f 1087/196/74 1088/194/74 1089/197/74
f 1090/194/74 1091/195/74 1092/197/74
f 1093/194/75 1094/192/75 1095/195/75
f 1096/192/76 1097/193/76 1098/195/76
f 1099/192/77 1100/190/77 1101/193/77
f 1102/190/78 1103/191/78 1104/193/78
f 1105/190/79 1106/188/79 1107/191/79
f 1108/188/80 1109/189/80 1110/191/80
f 1111/188/81 1112/186/81 1113/189/81
f 1114/186/82 1115/187/82 1116/189/82
f 1117/186/83 1118/184/83 1119/187/83
f 1120/184/84 1121/185/84 1122/187/84
f 1123/184/85 1124/182/85 1125/185/85
f 1126/182/85 1127/183/85 1128/185/85
f 1129/182/86 1130/180/86 1131/183/86
f 1132/180/87 1133/181/87 1134/183/87
f 1135/180/88 1136/178/88 1137/181/88
f 1138/178/89 1139/179/89 1140/181/89
f 1141/178/90 1142/176/90 1143/179/90
f 1144/176/91 1145/177/91 1146/179/91
f 1147/176/92 1148/174/92 1149/177/92
f 1150/174/93 1151/175/93 1152/177/93
f 1153/174/13 1154/14/13 1155/175/13
f 1156/14/13 1157/16/13 1158/175/13
f 1159/252/5 1160/253/5 1161/254/5
f 1162/253/5 1163/255/5 1164/254/5
f 1165/14/12 1166/174/12 1167/16/12
f 1168/174/12 1169/175/12 1170/16/12
f 1171/174/94 1172/256/94 1173/175/94
f 1174/256/95 1175/257/95 1176/175/95
f 1177/256/96 1178/258/96 1179/257/96
f 1180/258/97 1181/259/97 1182/257/97
f 1183/258/98 1184/260/98 1185/259/98
f 1186/260/99 1187/261/99 1188/259/99
f 1189/260/100 1190/262/100 1191/261/100
f 1192/262/100 1193/263/100 1194/261/100
f 1195/262/101 1196/264/101 1197/263/101
f 1198/264/102 1199/265/102 1200/263/102
f 1201/264/103 1202/266/103 1203/265/103
f 1204/266/104 1205/267/104 1206/265/104
f 1207/266/105 1208/268/105 1209/267/105
f 1210/268/105 1211/269/105 1212/267/105
f 1213/268/106 1214/270/106 1215/269/106
f 1216/270/106 1217/271/106 1218/269/106
f 1219/270/107 1220/272/107 1221/271/107
f 1222/272/108 1223/273/108 1224/271/108
f 1225/272/109 1226/274/109 1227/273/109
f 1228/274/110 1229/275/110 1230/273/110
f 1231/274/111 1232/276/111 1233/275/111
f 1234/276/112 1235/277/112 1236/275/112
f 1237/276/113 1238/278/113 1239/277/113
f 1240/278/114 1241/279/114 1242/277/114
f 1243/278/115 1244/280/115 1245/279/115
f 1246/280/116 1247/281/116 1248/279/116
f 1249/280/117 1250/282/117 1251/281/117
f 1252/282/118 1253/283/118 1254/281/118
f 1255/282/119 1256/284/119 1257/283/119
f 1258/284/119 1259/285/119 1260/283/119
f 1261/284/120 1262/286/120 1263/285/120
f 1264/286/121 1265/287/121 1266/285/121
f 1267/286/122 1268/288/122 1269/287/122
f 1270/288/123 1271/289/123 1272/287/123
f 1273/288/124 1274/290/124 1275/289/124
f 1276/290/124 1277/291/124 1278/289/124
f 1279/292/125 1280/293/125 1281/294/125
f 1282/293/125 1283/295/125 1284/294/125
f 1285/293/126 1286/296/126 1287/295/126
f 1288/296/126 1289/297/126 1290/295/126
f 1291/296/127 1292/298/127 1293/297/127
f 1294/298/128 1295/299/128 1296/297/128
f 1297/298/129 1298/300/129 1299/299/129
f 1300/300/129 1301/301/129 1302/299/129
f 1303/300/130 1304/302/130 1305/301/130
f 1306/302/130 1307/303/130 1308/301/130
f 1309/302/131 1310/304/131 1311/303/131
f 1312/304/131 1313/305/131 1314/303/131
f 1315/304/132 1316/306/132 1317/305/132
f 1318/306/132 1319/307/132 1320/305/132
f 1321/306/133 1322/308/133 1323/307/133
f 1324/308/134 1325/309/134 1326/307/134
f 1327/308/135 1328/310/135 1329/309/135
f 1330/310/135 1331/311/135 1332/309/135
f 1333/310/136 1334/312/136 1335/311/136
f 1336/312/137 1337/313/137 1338/311/137
f 1339/312/138 1340/314/138 1341/313/138
f 1342/314/138 1343/315/138 1344/313/138
f 1345/314/139 1346/316/139 1347/315/139
f 1348/316/140 1349/317/140 1350/315/140
f 1351/316/141 1352/318/141 1353/317/141
f 1354/318/142 1355/319/142 1356/317/142
f 1357/318/143 1358/320/143 1359/319/143
f 1360/320/143 1361/321/143 1362/319/143
f 1363/320/144 1364/322/144 1365/321/144
f 1366/322/144 1367/323/144 1368/321/144
f 1369/322/145 1370/324/145 1371/323/145
f 1372/324/145 1373/325/145 1374/323/145
f 1375/324/146 1376/326/146 1377/325/146
f 1378/326/146 1379/327/146 1380/325/146
f 1381/326/147 1382/226/147 1383/327/147
f 1384/226/147 1385/227/147 1386/327/147
f 1387/226/7 1388/328/7 1389/227/7
f 1390/328/7 1391/329/7 1392/227/7
f 1393/330/13 1394/14/13 1395/331/13
f 1396/14/13 1397/16/13 1398/331/13
f 1399/328/5 1400/332/5 1401/329/5
f 1402/332/5 1403/333/5 1404/329/5
f 1405/334/1 1406/335/1 1407/336/1
f 1408/337/1 1409/338/1 1410/334/1
f 1411/339/1 1412/340/1 1413/337/1
f 1414/341/1 1415/342/1 1416/339/1
f 1417/343/1 1418/344/1 1419/341/1
f 1420/345/1 1421/346/1 1422/343/1
f 1423/347/1 1424/348/1 1425/345/1
f 1426/349/1 1427/350/1 1428/347/1
f 1429/351/1 1430/352/1 1431/349/1
f 1432/353/1 1433/354/1 1434/351/1
f 1435/355/1 1436/356/1 1437/353/1
f 1438/357/1 1439/358/1 1440/355/1
f 1441/359/1 1442/360/1 1443/357/1
f 1444/361/1 1445/362/1 1446/359/1
f 1447/363/1 1448/364/1 1449/361/1
f 1450/365/1 1451/366/1 1452/363/1
f 1453/367/1 1454/368/1 1455/365/1
f 1456/369/1 1457/370/1 1458/367/1
f 1459/371/1 1460/372/1 1461/369/1
f 1462/373/1 1463/374/1 1464/371/1
f 1465/375/1 1466/376/1 1467/373/1
f 1468/377/1 1469/378/1 1470/375/1
f 1471/379/1 1472/380/1 1473/377/1
f 1474/381/1 1475/382/1 1476/379/1
f 1477/383/1 1478/384/1 1479/381/1
f 1480/385/1 1481/386/1 1482/383/1
f 1483/387/1 1484/388/1 1485/385/1
f 1486/389/1 1487/390/1 1488/387/1
f 1489/391/1 1490/392/1 1491/389/1
f 1492/393/1 1493/394/1 1494/391/1
f 1495/395/1 1496/396/1 1497/393/1
f 1498/397/1 1499/398/1 1500/395/1
f 1501/399/1 1502/400/1 1503/397/1
f 1504/401/1 1505/402/1 1506/399/1
f 1507/403/1 1508/404/1 1509/401/1
f 1510/405/1 1511/406/1 1512/403/1
f 1513/407/1 1514/408/1 1515/405/1
f 1516/409/1 1517/410/1 1518/407/1
f 1519/411/1 1520/412/1 1521/409/1
f 1522/413/1 1523/414/1 1524/411/1
f 1525/415/1 1526/416/1 1527/413/1
f 1528/417/1 1529/418/1 1530/415/1
f 1531/419/1 1532/420/1 1533/417/1
f 1534/421/1 1535/422/1 1536/419/1
f 1537/423/1 1538/424/1 1539/421/1
f 1540/425/1 1541/426/1 1542/423/1
f 1543/427/1 1544/428/1 1545/425/1
f 1546/429/1 1547/430/1 1548/427/1
f 1549/431/1 1550/432/1 1551/429/1
f 1552/433/1 1553/434/1 1554/431/1
f 1555/435/1 1556/436/1 1557/433/1
f 1558/437/1 1559/438/1 1560/435/1
f 1561/439/1 1562/440/1 1563/437/1
f 1564/441/1 1565/442/1 1566/439/1
f 1567/443/1 1568/444/1 1569/441/1
f 1570/445/1 1571/446/1 1572/443/1
f 1573/447/1 1574/448/1 1575/445/1
f 1576/445/1 1577/448/1 1578/449/1
f 1579/450/1 1580/451/1 1581/445/1
f 1582/452/1 1583/453/1 1584/450/1
f 1585/454/1 1586/455/1 1587/452/1
f 1588/456/1 1589/457/1 1590/454/1
f 1591/458/1 1592/459/1 1593/456/1
f 1594/460/1 1595/461/1 1596/458/1
f 1597/462/1 1598/463/1 1599/460/1
f 1600/464/1 1601/465/1 1602/462/1
f 1603/466/1 1604/467/1 1605/464/1
f 1606/468/1 1607/469/1 1608/466/1
f 1609/470/1 1610/471/1 1611/468/1
f 1612/472/1 1613/473/1 1614/470/1
f 1615/474/1 1616/475/1 1617/472/1
f 1618/476/1 1619/477/1 1620/474/1
f 1621/478/1 1622/479/1 1623/476/1
f 1624/480/1 1625/481/1 1626/478/1
f 1627/482/1 1628/483/1 1629/480/1
f 1630/484/1 1631/485/1 1632/482/1
f 1633/336/1 1634/486/1 1635/487/1
f 1636/337/1 1637/334/1 1638/336/1
f 1639/341/1 1640/339/1 1641/337/1
f 1642/345/1 1643/343/1 1644/341/1
f 1645/349/1 1646/347/1 1647/345/1
f 1648/353/1 1649/351/1 1650/349/1
f 1651/357/1 1652/355/1 1653/353/1
f 1654/361/1 1655/359/1 1656/357/1
f 1657/365/1 1658/363/1 1659/361/1
f 1660/369/1 1661/367/1 1662/365/1
f 1663/373/1 1664/371/1 1665/369/1
f 1666/377/1 1667/375/1 1668/373/1
f 1669/381/1 1670/379/1 1671/377/1
f 1672/385/1 1673/383/1 1674/381/1
f 1675/389/1 1676/387/1 1677/385/1
f 1678/393/1 1679/391/1 1680/389/1
f 1681/397/1 1682/395/1 1683/393/1
f 1684/401/1 1685/399/1 1686/397/1
f 1687/405/1 1688/403/1 1689/401/1
f 1690/409/1 1691/407/1 1692/405/1
f 1693/413/1 1694/411/1 1695/409/1
f 1696/417/1 1697/415/1 1698/413/1
f 1699/421/1 1700/419/1 1701/417/1
f 1702/425/1 1703/423/1 1704/421/1
f 1705/429/1 1706/427/1 1707/425/1
f 1708/433/1 1709/431/1 1710/429/1
f 1711/437/1 1712/435/1 1713/433/1
f 1714/441/1 1715/439/1 1716/437/1
f 1717/445/1 1718/443/1 1719/441/1
f 1720/488/1 1721/447/1 1722/445/1
f 1723/445/1 1724/449/1 1725/489/1
f 1726/452/1 1727/450/1 1728/445/1
f 1729/456/1 1730/454/1 1731/452/1
f 1732/460/1 1733/458/1 1734/456/1
f 1735/464/1 1736/462/1 1737/460/1
f 1738/468/1 1739/466/1 1740/464/1
f 1741/472/1 1742/470/1 1743/468/1
f 1744/476/1 1745/474/1 1746/472/1
f 1747/480/1 1748/478/1 1749/476/1
f 1750/484/1 1751/482/1 1752/480/1
f 1753/336/1 1754/487/1 1755/490/1
f 1756/341/1 1757/337/1 1758/336/1
f 1759/349/1 1760/345/1 1761/341/1
f 1762/357/1 1763/353/1 1764/349/1
f 1765/365/1 1766/361/1 1767/357/1
f 1768/373/1 1769/369/1 1770/365/1
f 1771/381/1 1772/377/1 1773/373/1
f 1774/389/1 1775/385/1 1776/381/1
f 1777/397/1 1778/393/1 1779/389/1
f 1780/405/1 1781/401/1 1782/397/1
f 1783/413/1 1784/409/1 1785/405/1
f 1786/421/1 1787/417/1 1788/413/1
f 1789/429/1 1790/425/1 1791/421/1
f 1792/437/1 1793/433/1 1794/429/1
f 1795/445/1 1796/441/1 1797/437/1
f 1798/491/1 1799/488/1 1800/445/1
f 1801/445/1 1802/489/1 1803/492/1
f 1804/456/1 1805/452/1 1806/445/1
f 1807/464/1 1808/460/1 1809/456/1
f 1810/472/1 1811/468/1 1812/464/1
f 1813/480/1 1814/476/1 1815/472/1
f 1816/493/1 1817/484/1 1818/480/1
f 1819/336/1 1820/490/1 1821/494/1
f 1822/349/1 1823/341/1 1824/336/1
f 1825/365/1 1826/357/1 1827/349/1
f 1828/381/1 1829/373/1 1830/365/1
f 1831/397/1 1832/389/1 1833/381/1
f 1834/413/1 1835/405/1 1836/397/1
f 1837/429/1 1838/421/1 1839/413/1
f 1840/445/1 1841/437/1 1842/429/1
f 1843/495/1 1844/491/1 1845/445/1
f 1846/445/1 1847/492/1 1848/496/1
f 1849/464/1 1850/456/1 1851/445/1
f 1852/480/1 1853/472/1 1854/464/1
f 1855/336/1 1856/494/1 1857/497/1
f 1858/365/1 1859/349/1 1860/336/1
f 1861/397/1 1862/381/1 1863/365/1
f 1864/429/1 1865/413/1 1866/397/1
f 1867/495/1 1868/445/1 1869/429/1
f 1870/445/1 1871/496/1 1872/498/1
f 1873/480/1 1874/464/1 1875/445/1
f 1876/365/1 1877/336/1 1878/497/1
f 1879/499/1 1880/495/1 1881/429/1
f 1882/445/1 1883/498/1 1884/500/1
f 1885/365/1 1886/497/1 1887/501/1
f 1888/502/1 1889/499/1 1890/429/1
f 1891/445/1 1892/500/1 1893/503/1
f 1894/365/1 1895/501/1 1896/504/1
f 1897/505/1 1898/502/1 1899/429/1
f 1900/445/1 1901/503/1 1902/506/1
f 1903/365/1 1904/504/1 1905/507/1
f 1906/508/1 1907/505/1 1908/429/1
f 1909/445/1 1910/506/1 1911/509/1
f 1912/365/1 1913/507/1 1914/510/1
f 1915/511/1 1916/508/1 1917/429/1
f 1918/445/1 1919/509/1 1920/512/1
f 1921/365/1 1922/510/1 1923/513/1
f 1924/514/1 1925/511/1 1926/429/1
f 1927/445/1 1928/512/1 1929/515/1
f 1930/365/1 1931/513/1 1932/516/1
f 1933/517/1 1934/514/1 1935/429/1
f 1936/445/1 1937/515/1 1938/518/1
f 1939/365/1 1940/516/1 1941/519/1
f 1942/520/1 1943/517/1 1944/429/1
f 1945/445/1 1946/518/1 1947/521/1
f 1948/365/1 1949/519/1 1950/522/1
f 1951/523/1 1952/520/1 1953/429/1
f 1954/445/1 1955/521/1 1956/524/1
f 1957/365/1 1958/522/1 1959/525/1
f 1960/526/1 1961/523/1 1962/429/1
f 1963/445/1 1964/524/1 1965/527/1
f 1966/365/1 1967/525/1 1968/528/1
f 1969/529/1 1970/526/1 1971/429/1
f 1972/445/1 1973/527/1 1974/530/1
f 1975/365/1 1976/528/1 1977/531/1
f 1978/532/1 1979/529/1 1980/429/1
f 1981/445/1 1982/530/1 1983/533/1
f 1984/365/1 1985/531/1 1986/534/1
f 1987/535/1 1988/532/1 1989/429/1
f 1990/445/1 1991/533/1 1992/536/1
f 1993/365/1 1994/534/1 1995/537/1
f 1996/538/1 1997/535/1 1998/429/1
f 1999/445/1 2000/536/1 2001/539/1
f 2002/365/1 2003/537/1 2004/540/1
f 2005/541/1 2006/538/1 2007/429/1
f 2008/480/1 2009/445/1 2010/539/1
f 2011/365/1 2012/540/1 2013/542/1
f 2014/543/1 2015/541/1 2016/429/1
f 2017/480/1 2018/539/1 2019/544/1
f 2020/365/1 2021/542/1 2022/545/1
f 2023/546/1 2024/543/1 2025/429/1
f 2026/480/1 2027/544/1 2028/547/1
f 2029/365/1 2030/545/1 2031/548/1
f 2032/549/1 2033/546/1 2034/429/1
f 2035/480/1 2036/547/1 2037/550/1
f 2038/365/1 2039/548/1 2040/551/1
f 2041/549/1 2042/429/1 2043/397/1
f 2044/480/1 2045/550/1 2046/552/1
f 2047/365/1 2048/551/1 2049/553/1
f 2050/554/1 2051/549/1 2052/397/1
f 2053/480/1 2054/552/1 2055/555/1
f 2056/365/1 2057/553/1 2058/556/1
f 2059/557/1 2060/554/1 2061/397/1
f 2062/480/1 2063/555/1 2064/558/1
f 2065/365/1 2066/556/1 2067/559/1
f 2068/560/1 2069/557/1 2070/397/1
f 2071/480/1 2072/558/1 2073/561/1
f 2074/365/1 2075/559/1 2076/493/1
f 2077/562/1 2078/560/1 2079/397/1
f 2080/480/1 2081/561/1 2082/563/1
f 2083/397/1 2084/365/1 2085/493/1
f 2086/564/1 2087/562/1 2088/397/1
f 2089/480/1 2090/563/1 2091/565/1
f 2092/566/1 2093/564/1 2094/397/1
f 2095/493/1 2096/480/1 2097/565/1
f 2098/567/1 2099/566/1 2100/397/1
f 2101/493/1 2102/565/1 2103/568/1
f 2104/569/1 2105/567/1 2106/397/1
f 2107/493/1 2108/568/1 2109/570/1
f 2110/571/1 2111/569/1 2112/397/1
f 2113/493/1 2114/570/1 2115/572/1
f 2116/573/1 2117/571/1 2118/397/1
f 2119/493/1 2120/572/1 2121/574/1
f 2122/575/1 2123/573/1 2124/397/1
f 2125/493/1 2126/574/1 2127/576/1
f 2128/577/1 2129/575/1 2130/397/1
f 2131/493/1 2132/576/1 2133/578/1
f 2134/579/1 2135/577/1 2136/397/1
f 2137/493/1 2138/578/1 2139/580/1
f 2140/581/1 2141/579/1 2142/397/1
f 2143/493/1 2144/580/1 2145/582/1
f 2146/583/1 2147/581/1 2148/397/1
f 2149/493/1 2150/582/1 2151/584/1
f 2152/585/1 2153/583/1 2154/397/1
f 2155/493/1 2156/584/1 2157/586/1
f 2158/587/1 2159/585/1 2160/397/1
f 2161/493/1 2162/586/1 2163/588/1
f 2164/589/1 2165/587/1 2166/397/1
f 2167/493/1 2168/588/1 2169/590/1
f 2170/591/1 2171/589/1 2172/397/1
f 2173/493/1 2174/590/1 2175/592/1
f 2176/593/1 2177/591/1 2178/397/1
f 2179/493/1 2180/592/1 2181/594/1
f 2182/595/1 2183/593/1 2184/397/1
f 2185/493/1 2186/594/1 2187/596/1
f 2188/597/1 2189/595/1 2190/397/1
f 2191/493/1 2192/596/1 2193/598/1
f 2194/599/1 2195/597/1 2196/397/1
f 2197/493/1 2198/598/1 2199/600/1
f 2200/601/1 2201/599/1 2202/397/1
f 2203/493/1 2204/600/1 2205/602/1
f 2206/603/1 2207/601/1 2208/397/1
f 2209/493/1 2210/602/1 2211/604/1
f 2212/605/1 2213/603/1 2214/397/1
f 2215/493/1 2216/604/1 2217/606/1
f 2218/607/1 2219/605/1 2220/397/1
f 2221/493/1 2222/606/1 2223/608/1
f 2224/609/1 2225/607/1 2226/397/1
f 2227/397/1 2228/493/1 2229/608/1
f 2230/608/1 2231/609/1 2232/397/1
f 2233/336/2 2234/335/2 2235/334/2
f 2236/334/2 2237/338/2 2238/337/2
f 2239/337/2 2240/340/2 2241/339/2
f 2242/339/2 2243/342/2 2244/341/2
f 2245/341/2 2246/344/2 2247/343/2
f 2248/343/2 2249/346/2 2250/345/2
f 2251/345/2 2252/348/2 2253/347/2
f 2254/347/2 2255/350/2 2256/349/2
f 2257/349/2 2258/352/2 2259/351/2
f 2260/351/2 2261/354/2 2262/353/2
f 2263/353/2 2264/356/2 2265/355/2
f 2266/355/2 2267/358/2 2268/357/2
f 2269/357/2 2270/360/2 2271/359/2
f 2272/359/2 2273/362/2 2274/361/2
f 2275/361/2 2276/364/2 2277/363/2
f 2278/363/2 2279/366/2 2280/365/2
f 2281/365/2 2282/368/2 2283/367/2
f 2284/367/2 2285/370/2 2286/369/2
f 2287/369/2 2288/372/2 2289/371/2
f 2290/371/2 2291/374/2 2292/373/2
f 2293/373/2 2294/376/2 2295/375/2
f 2296/375/2 2297/378/2 2298/377/2
f 2299/377/2 2300/380/2 2301/379/2
f 2302/379/2 2303/382/2 2304/381/2
f 2305/381/2 2306/384/2 2307/383/2
f 2308/383/2 2309/386/2 2310/385/2
f 2311/385/2 2312/388/2 2313/387/2
f 2314/387/2 2315/390/2 2316/389/2
f 2317/389/2 2318/392/2 2319/391/2
f 2320/391/2 2321/394/2 2322/393/2
f 2323/393/2 2324/396/2 2325/395/2
f 2326/395/2 2327/398/2 2328/397/2
f 2329/397/2 2330/400/2 2331/399/2
f 2332/399/2 2333/402/2 2334/401/2
f 2335/401/2 2336/404/2 2337/403/2
f 2338/403/2 2339/406/2 2340/405/2
f 2341/405/2 2342/408/2 2343/407/2
f 2344/407/2 2345/410/2 2346/409/2
f 2347/409/2 2348/412/2 2349/411/2
f 2350/411/2 2351/414/2 2352/413/2
f 2353/413/2 2354/416/2 2355/415/2
f 2356/415/2 2357/418/2 2358/417/2
f 2359/417/2 2360/420/2 2361/419/2
f 2362/419/2 2363/422/2 2364/421/2
f 2365/421/2 2366/424/2 2367/423/2
f 2368/423/2 2369/426/2 2370/425/2
f 2371/425/2 2372/428/2 2373/427/2
f 2374/427/2 2375/430/2 2376/429/2
f 2377/429/2 2378/432/2 2379/431/2
f 2380/431/2 2381/434/2 2382/433/2
f 2383/433/2 2384/436/2 2385/435/2
f 2386/435/2 2387/438/2 2388/437/2
f 2389/437/2 2390/440/2 2391/439/2
f 2392/439/2 2393/442/2 2394/441/2
f 2395/441/2 2396/444/2 2397/443/2
f 2398/443/2 2399/446/2 2400/445/2
f 2401/445/2 2402/448/2 2403/447/2
f 2404/449/2 2405/448/2 2406/445/2
f 2407/445/2 2408/451/2 2409/450/2
f 2410/450/2 2411/453/2 2412/452/2
f 2413/452/148 2414/455/148 2415/454/148
f 2416/454/148 2417/457/148 2418/456/148
f 2419/456/149 2420/459/149 2421/458/149
f 2422/458/149 2423/461/149 2424/460/149
f 2425/460/2 2426/463/2 2427/462/2
f 2428/462/2 2429/465/2 2430/464/2
f 2431/464/2 2432/467/2 2433/466/2
f 2434/466/150 2435/469/150 2436/468/150
f 2437/468/14 2438/471/14 2439/470/14
f 2440/470/14 2441/473/14 2442/472/14
f 2443/472/14 2444/475/14 2445/474/14
f 2446/474/2 2447/477/2 2448/476/2
f 2449/476/2 2450/479/2 2451/478/2
f 2452/478/2 2453/481/2 2454/480/2
f 2455/480/2 2456/483/2 2457/482/2
f 2458/482/2 2459/485/2 2460/484/2
f 2461/487/2 2462/486/2 2463/336/2
f 2464/336/2 2465/334/2 2466/337/2
f 2467/337/2 2468/339/2 2469/341/2
f 2470/341/2 2471/343/2 2472/345/2
f 2473/345/2 2474/347/2 2475/349/2
f 2476/349/2 2477/351/2 2478/353/2
f 2479/353/2 2480/355/2 2481/357/2
f 2482/357/150 2483/359/150 2484/361/150
f 2485/361/14 2486/363/14 2487/365/14
f 2488/365/2 2489/367/2 2490/369/2
f 2491/369/2 2492/371/2 2493/373/2
f 2494/373/2 2495/375/2 2496/377/2
f 2497/377/2 2498/379/2 2499/381/2
f 2500/381/2 2501/383/2 2502/385/2
f 2503/385/2 2504/387/2 2505/389/2
f 2506/389/2 2507/391/2 2508/393/2
f 2509/393/2 2510/395/2 2511/397/2
f 2512/397/2 2513/399/2 2514/401/2
f 2515/401/2 2516/403/2 2517/405/2
f 2518/405/2 2519/407/2 2520/409/2
f 2521/409/2 2522/411/2 2523/413/2
f 2524/413/2 2525/415/2 2526/417/2
f 2527/417/2 2528/419/2 2529/421/2
f 2530/421/2 2531/423/2 2532/425/2
f 2533/425/2 2534/427/2 2535/429/2
f 2536/429/2 2537/431/2 2538/433/2
f 2539/433/2 2540/435/2 2541/437/2
f 2542/437/2 2543/439/2 2544/441/2
f 2545/441/2 2546/443/2 2547/445/2
f 2548/445/2 2549/447/2 2550/488/2
f 2551/489/2 2552/449/2 2553/445/2
f 2554/445/14 2555/450/14 2556/452/14
f 2557/452/14 2558/454/14 2559/456/14
f 2560/456/150 2561/458/150 2562/460/150
f 2563/460/2 2564/462/2 2565/464/2
f 2566/464/2 2567/466/2 2568/468/2
f 2569/468/2 2570/470/2 2571/472/2
f 2572/472/2 2573/474/2 2574/476/2
f 2575/476/2 2576/478/2 2577/480/2
f 2578/480/2 2579/482/2 2580/484/2
f 2581/490/2 2582/487/2 2583/336/2
f 2584/336/2 2585/337/2 2586/341/2
f 2587/341/2 2588/345/2 2589/349/2
f 2590/349/2 2591/353/2 2592/357/2
f 2593/357/2 2594/361/2 2595/365/2
f 2596/365/2 2597/369/2 2598/373/2
f 2599/373/2 2600/377/2 2601/381/2
f 2602/381/2 2603/385/2 2604/389/2
f 2605/389/2 2606/393/2 2607/397/2
f 2608/397/2 2609/401/2 2610/405/2
f 2611/405/2 2612/409/2 2613/413/2
f 2614/413/2 2615/417/2 2616/421/2
f 2617/421/2 2618/425/2 2619/429/2
f 2620/429/2 2621/433/2 2622/437/2
f 2623/437/2 2624/441/2 2625/445/2
f 2626/445/2 2627/488/2 2628/491/2
f 2629/492/2 2630/489/2 2631/445/2
f 2632/445/2 2633/452/2 2634/456/2
f 2635/456/2 2636/460/2 2637/464/2
f 2638/464/2 2639/468/2 2640/472/2
f 2641/472/2 2642/476/2 2643/480/2
f 2644/480/2 2645/484/2 2646/493/2
f 2647/494/2 2648/490/2 2649/336/2
f 2650/336/2 2651/341/2 2652/349/2
f 2653/349/2 2654/357/2 2655/365/2
f 2656/365/2 2657/373/2 2658/381/2
f 2659/381/2 2660/389/2 2661/397/2
f 2662/397/2 2663/405/2 2664/413/2
f 2665/413/2 2666/421/2 2667/429/2
f 2668/429/2 2669/437/2 2670/445/2
f 2671/445/150 2672/491/150 2673/495/150
f 2674/496/2 2675/492/2 2676/445/2
f 2677/445/2 2678/456/2 2679/464/2
f 2680/464/2 2681/472/2 2682/480/2
f 2683/497/14 2684/494/14 2685/336/14
f 2686/336/2 2687/349/2 2688/365/2
f 2689/365/2 2690/381/2 2691/397/2
f 2692/397/2 2693/413/2 2694/429/2
f 2695/429/2 2696/445/2 2697/495/2
f 2698/498/2 2699/496/2 2700/445/2
f 2701/445/2 2702/464/2 2703/480/2
f 2704/497/2 2705/336/2 2706/365/2
f 2707/429/2 2708/495/2 2709/499/2
f 2710/500/2 2711/498/2 2712/445/2
f 2713/501/2 2714/497/2 2715/365/2
f 2716/429/2 2717/499/2 2718/502/2
f 2719/503/2 2720/500/2 2721/445/2
f 2722/504/2 2723/501/2 2724/365/2
f 2725/429/2 2726/502/2 2727/505/2
f 2728/506/2 2729/503/2 2730/445/2
f 2731/507/2 2732/504/2 2733/365/2
f 2734/429/2 2735/505/2 2736/508/2
f 2737/509/2 2738/506/2 2739/445/2
f 2740/510/2 2741/507/2 2742/365/2
f 2743/429/2 2744/508/2 2745/511/2
f 2746/512/2 2747/509/2 2748/445/2
f 2749/513/2 2750/510/2 2751/365/2
f 2752/429/2 2753/511/2 2754/514/2
f 2755/515/2 2756/512/2 2757/445/2
f 2758/516/2 2759/513/2 2760/365/2
f 2761/429/2 2762/514/2 2763/517/2
f 2764/518/2 2765/515/2 2766/445/2
f 2767/519/2 2768/516/2 2769/365/2
f 2770/429/2 2771/517/2 2772/520/2
f 2773/521/2 2774/518/2 2775/445/2
f 2776/522/2 2777/519/2 2778/365/2
f 2779/429/2 2780/520/2 2781/523/2
f 2782/524/2 2783/521/2 2784/445/2
f 2785/525/2 2786/522/2 2787/365/2
f 2788/429/2 2789/523/2 2790/526/2
f 2791/527/2 2792/524/2 2793/445/2
f 2794/528/2 2795/525/2 2796/365/2
f 2797/429/2 2798/526/2 2799/529/2
f 2800/530/2 2801/527/2 2802/445/2
f 2803/531/2 2804/528/2 2805/365/2
f 2806/429/2 2807/529/2 2808/532/2
f 2809/533/2 2810/530/2 2811/445/2
f 2812/534/2 2813/531/2 2814/365/2
f 2815/429/2 2816/532/2 2817/535/2
f 2818/536/2 2819/533/2 2820/445/2
f 2821/537/2 2822/534/2 2823/365/2
f 2824/429/2 2825/535/2 2826/538/2
f 2827/539/2 2828/536/2 2829/445/2
f 2830/540/2 2831/537/2 2832/365/2
f 2833/429/2 2834/538/2 2835/541/2
f 2836/539/2 2837/445/2 2838/480/2
f 2839/542/2 2840/540/2 2841/365/2
f 2842/429/2 2843/541/2 2844/543/2
f 2845/544/2 2846/539/2 2847/480/2
f 2848/545/2 2849/542/2 2850/365/2
f 2851/429/2 2852/543/2 2853/546/2
f 2854/547/2 2855/544/2 2856/480/2
f 2857/548/2 2858/545/2 2859/365/2
f 2860/429/2 2861/546/2 2862/549/2
f 2863/550/2 2864/547/2 2865/480/2
f 2866/551/2 2867/548/2 2868/365/2
f 2869/397/2 2870/429/2 2871/549/2
f 2872/552/2 2873/550/2 2874/480/2
f 2875/553/2 2876/551/2 2877/365/2
f 2878/397/14 2879/549/14 2880/554/14
f 2881/555/2 2882/552/2 2883/480/2
f 2884/556/2 2885/553/2 2886/365/2
f 2887/397/2 2888/554/2 2889/557/2
f 2890/558/2 2891/555/2 2892/480/2
f 2893/559/2 2894/556/2 2895/365/2
f 2896/397/2 2897/557/2 2898/560/2
f 2899/561/2 2900/558/2 2901/480/2
f 2902/493/2 2903/559/2 2904/365/2
f 2905/397/2 2906/560/2 2907/562/2
f 2908/563/2 2909/561/2 2910/480/2
f 2911/493/2 2912/365/2 2913/397/2
f 2914/397/2 2915/562/2 2916/564/2
f 2917/565/150 2918/563/150 2919/480/150
f 2920/397/2 2921/564/2 2922/566/2
f 2923/565/2 2924/480/2 2925/493/2
f 2926/397/2 2927/566/2 2928/567/2
f 2929/568/2 2930/565/2 2931/493/2
f 2932/397/2 2933/567/2 2934/569/2
f 2935/570/2 2936/568/2 2937/493/2
f 2938/397/2 2939/569/2 2940/571/2
f 2941/572/2 2942/570/2 2943/493/2
f 2944/397/2 2945/571/2 2946/573/2
f 2947/574/2 2948/572/2 2949/493/2
f 2950/397/2 2951/573/2 2952/575/2
f 2953/576/2 2954/574/2 2955/493/2
f 2956/397/2 2957/575/2 2958/577/2
f 2959/578/2 2960/576/2 2961/493/2
f 2962/397/2 2963/577/2 2964/579/2
f 2965/580/2 2966/578/2 2967/493/2
f 2968/397/2 2969/579/2 2970/581/2
f 2971/582/2 2972/580/2 2973/493/2
f 2974/397/2 2975/581/2 2976/583/2
f 2977/584/2 2978/582/2 2979/493/2
f 2980/397/2 2981/583/2 2982/585/2
f 2983/586/2 2984/584/2 2985/493/2
f 2986/397/2 2987/585/2 2988/587/2
f 2989/588/2 2990/586/2 2991/493/2
f 2992/397/2 2993/587/2 2994/589/2
f 2995/590/2 2996/588/2 2997/493/2
f 2998/397/2 2999/589/2 3000/591/2
f 3001/592/2 3002/590/2 3003/493/2
f 3004/397/2 3005/591/2 3006/593/2
f 3007/594/2 3008/592/2 3009/493/2
f 3010/397/2 3011/593/2 3012/595/2
f 3013/596/2 3014/594/2 3015/493/2
f 3016/397/2 3017/595/2 3018/597/2
f 3019/598/2 3020/596/2 3021/493/2
f 3022/397/2 3023/597/2 3024/599/2
f 3025/600/2 3026/598/2 3027/493/2
f 3028/397/2 3029/599/2 3030/601/2
f 3031/602/2 3032/600/2 3033/493/2
f 3034/397/2 3035/601/2 3036/603/2
f 3037/604/2 3038/602/2 3039/493/2
f 3040/397/2 3041/603/2 3042/605/2
f 3043/606/2 3044/604/2 3045/493/2
f 3046/397/2 3047/605/2 3048/607/2
f 3049/608/2 3050/606/2 3051/493/2
f 3052/397/2 3053/607/2 3054/609/2
f 3055/608/2 3056/493/2 3057/397/2
f 3058/397/2 3059/609/2 3060/608/2
f 3061/610/151 3062/611/151 3063/612/151
f 3064/611/151 3065/613/151 3066/612/151
f 3067/611/152 3068/614/152 3069/613/152
f 3070/614/152 3071/615/152 3072/613/152
f 3073/614/153 3074/616/153 3075/615/153
f 3076/616/153 3077/617/153 3078/615/153
f 3079/616/154 3080/618/154 3081/617/154
f 3082/618/155 3083/619/155 3084/617/155
f 3085/618/156 3086/620/156 3087/619/156
f 3088/620/156 3089/621/156 3090/619/156
f 3091/620/157 3092/622/157 3093/621/157
f 3094/622/157 3095/623/157 3096/621/157
f 3097/622/158 3098/624/158 3099/623/158
f 3100/624/158 3101/625/158 3102/623/158
f 3103/624/159 3104/626/159 3105/625/159
f 3106/626/159 3107/627/159 3108/625/159
f 3109/626/160 3110/628/160 3111/627/160
f 3112/628/160 3113/629/160 3114/627/160
f 3115/628/161 3116/630/161 3117/629/161
f 3118/630/161 3119/631/161 3120/629/161
f 3121/630/162 3122/632/162 3123/631/162
f 3124/632/163 3125/633/163 3126/631/163
f 3127/632/164 3128/634/164 3129/633/164
f 3130/634/165 3131/635/165 3132/633/165
f 3133/634/166 3134/636/166 3135/635/166
f 3136/636/166 3137/637/166 3138/635/166
f 3139/636/167 3140/638/167 3141/637/167
f 3142/638/167 3143/639/167 3144/637/167
f 3145/638/168 3146/640/168 3147/639/168
f 3148/640/169 3149/641/169 3150/639/169
f 3151/640/170 3152/642/170 3153/641/170
f 3154/642/170 3155/643/170 3156/641/170
f 3157/642/171 3158/644/171 3159/643/171
f 3160/644/172 3161/645/172 3162/643/172
f 3163/644/173 3164/646/173 3165/645/173
f 3166/646/174 3167/647/174 3168/645/174
f 3169/648/175 3170/649/175 3171/650/175
f 3172/649/175 3173/651/175 3174/650/175
f 3175/649/176 3176/652/176 3177/651/176
f 3178/652/177 3179/653/177 3180/651/177
f 3181/652/178 3182/654/178 3183/653/178
f 3184/654/179 3185/655/179 3186/653/179
f 3187/654/180 3188/656/180 3189/655/180
f 3190/656/180 3191/657/180 3192/655/180
f 3193/656/181 3194/658/181 3195/657/181
f 3196/658/182 3197/659/182 3198/657/182
f 3199/658/183 3200/660/183 3201/659/183
f 3202/660/183 3203/661/183 3204/659/183
f 3205/660/184 3206/662/184 3207/661/184
f 3208/662/185 3209/663/185 3210/661/185
f 3211/662/186 3212/664/186 3213/663/186
f 3214/664/186 3215/665/186 3216/663/186
f 3217/664/187 3218/666/187 3219/665/187
f 3220/666/187 3221/667/187 3222/665/187
f 3223/666/188 3224/668/188 3225/667/188
f 3226/668/189 3227/669/189 3228/667/189
f 3229/668/190 3230/670/190 3231/669/190
f 3232/670/191 3233/671/191 3234/669/191
f 3235/670/192 3236/672/192 3237/671/192
f 3238/672/193 3239/673/193 3240/671/193
f 3241/672/194 3242/674/194 3243/673/194
f 3244/674/195 3245/675/195 3246/673/195
f 3247/674/196 3248/676/196 3249/675/196
f 3250/676/197 3251/677/197 3252/675/197
f 3253/676/198 3254/678/198 3255/677/198
f 3256/678/198 3257/679/198 3258/677/198
f 3259/678/199 3260/680/199 3261/679/199
f 3262/680/200 3263/681/200 3264/679/200
f 3265/680/201 3266/682/201 3267/681/201
f 3268/682/202 3269/683/202 3270/681/202
f 3271/682/203 3272/684/203 3273/683/203
f 3274/684/204 3275/685/204 3276/683/204
f 3277/684/12 3278/174/12 3279/685/12
f 3280/174/12 3281/175/12 3282/685/12
f 3283/174/205 3284/256/205 3285/175/205
f 3286/256/206 3287/257/206 3288/175/206
f 3289/256/207 3290/258/207 3291/257/207
f 3292/258/208 3293/259/208 3294/257/208
f 3295/258/209 3296/260/209 3297/259/209
f 3298/260/210 3299/261/210 3300/259/210
f 3301/260/211 3302/262/211 3303/261/211
f 3304/262/211 3305/263/211 3306/261/211
f 3307/262/212 3308/264/212 3309/263/212
f 3310/264/212 3311/265/212 3312/263/212
f 3313/264/213 3314/266/213 3315/265/213
f 3316/266/214 3317/267/214 3318/265/214
f 3319/266/215 3320/268/215 3321/267/215
f 3322/268/216 3323/269/216 3324/267/216
f 3325/268/217 3326/270/217 3327/269/217
f 3328/270/218 3329/271/218 3330/269/218
f 3331/270/219 3332/272/219 3333/271/219
f 3334/272/220 3335/273/220 3336/271/220
f 3337/272/221 3338/274/221 3339/273/221
f 3340/274/221 3341/275/221 3342/273/221
f 3343/274/222 3344/276/222 3345/275/222
f 3346/276/222 3347/277/222 3348/275/222
f 3349/276/223 3350/278/223 3351/277/223
f 3352/278/224 3353/279/224 3354/277/224
f 3355/278/225 3356/280/225 3357/279/225
f 3358/280/225 3359/281/225 3360/279/225
f 3361/280/226 3362/282/226 3363/281/226
f 3364/282/227 3365/283/227 3366/281/227
f 3367/282/228 3368/284/228 3369/283/228
f 3370/284/228 3371/285/228 3372/283/228
f 3373/284/229 3374/286/229 3375/285/229
f 3376/286/230 3377/287/230 3378/285/230
f 3379/286/231 3380/288/231 3381/287/231
f 3382/288/232 3383/289/232 3384/287/232
f 3385/288/233 3386/290/233 3387/289/233
f 3388/290/233 3389/291/233 3390/289/233
f 3391/646/234 3392/644/234 3393/647/234
f 3394/644/235 3395/645/235 3396/647/235
f 3397/644/236 3398/642/236 3399/645/236
f 3400/642/237 3401/643/237 3402/645/237
f 3403/642/238 3404/640/238 3405/643/238
f 3406/640/238 3407/641/238 3408/643/238
f 3409/640/239 3410/638/239 3411/641/239
f 3412/638/240 3413/639/240 3414/641/240
f 3415/638/241 3416/636/241 3417/639/241
f 3418/636/241 3419/637/241 3420/639/241
f 3421/636/242 3422/634/242 3423/637/242
f 3424/634/242 3425/635/242 3426/637/242
f 3427/634/243 3428/632/243 3429/635/243
f 3430/632/244 3431/633/244 3432/635/244
f 3433/632/245 3434/630/245 3435/633/245
f 3436/630/246 3437/631/246 3438/633/246
f 3439/630/247 3440/628/247 3441/631/247
f 3442/628/247 3443/629/247 3444/631/247
f 3445/628/248 3446/626/248 3447/629/248
f 3448/626/248 3449/627/248 3450/629/248
f 3451/626/249 3452/624/249 3453/627/249
f 3454/624/249 3455/625/249 3456/627/249
f 3457/624/250 3458/622/250 3459/625/250
f 3460/622/250 3461/623/250 3462/625/250
f 3463/622/251 3464/620/251 3465/623/251
f 3466/620/251 3467/621/251 3468/623/251
f 3469/620/252 3470/618/252 3471/621/252
f 3472/618/252 3473/619/252 3474/621/252
f 3475/618/253 3476/616/253 3477/619/253
f 3478/616/254 3479/617/254 3480/619/254
f 3481/616/255 3482/614/255 3483/617/255
f 3484/614/255 3485/615/255 3486/617/255
f 3487/614/256 3488/611/256 3489/615/256
f 3490/611/256 3491/613/256 3492/615/256
f 3493/611/257 3494/610/257 3495/613/257
f 3496/610/257 3497/612/257 3498/613/257
f 3499/610/7 3500/686/7 3501/612/7
f 3502/686/7 3503/687/7 3504/612/7
f 3505/686/258 3506/688/258 3507/687/258
f 3508/688/258 3509/689/258 3510/687/258
f 3511/688/259 3512/690/259 3513/689/259
f 3514/690/259 3515/691/259 3516/689/259
f 3517/690/260 3518/692/260 3519/691/260
f 3520/692/260 3521/693/260 3522/691/260
f 3523/692/261 3524/694/261 3525/693/261
f 3526/694/261 3527/695/261 3528/693/261
f 3529/694/262 3530/696/262 3531/695/262
f 3532/696/262 3533/697/262 3534/695/262
f 3535/696/263 3536/698/263 3537/697/263
f 3538/698/263 3539/699/263 3540/697/263
f 3541/698/264 3542/700/264 3543/699/264
f 3544/700/265 3545/701/265 3546/699/265
f 3547/700/266 3548/702/266 3549/701/266
f 3550/702/267 3551/703/267 3552/701/267
f 3553/702/268 3554/704/268 3555/703/268
f 3556/704/269 3557/705/269 3558/703/269
f 3559/704/270 3560/706/270 3561/705/270
f 3562/706/270 3563/707/270 3564/705/270
f 3565/706/271 3566/708/271 3567/707/271
f 3568/708/271 3569/709/271 3570/707/271
f 3571/708/272 3572/710/272 3573/709/272
f 3574/710/272 3575/711/272 3576/709/272
f 3577/710/273 3578/712/273 3579/711/273
f 3580/712/274 3581/713/274 3582/711/274
f 3583/712/275 3584/714/275 3585/713/275
f 3586/714/275 3587/715/275 3588/713/275
f 3589/714/276 3590/716/276 3591/715/276
f 3592/716/276 3593/717/276 3594/715/276
f 3595/716/277 3596/718/277 3597/717/277
f 3598/718/278 3599/719/278 3600/717/278
f 3601/718/279 3602/720/279 3603/719/279
f 3604/720/280 3605/721/280 3606/719/280
f 3607/720/281 3608/722/281 3609/721/281
f 3610/722/282 3611/723/282 3612/721/282
f 3613/290/283 3614/288/283 3615/291/283
f 3616/288/283 3617/289/283 3618/291/283
f 3619/288/284 3620/286/284 3621/289/284
f 3622/286/285 3623/287/285 3624/289/285
f 3625/286/286 3626/284/286 3627/287/286
f 3628/284/287 3629/285/287 3630/287/287
f 3631/284/288 3632/282/288 3633/285/288
f 3634/282/288 3635/283/288 3636/285/288
f 3637/282/289 3638/280/289 3639/283/289
f 3640/280/290 3641/281/290 3642/283/290
f 3643/280/291 3644/278/291 3645/281/291
f 3646/278/291 3647/279/291 3648/281/291
f 3649/278/292 3650/276/292 3651/279/292
f 3652/276/292 3653/277/292 3654/279/292
f 3655/276/293 3656/274/293 3657/277/293
f 3658/274/293 3659/275/293 3660/277/293
f 3661/274/294 3662/272/294 3663/275/294
f 3664/272/295 3665/273/295 3666/275/295
f 3667/272/296 3668/270/296 3669/273/296
f 3670/270/297 3671/271/297 3672/273/297
f 3673/270/298 3674/268/298 3675/271/298
f 3676/268/298 3677/269/298 3678/271/298
f 3679/268/299 3680/266/299 3681/269/299
f 3682/266/300 3683/267/300 3684/269/300
f 3685/266/301 3686/264/301 3687/267/301
f 3688/264/302 3689/265/302 3690/267/302
f 3691/264/303 3692/262/303 3693/265/303
f 3694/262/304 3695/263/304 3696/265/304
f 3697/262/305 3698/260/305 3699/263/305
f 3700/260/305 3701/261/305 3702/263/305
f 3703/260/306 3704/258/306 3705/261/306
f 3706/258/307 3707/259/307 3708/261/307
f 3709/258/308 3710/256/308 3711/259/308
f 3712/256/308 3713/257/308 3714/259/308
f 3715/256/309 3716/174/309 3717/257/309
f 3718/174/309 3719/175/309 3720/257/309
f 3721/174/13 3722/34/13 3723/175/13
f 3724/34/13 3725/36/13 3726/175/13
f 3727/34/310 3728/724/310 3729/36/310
f 3730/724/310 3731/725/310 3732/36/310
f 3733/724/311 3734/726/311 3735/725/311
f 3736/726/311 3737/727/311 3738/725/311
f 3739/726/312 3740/728/312 3741/727/312
f 3742/728/313 3743/729/313 3744/727/313
f 3745/728/314 3746/730/314 3747/729/314
f 3748/730/314 3749/731/314 3750/729/314
f 3751/730/315 3752/732/315 3753/731/315
f 3754/732/316 3755/733/316 3756/731/316
f 3757/732/317 3758/734/317 3759/733/317
f 3760/734/318 3761/735/318 3762/733/318
f 3763/734/319 3764/736/319 3765/735/319
f 3766/736/320 3767/737/320 3768/735/320
f 3769/736/321 3770/738/321 3771/737/321
f 3772/738/321 3773/739/321 3774/737/321
f 3775/738/322 3776/740/322 3777/739/322
f 3778/740/323 3779/741/323 3780/739/323
f 3781/740/324 3782/742/324 3783/741/324
f 3784/742/325 3785/743/325 3786/741/325
f 3787/742/326 3788/744/326 3789/743/326
f 3790/744/326 3791/745/326 3792/743/326
f 3793/744/327 3794/746/327 3795/745/327
f 3796/746/327 3797/747/327 3798/745/327
f 3799/746/328 3800/748/328 3801/747/328
f 3802/748/328 3803/749/328 3804/747/328
f 3805/748/329 3806/750/329 3807/749/329
f 3808/750/330 3809/751/330 3810/749/330
f 3811/750/331 3812/752/331 3813/751/331
f 3814/752/331 3815/753/331 3816/751/331
f 3817/752/332 3818/754/332 3819/753/332
f 3820/754/333 3821/755/333 3822/753/333
f 3823/754/334 3824/756/334 3825/755/334
f 3826/756/335 3827/757/335 3828/755/335
f 3829/756/336 3830/758/336 3831/757/336
f 3832/758/336 3833/759/336 3834/757/336
f 3835/722/337 3836/720/337 3837/723/337
f 3838/720/338 3839/721/338 3840/723/338
f 3841/720/339 3842/718/339 3843/721/339
f 3844/718/340 3845/719/340 3846/721/340
f 3847/718/341 3848/716/341 3849/719/341
f 3850/716/342 3851/717/342 3852/719/342
f 3853/716/343 3854/714/343 3855/717/343
f 3856/714/343 3857/715/343 3858/717/343
f 3859/714/344 3860/712/344 3861/715/344
f 3862/712/344 3863/713/344 3864/715/344
f 3865/712/345 3866/710/345 3867/713/345
f 3868/710/346 3869/711/346 3870/713/346
f 3871/710/347 3872/708/347 3873/711/347
f 3874/708/347 3875/709/347 3876/711/347
f 3877/708/348 3878/706/348 3879/709/348
f 3880/706/348 3881/707/348 3882/709/348
f 3883/706/349 3884/704/349 3885/707/349
f 3886/704/349 3887/705/349 3888/707/349
f 3889/704/350 3890/702/350 3891/705/350
f 3892/702/351 3893/703/351 3894/705/351
f 3895/702/352 3896/700/352 3897/703/352
f 3898/700/353 3899/701/353 3900/703/353
f 3901/700/354 3902/698/354 3903/701/354
f 3904/698/355 3905/699/355 3906/701/355
f 3907/698/356 3908/696/356 3909/699/356
f 3910/696/356 3911/697/356 3912/699/356
f 3913/696/357 3914/694/357 3915/697/357
f 3916/694/357 3917/695/357 3918/697/357
f 3919/694/358 3920/692/358 3921/695/358
f 3922/692/358 3923/693/358 3924/695/358
f 3925/692/359 3926/690/359 3927/693/359
f 3928/690/359 3929/691/359 3930/693/359
f 3931/690/360 3932/688/360 3933/691/360
f 3934/688/360 3935/689/360 3936/691/360
f 3937/688/361 3938/686/361 3939/689/361
f 3940/686/361 3941/687/361 3942/689/361
f 3943/686/5 3944/760/5 3945/687/5
f 3946/760/5 3947/761/5 3948/687/5
f 3949/14/13 3950/684/13 3951/16/13
f 3952/684/13 3953/685/13 3954/16/13
f 3955/684/362 3956/762/362 3957/685/362
f 3958/762/363 3959/763/363 3960/685/363
f 3961/762/364 3962/764/364 3963/763/364
f 3964/764/365 3965/765/365 3966/763/365
f 3967/764/366 3968/766/366 3969/765/366
f 3970/766/367 3971/767/367 3972/765/367
f 3973/766/368 3974/768/368 3975/767/368
f 3976/768/369 3977/769/369 3978/767/369
f 3979/768/370 3980/770/370 3981/769/370
f 3982/770/370 3983/771/370 3984/769/370
f 3985/770/371 3986/772/371 3987/771/371
f 3988/772/372 3989/773/372 3990/771/372
f 3991/772/373 3992/774/373 3993/773/373
f 3994/774/374 3995/775/374 3996/773/374
f 3997/774/375 3998/776/375 3999/775/375
f 4000/776/375 4001/777/375 4002/775/375
f 4003/776/376 4004/778/376 4005/777/376
f 4006/778/376 4007/779/376 4008/777/376
f 4009/778/377 4010/780/377 4011/779/377
f 4012/780/377 4013/781/377 4014/779/377
f 4015/780/378 4016/782/378 4017/781/378
f 4018/782/378 4019/783/378 4020/781/378
f 4021/782/379 4022/784/379 4023/783/379
f 4024/784/380 4025/785/380 4026/783/380
f 4027/786/381 4028/787/381 4029/788/381
f 4030/787/382 4031/789/382 4032/788/382
f 4033/787/383 4034/790/383 4035/789/383
f 4036/790/384 4037/791/384 4038/789/384
f 4039/790/385 4040/792/385 4041/791/385
f 4042/792/386 4043/793/386 4044/791/386
f 4045/792/387 4046/794/387 4047/793/387
f 4048/794/388 4049/795/388 4050/793/388
f 4051/794/389 4052/796/389 4053/795/389
f 4054/796/390 4055/797/390 4056/795/390
f 4057/796/391 4058/798/391 4059/797/391
f 4060/798/392 4061/799/392 4062/797/392
f 4063/798/393 4064/800/393 4065/799/393
f 4066/800/394 4067/801/394 4068/799/394
f 4069/800/395 4070/802/395 4071/801/395
f 4072/802/395 4073/803/395 4074/801/395
f 4075/802/396 4076/804/396 4077/803/396
f 4078/804/396 4079/805/396 4080/803/396
f 4081/804/397 4082/806/397 4083/805/397
f 4084/806/397 4085/807/397 4086/805/397
f 4087/806/398 4088/808/398 4089/807/398
f 4090/808/398 4091/809/398 4092/807/398
f 4093/808/399 4094/610/399 4095/809/399
f 4096/610/399 4097/612/399 4098/809/399
f 4099/610/7 4100/810/7 4101/612/7
f 4102/810/7 4103/811/7 4104/612/7
f 4105/812/13 4106/813/13 4107/814/13
f 4108/813/13 4109/815/13 4110/814/13
f 4111/810/5 4112/610/5 4113/811/5
f 4114/610/5 4115/612/5 4116/811/5
f 4117/816/400 4118/817/400 4119/818/400
f 4120/817/400 4121/819/400 4122/818/400
f 4123/817/401 4124/820/401 4125/819/401
f 4126/820/401 4127/821/401 4128/819/401
f 4129/820/402 4130/822/402 4131/821/402
f 4132/822/403 4133/823/403 4134/821/403
f 4135/822/404 4136/824/404 4137/823/404
f 4138/824/405 4139/825/405 4140/823/405
f 4141/824/406 4142/826/406 4143/825/406
f 4144/826/407 4145/827/407 4146/825/407
f 4147/826/408 4148/828/408 4149/827/408
f 4150/828/409 4151/829/409 4152/827/409
f 4153/828/410 4154/830/410 4155/829/410
f 4156/830/411 4157/831/411 4158/829/411
f 4159/830/412 4160/832/412 4161/831/412
f 4162/832/413 4163/833/413 4164/831/413
f 4165/832/414 4166/834/414 4167/833/414
f 4168/834/415 4169/835/415 4170/833/415
f 4171/834/416 4172/836/416 4173/835/416
f 4174/836/417 4175/837/417 4176/835/417
f 4177/836/418 4178/838/418 4179/837/418
f 4180/838/419 4181/839/419 4182/837/419
f 4183/840/420 4184/841/420 4185/842/420
f 4186/841/421 4187/843/421 4188/842/421
f 4189/841/422 4190/844/422 4191/843/422
f 4192/844/422 4193/845/422 4194/843/422
f 4195/844/423 4196/846/423 4197/845/423
f 4198/846/423 4199/847/423 4200/845/423
f 4201/846/424 4202/848/424 4203/847/424
f 4204/848/424 4205/849/424 4206/847/424
f 4207/848/425 4208/850/425 4209/849/425
f 4210/850/425 4211/851/425 4212/849/425
f 4213/850/426 4214/852/426 4215/851/426
f 4216/852/427 4217/853/427 4218/851/427
f 4219/852/428 4220/854/428 4221/853/428
f 4222/854/429 4223/855/429 4224/853/429
f 4225/854/430 4226/856/430 4227/855/430
f 4228/856/431 4229/857/431 4230/855/431
f 4231/856/432 4232/858/432 4233/857/432
f 4234/858/433 4235/859/433 4236/857/433
f 4237/858/434 4238/860/434 4239/859/434
f 4240/860/435 4241/861/435 4242/859/435
f 4243/860/436 4244/862/436 4245/861/436
f 4246/862/437 4247/863/437 4248/861/437
f 4249/862/438 4250/34/438 4251/863/438
f 4252/34/439 4253/36/439 4254/863/439
f 4255/34/12 4256/174/12 4257/36/12
f 4258/174/12 4259/175/12 4260/36/12
f 4261/174/440 4262/176/440 4263/175/440
f 4264/176/441 4265/177/441 4266/175/441
f 4267/176/442 4268/178/442 4269/177/442
f 4270/178/443 4271/179/443 4272/177/443
f 4273/178/444 4274/180/444 4275/179/444
f 4276/180/445 4277/181/445 4278/179/445
f 4279/180/446 4280/182/446 4281/181/446
f 4282/182/447 4283/183/447 4284/181/447
f 4285/182/448 4286/184/448 4287/183/448
f 4288/184/449 4289/185/449 4290/183/449
f 4291/184/450 4292/186/450 4293/185/450
f 4294/186/451 4295/187/451 4296/185/451
f 4297/186/452 4298/188/452 4299/187/452
f 4300/188/453 4301/189/453 4302/187/453
f 4303/188/454 4304/190/454 4305/189/454
f 4306/190/454 4307/191/454 4308/189/454
f 4309/190/455 4310/192/455 4311/191/455
f 4312/192/455 4313/193/455 4314/191/455
f 4315/192/456 4316/194/456 4317/193/456
f 4318/194/456 4319/195/456 4320/193/456
f 4321/194/457 4322/196/457 4323/195/457
f 4324/196/457 4325/197/457 4326/195/457
f 4327/196/458 4328/198/458 4329/197/458
f 4330/198/459 4331/199/459 4332/197/459
f 4333/838/460 4334/836/460 4335/839/460
f 4336/836/461 4337/837/461 4338/839/461
f 4339/836/462 4340/834/462 4341/837/462
f 4342/834/463 4343/835/463 4344/837/463
f 4345/834/464 4346/832/464 4347/835/464
f 4348/832/465 4349/833/465 4350/835/465
f 4351/832/466 4352/830/466 4353/833/466
f 4354/830/467 4355/831/467 4356/833/467
f 4357/830/468 4358/828/468 4359/831/468
f 4360/828/469 4361/829/469 4362/831/469
f 4363/828/470 4364/826/470 4365/829/470
f 4366/826/471 4367/827/471 4368/829/471
f 4369/826/472 4370/824/472 4371/827/472
f 4372/824/473 4373/825/473 4374/827/473
f 4375/824/474 4376/822/474 4377/825/474
f 4378/822/475 4379/823/475 4380/825/475
f 4381/822/476 4382/820/476 4383/823/476
f 4384/820/476 4385/821/476 4386/823/476
f 4387/820/477 4388/817/477 4389/821/477
f 4390/817/477 4391/819/477 4392/821/477
f 4393/817/478 4394/816/478 4395/819/478
f 4396/816/478 4397/818/478 4398/819/478
f 4399/816/479 4400/686/479 4401/818/479
f 4402/686/479 4403/687/479 4404/818/479
f 4405/686/5 4406/610/5 4407/687/5
f 4408/610/5 4409/612/5 4410/687/5
f 4411/610/52 4412/808/52 4413/612/52
f 4414/808/52 4415/809/52 4416/612/52
f 4417/808/53 4418/806/53 4419/809/53
f 4420/806/53 4421/807/53 4422/809/53
f 4423/806/54 4424/804/54 4425/807/54
f 4426/804/54 4427/805/54 4428/807/54
f 4429/804/55 4430/802/55 4431/805/55
f 4432/802/55 4433/803/55 4434/805/55
f 4435/802/56 4436/800/56 4437/803/56
f 4438/800/56 4439/801/56 4440/803/56
f 4441/800/58 4442/798/58 4443/801/58
f 4444/798/59 4445/799/59 4446/801/59
f 4447/798/61 4448/796/61 4449/799/61
f 4450/796/60 4451/797/60 4452/799/60
f 4453/796/63 4454/794/63 4455/797/63
f 4456/794/480 4457/795/480 4458/797/480
f 4459/794/65 4460/792/65 4461/795/65
f 4462/792/481 4463/793/481 4464/795/481
f 4465/792/66 4466/790/66 4467/793/66
f 4468/790/67 4469/791/67 4470/793/67
f 4471/790/69 4472/787/69 4473/791/69
f 4474/787/68 4475/789/68 4476/791/68
f 4477/787/482 4478/786/482 4479/789/482
f 4480/786/71 4481/788/71 4482/789/71
f 4483/198/483 4484/196/483 4485/199/483
f 4486/196/73 4487/197/73 4488/199/73
f 4489/196/74 4490/194/74 4491/197/74
f 4492/194/74 4493/195/74 4494/197/74
f 4495/194/75 4496/192/75 4497/195/75
f 4498/192/75 4499/193/75 4500/195/75
f 4501/192/78 4502/190/78 4503/193/78
f 4504/190/78 4505/191/78 4506/193/78
f 4507/190/484 4508/188/484 4509/191/484
f 4510/188/484 4511/189/484 4512/191/484
f 4513/188/485 4514/186/485 4515/189/485
f 4516/186/486 4517/187/486 4518/189/486
f 4519/186/84 4520/184/84 4521/187/84
f 4522/184/83 4523/185/83 4524/187/83
f 4525/184/487 4526/182/487 4527/185/487
f 4528/182/487 4529/183/487 4530/185/487
f 4531/182/87 4532/180/87 4533/183/87
f 4534/180/488 4535/181/488 4536/183/488
f 4537/180/89 4538/178/89 4539/181/89
f 4540/178/88 4541/179/88 4542/181/88
f 4543/178/91 4544/176/91 4545/179/91
f 4546/176/90 4547/177/90 4548/179/90
f 4549/176/489 4550/174/489 4551/177/489
f 4552/174/92 4553/175/92 4554/177/92
f 4555/174/13 4556/34/13 4557/175/13
f 4558/34/13 4559/36/13 4560/175/13
f 4561/34/362 4562/862/362 4563/36/362
f 4564/862/363 4565/863/363 4566/36/363
f 4567/862/364 4568/860/364 4569/863/364
f 4570/860/365 4571/861/365 4572/863/365
f 4573/860/366 4574/858/366 4575/861/366
f 4576/858/367 4577/859/367 4578/861/367
f 4579/858/368 4580/856/368 4581/859/368
f 4582/856/369 4583/857/369 4584/859/369
f 4585/856/370 4586/854/370 4587/857/370
f 4588/854/370 4589/855/370 4590/857/370
f 4591/854/371 4592/852/371 4593/855/371
f 4594/852/372 4595/853/372 4596/855/372
f 4597/852/373 4598/850/373 4599/853/373
f 4600/850/374 4601/851/374 4602/853/374
f 4603/850/375 4604/848/375 4605/851/375
f 4606/848/375 4607/849/375 4608/851/375
f 4609/848/376 4610/846/376 4611/849/376
f 4612/846/376 4613/847/376 4614/849/376
f 4615/846/377 4616/844/377 4617/847/377
f 4618/844/377 4619/845/377 4620/847/377
f 4621/844/378 4622/841/378 4623/845/378
f 4624/841/378 4625/843/378 4626/845/378
f 4627/841/379 4628/840/379 4629/843/379
f 4630/840/380 4631/842/380 4632/843/380
f 4633/786/381 4634/787/381 4635/788/381
f 4636/787/382 4637/789/382 4638/788/382
f 4639/787/383 4640/790/383 4641/789/383
f 4642/790/384 4643/791/384 4644/789/384
f 4645/790/385 4646/792/385 4647/791/385
f 4648/792/386 4649/793/386 4650/791/386
f 4651/792/387 4652/794/387 4653/793/387
f 4654/794/388 4655/795/388 4656/793/388
f 4657/794/389 4658/796/389 4659/795/389
f 4660/796/390 4661/797/390 4662/795/390
f 4663/796/391 4664/798/391 4665/797/391
f 4666/798/392 4667/799/392 4668/797/392
f 4669/798/393 4670/800/393 4671/799/393
f 4672/800/394 4673/801/394 4674/799/394
f 4675/800/395 4676/802/395 4677/801/395
f 4678/802/395 4679/803/395 4680/801/395
f 4681/802/396 4682/804/396 4683/803/396
f 4684/804/396 4685/805/396 4686/803/396
f 4687/804/397 4688/806/397 4689/805/397
f 4690/806/397 4691/807/397 4692/805/397
f 4693/806/398 4694/808/398 4695/807/398
f 4696/808/398 4697/809/398 4698/807/398
f 4699/808/399 4700/610/399 4701/809/399
f 4702/610/399 4703/612/399 4704/809/399
f 4705/610/7 4706/686/7 4707/612/7
f 4708/686/7 4709/687/7 4710/612/7
f 4711/686/490 4712/816/490 4713/687/490
f 4714/816/490 4715/818/490 4716/687/490
f 4717/864/1 4718/865/1 4719/866/1
f 4720/866/1 4721/867/1 4722/864/1
f 4723/866/2 4724/865/2 4725/864/2
f 4726/864/2 4727/867/2 4728/866/2
f 4729/14/12 4730/330/12 4731/16/12
f 4732/330/12 4733/331/12 4734/16/12
f 4735/868/7 4736/869/7 4737/870/7
f 4738/869/7 4739/871/7 4740/870/7
f 4741/330/13 4742/14/13 4743/331/13
f 4744/14/13 4745/16/13 4746/331/13
f 4747/869/5 4748/868/5 4749/871/5
f 4750/868/5 4751/870/5 4752/871/5
f 4753/872/1 4754/873/1 4755/874/1
f 4756/874/1 4757/875/1 4758/872/1
f 4759/874/2 4760/873/2 4761/872/2
f 4762/872/2 4763/875/2 4764/874/2
f 4765/876/12 4766/877/12 4767/878/12
f 4768/877/12 4769/879/12 4770/878/12
f 4771/868/7 4772/869/7 4773/870/7
f 4774/869/7 4775/871/7 4776/870/7
f 4777/877/13 4778/876/13 4779/879/13
f 4780/876/13 4781/878/13 4782/879/13
f 4783/869/5 4784/868/5 4785/871/5
f 4786/868/5 4787/870/5 4788/871/5
f 4789/880/1 4790/881/1 4791/882/1
f 4792/883/1 4793/884/1 4794/885/1
f 4795/886/1 4796/887/1 4797/883/1
f 4798/888/1 4799/889/1 4800/886/1
f 4801/890/1 4802/891/1 4803/888/1
f 4804/892/1 4805/893/1 4806/890/1
f 4807/894/1 4808/895/1 4809/892/1
f 4810/896/1 4811/897/1 4812/894/1
f 4813/898/1 4814/899/1 4815/896/1
f 4816/900/1 4817/901/1 4818/898/1
f 4819/902/1 4820/903/1 4821/900/1
f 4822/904/1 4823/905/1 4824/902/1
f 4825/906/1 4826/907/1 4827/904/1
f 4828/908/1 4829/909/1 4830/906/1
f 4831/910/1 4832/911/1 4833/908/1
f 4834/912/1 4835/913/1 4836/910/1
f 4837/914/1 4838/915/1 4839/912/1
f 4840/916/1 4841/917/1 4842/914/1
f 4843/918/1 4844/919/1 4845/916/1
f 4846/920/1 4847/921/1 4848/918/1
f 4849/882/1 4850/922/1 4851/920/1
f 4852/923/1 4853/880/1 4854/882/1
f 4855/883/1 4856/885/1 4857/924/1
f 4858/888/1 4859/886/1 4860/883/1
f 4861/892/1 4862/890/1 4863/888/1
f 4864/896/1 4865/894/1 4866/892/1
f 4867/900/1 4868/898/1 4869/896/1
f 4870/904/1 4871/902/1 4872/900/1
f 4873/908/1 4874/906/1 4875/904/1
f 4876/912/1 4877/910/1 4878/908/1
f 4879/916/1 4880/914/1 4881/912/1
f 4882/920/1 4883/918/1 4884/916/1
f 4885/925/1 4886/923/1 4887/882/1
f 4888/883/1 4889/924/1 4890/926/1
f 4891/892/1 4892/888/1 4893/883/1
f 4894/900/1 4895/896/1 4896/892/1
f 4897/908/1 4898/904/1 4899/900/1
f 4900/916/1 4901/912/1 4902/908/1
f 4903/882/1 4904/920/1 4905/916/1
f 4906/927/1 4907/925/1 4908/882/1
f 4909/883/1 4910/926/1 4911/928/1
f 4912/900/1 4913/892/1 4914/883/1
f 4915/916/1 4916/908/1 4917/900/1
f 4918/929/1 4919/927/1 4920/882/1
f 4921/900/1 4922/883/1 4923/928/1
f 4924/882/1 4925/916/1 4926/900/1
f 4927/930/1 4928/929/1 4929/882/1
f 4930/900/1 4931/928/1 4932/931/1
f 4933/932/1 4934/930/1 4935/882/1
f 4936/900/1 4937/931/1 4938/933/1
f 4939/934/1 4940/932/1 4941/882/1
f 4942/900/1 4943/933/1 4944/935/1
f 4945/936/1 4946/934/1 4947/882/1
f 4948/900/1 4949/935/1 4950/937/1
f 4951/938/1 4952/936/1 4953/882/1
f 4954/900/1 4955/937/1 4956/939/1
f 4957/940/1 4958/938/1 4959/882/1
f 4960/900/1 4961/939/1 4962/941/1
f 4963/942/1 4964/940/1 4965/882/1
f 4966/900/1 4967/941/1 4968/943/1
f 4969/944/1 4970/942/1 4971/882/1
f 4972/900/1 4973/943/1 4974/945/1
f 4975/946/1 4976/944/1 4977/882/1
f 4978/900/1 4979/945/1 4980/947/1
f 4981/948/1 4982/946/1 4983/882/1
f 4984/900/1 4985/947/1 4986/949/1
f 4987/950/1 4988/948/1 4989/882/1
f 4990/900/1 4991/949/1 4992/951/1
f 4993/952/1 4994/950/1 4995/882/1
f 4996/900/1 4997/951/1 4998/953/1
f 4999/954/1 5000/952/1 5001/882/1
f 5002/900/1 5003/953/1 5004/955/1
f 5005/956/1 5006/954/1 5007/882/1
f 5008/900/1 5009/955/1 5010/957/1
f 5011/958/1 5012/956/1 5013/882/1
f 5014/900/1 5015/957/1 5016/959/1
f 5017/960/1 5018/958/1 5019/882/1
f 5020/900/1 5021/959/1 5022/961/1
f 5023/962/1 5024/960/1 5025/882/1
f 5026/900/1 5027/961/1 5028/963/1
f 5029/964/1 5030/962/1 5031/882/1
f 5032/900/1 5033/963/1 5034/965/1
f 5035/966/1 5036/964/1 5037/882/1
f 5038/900/1 5039/965/1 5040/967/1
f 5041/968/1 5042/966/1 5043/882/1
f 5044/900/1 5045/967/1 5046/969/1
f 5047/968/1 5048/882/1 5049/900/1
f 5050/900/1 5051/969/1 5052/970/1
f 5053/971/1 5054/968/1 5055/900/1
f 5056/900/1 5057/970/1 5058/971/1
f 5059/882/2 5060/881/2 5061/880/2
f 5062/885/2 5063/884/2 5064/883/2
f 5065/883/2 5066/887/2 5067/886/2
f 5068/886/2 5069/889/2 5070/888/2
f 5071/888/2 5072/891/2 5073/890/2
f 5074/890/2 5075/893/2 5076/892/2
f 5077/892/2 5078/895/2 5079/894/2
f 5080/894/2 5081/897/2 5082/896/2
f 5083/896/2 5084/899/2 5085/898/2
f 5086/898/2 5087/901/2 5088/900/2
f 5089/900/2 5090/903/2 5091/902/2
f 5092/902/2 5093/905/2 5094/904/2
f 5095/904/2 5096/907/2 5097/906/2
f 5098/906/2 5099/909/2 5100/908/2
f 5101/908/2 5102/911/2 5103/910/2
f 5104/910/2 5105/913/2 5106/912/2
f 5107/912/2 5108/915/2 5109/914/2
f 5110/914/2 5111/917/2 5112/916/2
f 5113/916/2 5114/919/2 5115/918/2
f 5116/918/2 5117/921/2 5118/920/2
f 5119/920/2 5120/922/2 5121/882/2
f 5122/882/2 5123/880/2 5124/923/2
f 5125/924/2 5126/885/2 5127/883/2
f 5128/883/2 5129/886/2 5130/888/2
f 5131/888/2 5132/890/2 5133/892/2
f 5134/892/2 5135/894/2 5136/896/2
f 5137/896/2 5138/898/2 5139/900/2
f 5140/900/2 5141/902/2 5142/904/2
f 5143/904/2 5144/906/2 5145/908/2
f 5146/908/2 5147/910/2 5148/912/2
f 5149/912/2 5150/914/2 5151/916/2
f 5152/916/2 5153/918/2 5154/920/2
f 5155/882/2 5156/923/2 5157/925/2
f 5158/926/2 5159/924/2 5160/883/2
f 5161/883/2 5162/888/2 5163/892/2
f 5164/892/2 5165/896/2 5166/900/2
f 5167/900/2 5168/904/2 5169/908/2
f 5170/908/2 5171/912/2 5172/916/2
f 5173/916/2 5174/920/2 5175/882/2
f 5176/882/2 5177/925/2 5178/927/2
f 5179/928/14 5180/926/14 5181/883/14
f 5182/883/2 5183/892/2 5184/900/2
f 5185/900/2 5186/908/2 5187/916/2
f 5188/882/2 5189/927/2 5190/929/2
f 5191/928/2 5192/883/2 5193/900/2
f 5194/900/2 5195/916/2 5196/882/2
f 5197/882/2 5198/929/2 5199/930/2
f 5200/931/2 5201/928/2 5202/900/2
f 5203/882/2 5204/930/2 5205/932/2
f 5206/933/2 5207/931/2 5208/900/2
f 5209/882/2 5210/932/2 5211/934/2
f 5212/935/2 5213/933/2 5214/900/2
f 5215/882/2 5216/934/2 5217/936/2
f 5218/937/2 5219/935/2 5220/900/2
f 5221/882/2 5222/936/2 5223/938/2
f 5224/939/2 5225/937/2 5226/900/2
f 5227/882/2 5228/938/2 5229/940/2
f 5230/941/2 5231/939/2 5232/900/2
f 5233/882/2 5234/940/2 5235/942/2
f 5236/943/2 5237/941/2 5238/900/2
f 5239/882/2 5240/942/2 5241/944/2
f 5242/945/2 5243/943/2 5244/900/2
f 5245/882/2 5246/944/2 5247/946/2
f 5248/947/2 5249/945/2 5250/900/2
f 5251/882/2 5252/946/2 5253/948/2
f 5254/949/2 5255/947/2 5256/900/2
f 5257/882/2 5258/948/2 5259/950/2
f 5260/951/2 5261/949/2 5262/900/2
f 5263/882/2 5264/950/2 5265/952/2
f 5266/953/2 5267/951/2 5268/900/2
f 5269/882/2 5270/952/2 5271/954/2
f 5272/955/2 5273/953/2 5274/900/2
f 5275/882/2 5276/954/2 5277/956/2
f 5278/957/2 5279/955/2 5280/900/2
f 5281/882/2 5282/956/2 5283/958/2
f 5284/959/2 5285/957/2 5286/900/2
f 5287/882/2 5288/958/2 5289/960/2
f 5290/961/2 5291/959/2 5292/900/2
f 5293/882/2 5294/960/2 5295/962/2
f 5296/963/2 5297/961/2 5298/900/2
f 5299/882/2 5300/962/2 5301/964/2
f 5302/965/2 5303/963/2 5304/900/2
f 5305/882/2 5306/964/2 5307/966/2
f 5308/967/2 5309/965/2 5310/900/2
f 5311/882/2 5312/966/2 5313/968/2
f 5314/969/2 5315/967/2 5316/900/2
f 5317/900/2 5318/882/2 5319/968/2
f 5320/970/2 5321/969/2 5322/900/2
f 5323/900/2 5324/968/2 5325/971/2
f 5326/971/2 5327/970/2 5328/900/2
f 5329/14/12 5330/174/12 5331/16/12
f 5332/174/12 5333/175/12 5334/16/12
f 5335/174/491 5336/176/491 5337/175/491
f 5338/176/15 5339/177/15 5340/175/15
f 5341/176/492 5342/178/492 5343/177/492
f 5344/178/18 5345/179/18 5346/177/18
f 5347/178/19 5348/180/19 5349/179/19
f 5350/180/19 5351/181/19 5352/179/19
f 5353/180/20 5354/182/20 5355/181/20
f 5356/182/21 5357/183/21 5358/181/21
f 5359/182/493 5360/184/493 5361/183/493
f 5362/184/22 5363/185/22 5364/183/22
f 5365/184/24 5366/186/24 5367/185/24
f 5368/186/494 5369/187/494 5370/185/494
f 5371/186/495 5372/188/495 5373/187/495
f 5374/188/496 5375/189/496 5376/187/496
f 5377/188/27 5378/190/27 5379/189/27
f 5380/190/27 5381/191/27 5382/189/27
f 5383/190/28 5384/192/28 5385/191/28
f 5386/192/28 5387/193/28 5388/191/28
f 5389/192/30 5390/194/30 5391/193/30
f 5392/194/29 5393/195/29 5394/193/29
f 5395/194/31 5396/196/31 5397/195/31
f 5398/196/32 5399/197/32 5400/195/32
f 5401/196/33 5402/198/33 5403/197/33
f 5404/198/34 5405/199/34 5406/197/34
f 5407/972/35 5408/973/35 5409/974/35
f 5410/973/35 5411/975/35 5412/974/35
f 5413/973/37 5414/976/37 5415/975/37
f 5416/976/38 5417/977/38 5418/975/38
f 5419/976/40 5420/978/40 5421/977/40
f 5422/978/40 5423/979/40 5424/977/40
f 5425/978/41 5426/980/41 5427/979/41
f 5428/980/41 5429/981/41 5430/979/41
f 5431/980/42 5432/982/42 5433/981/42
f 5434/982/43 5435/983/43 5436/981/43
f 5437/982/497 5438/984/497 5439/983/497
f 5440/984/44 5441/985/44 5442/983/44
f 5443/984/498 5444/986/498 5445/985/498
f 5446/986/45 5447/987/45 5448/985/45
f 5449/986/46 5450/988/46 5451/987/46
f 5452/988/499 5453/989/499 5454/987/499
f 5455/988/47 5456/990/47 5457/989/47
f 5458/990/500 5459/991/500 5460/989/500
f 5461/990/48 5462/992/48 5463/991/48
f 5464/992/48 5465/993/48 5466/991/48
f 5467/992/49 5468/994/49 5469/993/49
f 5470/994/50 5471/995/50 5472/993/50
f 5473/994/51 5474/996/51 5475/995/51
f 5476/996/51 5477/997/51 5478/995/51
f 5479/996/5 5480/998/5 5481/997/5
f 5482/998/5 5483/999/5 5484/997/5
f 5485/998/52 5486/1000/52 5487/999/52
f 5488/1000/52 5489/1001/52 5490/999/52
f 5491/1000/53 5492/1002/53 5493/1001/53
f 5494/1002/53 5495/1003/53 5496/1001/53
f 5497/1002/54 5498/1004/54 5499/1003/54
f 5500/1004/54 5501/1005/54 5502/1003/54
f 5503/1004/55 5504/1006/55 5505/1005/55
f 5506/1006/55 5507/1007/55 5508/1005/55
f 5509/1006/501 5510/1008/501 5511/1007/501
f 5512/1008/57 5513/1009/57 5514/1007/57
f 5515/1008/59 5516/1010/59 5517/1009/59
f 5518/1010/59 5519/1011/59 5520/1009/59
f 5521/1010/61 5522/1012/61 5523/1011/61
f 5524/1012/502 5525/1013/502 5526/1011/502
f 5527/1012/63 5528/1014/63 5529/1013/63
f 5530/1014/63 5531/1015/63 5532/1013/63
f 5533/1014/64 5534/1016/64 5535/1015/64
f 5536/1016/503 5537/1017/503 5538/1015/503
f 5539/1016/504 5540/1018/504 5541/1017/504
f 5542/1018/66 5543/1019/66 5544/1017/66
f 5545/1018/69 5546/1020/69 5547/1019/69
f 5548/1020/68 5549/1021/68 5550/1019/68
f 5551/1020/71 5552/1022/71 5553/1021/71
f 5554/1022/71 5555/1023/71 5556/1021/71
f 5557/198/72 5558/196/72 5559/199/72
f 5560/196/483 5561/197/483 5562/199/483
f 5563/196/505 5564/194/505 5565/197/505
f 5566/194/505 5567/195/505 5568/197/505
f 5569/194/75 5570/192/75 5571/195/75
f 5572/192/75 5573/193/75 5574/195/75
f 5575/192/78 5576/190/78 5577/193/78
f 5578/190/506 5579/191/506 5580/193/506
f 5581/190/80 5582/188/80 5583/191/80
f 5584/188/80 5585/189/80 5586/191/80
f 5587/188/81 5588/186/81 5589/189/81
f 5590/186/81 5591/187/81 5592/189/81
f 5593/186/83 5594/184/83 5595/187/83
f 5596/184/83 5597/185/83 5598/187/83
f 5599/184/85 5600/182/85 5601/185/85
f 5602/182/85 5603/183/85 5604/185/85
f 5605/182/86 5606/180/86 5607/183/86
f 5608/180/488 5609/181/488 5610/183/488
f 5611/180/89 5612/178/89 5613/181/89
f 5614/178/89 5615/179/89 5616/181/89
f 5617/178/507 5618/176/507 5619/179/507
f 5620/176/507 5621/177/507 5622/179/507
f 5623/176/92 5624/174/92 5625/177/92
f 5626/174/489 5627/175/489 5628/177/489
f 5629/174/13 5630/14/13 5631/175/13
f 5632/14/13 5633/16/13 5634/175/13
f 5635/1024/5 5636/1025/5 5637/1026/5
f 5638/1025/5 5639/1027/5 5640/1026/5
f 5641/14/12 5642/174/12 5643/16/12
f 5644/174/12 5645/175/12 5646/16/12
f 5647/174/508 5648/256/508 5649/175/508
f 5650/256/509 5651/257/509 5652/175/509
f 5653/256/510 5654/258/510 5655/257/510
f 5656/258/510 5657/259/510 5658/257/510
f 5659/258/98 5660/260/98 5661/259/98
f 5662/260/98 5663/261/98 5664/259/98
f 5665/260/100 5666/262/100 5667/261/100
f 5668/262/511 5669/263/511 5670/261/511
f 5671/262/101 5672/264/101 5673/263/101
f 5674/264/512 5675/265/512 5676/263/512
f 5677/264/103 5678/266/103 5679/265/103
f 5680/266/513 5681/267/513 5682/265/513
f 5683/266/105 5684/268/105 5685/267/105
f 5686/268/105 5687/269/105 5688/267/105
f 5689/268/514 5690/270/514 5691/269/514
f 5692/270/106 5693/271/106 5694/269/106
f 5695/270/515 5696/272/515 5697/271/515
f 5698/272/516 5699/273/516 5700/271/516
f 5701/272/517 5702/274/517 5703/273/517
f 5704/274/518 5705/275/518 5706/273/518
f 5707/274/519 5708/276/519 5709/275/519
f 5710/276/519 5711/277/519 5712/275/519
f 5713/276/520 5714/278/520 5715/277/520
f 5716/278/520 5717/279/520 5718/277/520
f 5719/278/115 5720/280/115 5721/279/115
f 5722/280/521 5723/281/521 5724/279/521
f 5725/280/117 5726/282/117 5727/281/117
f 5728/282/117 5729/283/117 5730/281/117
f 5731/282/119 5732/284/119 5733/283/119
f 5734/284/119 5735/285/119 5736/283/119
f 5737/284/121 5738/286/121 5739/285/121
f 5740/286/121 5741/287/121 5742/285/121
f 5743/286/122 5744/288/122 5745/287/122
f 5746/288/122 5747/289/122 5748/287/122
f 5749/288/124 5750/290/124 5751/289/124
f 5752/290/522 5753/291/522 5754/289/522
f 5755/1028/125 5756/1029/125 5757/1030/125
f 5758/1029/125 5759/1031/125 5760/1030/125
f 5761/1029/126 5762/1032/126 5763/1031/126
f 5764/1032/126 5765/1033/126 5766/1031/126
f 5767/1032/127 5768/1034/127 5769/1033/127
f 5770/1034/127 5771/1035/127 5772/1033/127
f 5773/1034/129 5774/1036/129 5775/1035/129
f 5776/1036/129 5777/1037/129 5778/1035/129
f 5779/1036/523 5780/1038/523 5781/1037/523
f 5782/1038/130 5783/1039/130 5784/1037/130
f 5785/1038/131 5786/1040/131 5787/1039/131
f 5788/1040/131 5789/1041/131 5790/1039/131
f 5791/1040/132 5792/1042/132 5793/1041/132
f 5794/1042/132 5795/1043/132 5796/1041/132
f 5797/1042/133 5798/1044/133 5799/1043/133
f 5800/1044/133 5801/1045/133 5802/1043/133
f 5803/1044/135 5804/1046/135 5805/1045/135
f 5806/1046/524 5807/1047/524 5808/1045/524
f 5809/1046/137 5810/1048/137 5811/1047/137
f 5812/1048/137 5813/1049/137 5814/1047/137
f 5815/1048/138 5816/1050/138 5817/1049/138
f 5818/1050/138 5819/1051/138 5820/1049/138
f 5821/1050/139 5822/1052/139 5823/1051/139
f 5824/1052/139 5825/1053/139 5826/1051/139
f 5827/1052/141 5828/1054/141 5829/1053/141
f 5830/1054/142 5831/1055/142 5832/1053/142
f 5833/1054/143 5834/1056/143 5835/1055/143
f 5836/1056/143 5837/1057/143 5838/1055/143
f 5839/1056/144 5840/1058/144 5841/1057/144
f 5842/1058/144 5843/1059/144 5844/1057/144
f 5845/1058/145 5846/1060/145 5847/1059/145
f 5848/1060/145 5849/1061/145 5850/1059/145
f 5851/1060/146 5852/1062/146 5853/1061/146
f 5854/1062/146 5855/1063/146 5856/1061/146
f 5857/1062/147 5858/998/147 5859/1063/147
f 5860/998/147 5861/999/147 5862/1063/147
f 5863/998/7 5864/1064/7 5865/999/7
f 5866/1064/7 5867/1065/7 5868/999/7
f 5869/330/13 5870/14/13 5871/331/13
f 5872/14/13 5873/16/13 5874/331/13
f 5875/1064/5 5876/1066/5 5877/1065/5
f 5878/1066/5 5879/1067/5 5880/1065/5
f 5881/1068/1 5882/1069/1 5883/1070/1
f 5884/1071/1 5885/1072/1 5886/1073/1
f 5887/1074/1 5888/1075/1 5889/1071/1
f 5890/1076/1 5891/1077/1 5892/1074/1
f 5893/1078/1 5894/1079/1 5895/1076/1
f 5896/1080/1 5897/1081/1 5898/1078/1
f 5899/1082/1 5900/1083/1 5901/1080/1
f 5902/1084/1 5903/1085/1 5904/1082/1
f 5905/1086/1 5906/1087/1 5907/1084/1
f 5908/1088/1 5909/1089/1 5910/1086/1
f 5911/1090/1 5912/1091/1 5913/1088/1
f 5914/1092/1 5915/1093/1 5916/1090/1
f 5917/1094/1 5918/1095/1 5919/1092/1
f 5920/1096/1 5921/1097/1 5922/1094/1
f 5923/1098/1 5924/1099/1 5925/1096/1
f 5926/1100/1 5927/1101/1 5928/1098/1
f 5929/1102/1 5930/1103/1 5931/1100/1
f 5932/1104/1 5933/1105/1 5934/1102/1
f 5935/1106/1 5936/1107/1 5937/1104/1
f 5938/1108/1 5939/1109/1 5940/1106/1
f 5941/1110/1 5942/1111/1 5943/1108/1
f 5944/1112/1 5945/1113/1 5946/1110/1
f 5947/1114/1 5948/1115/1 5949/1112/1
f 5950/1116/1 5951/1117/1 5952/1114/1
f 5953/1118/1 5954/1119/1 5955/1116/1
f 5956/1120/1 5957/1121/1 5958/1118/1
f 5959/1122/1 5960/1123/1 5961/1120/1
f 5962/1124/1 5963/1125/1 5964/1122/1
f 5965/1126/1 5966/1127/1 5967/1124/1
f 5968/1128/1 5969/1129/1 5970/1126/1
f 5971/1130/1 5972/1131/1 5973/1128/1
f 5974/1132/1 5975/1133/1 5976/1130/1
f 5977/1134/1 5978/1135/1 5979/1132/1
f 5980/1136/1 5981/1137/1 5982/1134/1
f 5983/1138/1 5984/1139/1 5985/1136/1
f 5986/1140/1 5987/1141/1 5988/1138/1
f 5989/1142/1 5990/1143/1 5991/1140/1
f 5992/1144/1 5993/1145/1 5994/1142/1
f 5995/1146/1 5996/1147/1 5997/1144/1
f 5998/1148/1 5999/1147/1 6000/1146/1
f 6001/1149/1 6002/1150/1 6003/1148/1
f 6004/1151/1 6005/1152/1 6006/1149/1
f 6007/1153/1 6008/1154/1 6009/1151/1
f 6010/1155/1 6011/1156/1 6012/1153/1
f 6013/1157/1 6014/1158/1 6015/1155/1
f 6016/1159/1 6017/1160/1 6018/1157/1
f 6019/1161/1 6020/1162/1 6021/1159/1
f 6022/1163/1 6023/1164/1 6024/1161/1
f 6025/1165/1 6026/1166/1 6027/1163/1
f 6028/1167/1 6029/1168/1 6030/1165/1
f 6031/1169/1 6032/1170/1 6033/1167/1
f 6034/1171/1 6035/1172/1 6036/1169/1
f 6037/1173/1 6038/1174/1 6039/1171/1
f 6040/1175/1 6041/1176/1 6042/1173/1
f 6043/1177/1 6044/1178/1 6045/1175/1
f 6046/1179/1 6047/1180/1 6048/1177/1
f 6049/1181/1 6050/1182/1 6051/1179/1
f 6052/1068/1 6053/1070/1 6054/1181/1
f 6055/1074/1 6056/1071/1 6057/1073/1
f 6058/1078/1 6059/1076/1 6060/1074/1
f 6061/1082/1 6062/1080/1 6063/1078/1
f 6064/1086/1 6065/1084/1 6066/1082/1
f 6067/1090/1 6068/1088/1 6069/1086/1
f 6070/1094/1 6071/1092/1 6072/1090/1
f 6073/1098/1 6074/1096/1 6075/1094/1
f 6076/1102/1 6077/1100/1 6078/1098/1
f 6079/1106/1 6080/1104/1 6081/1102/1
f 6082/1110/1 6083/1108/1 6084/1106/1
f 6085/1114/1 6086/1112/1 6087/1110/1
f 6088/1118/1 6089/1116/1 6090/1114/1
f 6091/1122/1 6092/1120/1 6093/1118/1
f 6094/1126/1 6095/1124/1 6096/1122/1
f 6097/1130/1 6098/1128/1 6099/1126/1
f 6100/1134/1 6101/1132/1 6102/1130/1
f 6103/1138/1 6104/1136/1 6105/1134/1
f 6106/1142/1 6107/1140/1 6108/1138/1
f 6109/1146/1 6110/1144/1 6111/1142/1
f 6112/1149/1 6113/1148/1 6114/1146/1
f 6115/1153/1 6116/1151/1 6117/1149/1
f 6118/1157/1 6119/1155/1 6120/1153/1
f 6121/1161/1 6122/1159/1 6123/1157/1
f 6124/1165/1 6125/1163/1 6126/1161/1
f 6127/1169/1 6128/1167/1 6129/1165/1
f 6130/1173/1 6131/1171/1 6132/1169/1
f 6133/1177/1 6134/1175/1 6135/1173/1
f 6136/1181/1 6137/1179/1 6138/1177/1
f 6139/1183/1 6140/1068/1 6141/1181/1
f 6142/1078/1 6143/1074/1 6144/1073/1
f 6145/1086/1 6146/1082/1 6147/1078/1
f 6148/1094/1 6149/1090/1 6150/1086/1
f 6151/1102/1 6152/1098/1 6153/1094/1
f 6154/1110/1 6155/1106/1 6156/1102/1
f 6157/1118/1 6158/1114/1 6159/1110/1
f 6160/1126/1 6161/1122/1 6162/1118/1
f 6163/1134/1 6164/1130/1 6165/1126/1
f 6166/1142/1 6167/1138/1 6168/1134/1
f 6169/1184/1 6170/1146/1 6171/1142/1
f 6172/1153/1 6173/1149/1 6174/1146/1
f 6175/1161/1 6176/1157/1 6177/1153/1
f 6178/1169/1 6179/1165/1 6180/1161/1
f 6181/1177/1 6182/1173/1 6183/1169/1
f 6184/1183/1 6185/1181/1 6186/1177/1
f 6187/1086/1 6188/1078/1 6189/1073/1
f 6190/1102/1 6191/1094/1 6192/1086/1
f 6193/1118/1 6194/1110/1 6195/1102/1
f 6196/1134/1 6197/1126/1 6198/1118/1
f 6199/1184/1 6200/1142/1 6201/1134/1
f 6202/1161/1 6203/1153/1 6204/1146/1
f 6205/1177/1 6206/1169/1 6207/1161/1
f 6208/1185/1 6209/1183/1 6210/1177/1
f 6211/1102/1 6212/1086/1 6213/1073/1
f 6214/1134/1 6215/1118/1 6216/1102/1
f 6217/1186/1 6218/1184/1 6219/1134/1
f 6220/1185/1 6221/1177/1 6222/1161/1
f 6223/1187/1 6224/1186/1 6225/1134/1
f 6226/1188/1 6227/1185/1 6228/1161/1
f 6229/1189/1 6230/1187/1 6231/1134/1
f 6232/1190/1 6233/1188/1 6234/1161/1
f 6235/1191/1 6236/1189/1 6237/1134/1
f 6238/1192/1 6239/1190/1 6240/1161/1
f 6241/1193/1 6242/1191/1 6243/1134/1
f 6244/1194/1 6245/1192/1 6246/1161/1
f 6247/1195/1 6248/1193/1 6249/1134/1
f 6250/1196/1 6251/1194/1 6252/1161/1
f 6253/1197/1 6254/1195/1 6255/1134/1
f 6256/1198/1 6257/1196/1 6258/1161/1
f 6259/1199/1 6260/1197/1 6261/1134/1
f 6262/1200/1 6263/1198/1 6264/1161/1
f 6265/1201/1 6266/1199/1 6267/1134/1
f 6268/1202/1 6269/1200/1 6270/1161/1
f 6271/1203/1 6272/1201/1 6273/1134/1
f 6274/1204/1 6275/1202/1 6276/1161/1
f 6277/1205/1 6278/1203/1 6279/1134/1
f 6280/1206/1 6281/1204/1 6282/1161/1
f 6283/1207/1 6284/1205/1 6285/1134/1
f 6286/1208/1 6287/1206/1 6288/1161/1
f 6289/1209/1 6290/1207/1 6291/1134/1
f 6292/1210/1 6293/1208/1 6294/1161/1
f 6295/1211/1 6296/1209/1 6297/1134/1
f 6298/1212/1 6299/1210/1 6300/1161/1
f 6301/1213/1 6302/1211/1 6303/1134/1
f 6304/1214/1 6305/1212/1 6306/1161/1
f 6307/1215/1 6308/1213/1 6309/1134/1
f 6310/1216/1 6311/1214/1 6312/1161/1
f 6313/1217/1 6314/1215/1 6315/1134/1
f 6316/1218/1 6317/1216/1 6318/1161/1
f 6319/1219/1 6320/1217/1 6321/1134/1
f 6322/1220/1 6323/1218/1 6324/1161/1
f 6325/1221/1 6326/1219/1 6327/1134/1
f 6328/1222/1 6329/1220/1 6330/1161/1
f 6331/1223/1 6332/1221/1 6333/1134/1
f 6334/1224/1 6335/1222/1 6336/1161/1
f 6337/1225/1 6338/1223/1 6339/1134/1
f 6340/1226/1 6341/1224/1 6342/1161/1
f 6343/1225/1 6344/1134/1 6345/1102/1
f 6346/1227/1 6347/1226/1 6348/1161/1
f 6349/1228/1 6350/1225/1 6351/1102/1
f 6352/1229/1 6353/1227/1 6354/1161/1
f 6355/1230/1 6356/1228/1 6357/1102/1
f 6358/1231/1 6359/1229/1 6360/1161/1
f 6361/1232/1 6362/1230/1 6363/1102/1
f 6364/1233/1 6365/1231/1 6366/1161/1
f 6367/1234/1 6368/1232/1 6369/1102/1
f 6370/1233/1 6371/1161/1 6372/1146/1
f 6373/1235/1 6374/1234/1 6375/1102/1
f 6376/1233/1 6377/1146/1 6378/1236/1
f 6379/1237/1 6380/1235/1 6381/1102/1
f 6382/1073/1 6383/1233/1 6384/1236/1
f 6385/1238/1 6386/1237/1 6387/1102/1
f 6388/1073/1 6389/1236/1 6390/1239/1
f 6391/1240/1 6392/1238/1 6393/1102/1
f 6394/1073/1 6395/1239/1 6396/1241/1
f 6397/1242/1 6398/1240/1 6399/1102/1
f 6400/1073/1 6401/1241/1 6402/1243/1
f 6403/1244/1 6404/1242/1 6405/1102/1
f 6406/1073/1 6407/1243/1 6408/1245/1
f 6409/1246/1 6410/1244/1 6411/1102/1
f 6412/1073/1 6413/1245/1 6414/1247/1
f 6415/1248/1 6416/1246/1 6417/1102/1
f 6418/1073/1 6419/1247/1 6420/1249/1
f 6421/1250/1 6422/1248/1 6423/1102/1
f 6424/1073/1 6425/1249/1 6426/1251/1
f 6427/1252/1 6428/1250/1 6429/1102/1
f 6430/1102/1 6431/1073/1 6432/1251/1
f 6433/1253/1 6434/1252/1 6435/1102/1
f 6436/1102/1 6437/1251/1 6438/1254/1
f 6439/1255/1 6440/1253/1 6441/1102/1
f 6442/1102/1 6443/1254/1 6444/1256/1
f 6445/1257/1 6446/1255/1 6447/1102/1
f 6448/1102/1 6449/1256/1 6450/1258/1
f 6451/1259/1 6452/1257/1 6453/1102/1
f 6454/1102/1 6455/1258/1 6456/1259/1
f 6457/1070/2 6458/1069/2 6459/1068/2
f 6460/1073/150 6461/1072/150 6462/1071/150
f 6463/1071/2 6464/1075/2 6465/1074/2
f 6466/1074/2 6467/1077/2 6468/1076/2
f 6469/1076/2 6470/1079/2 6471/1078/2
f 6472/1078/2 6473/1081/2 6474/1080/2
f 6475/1080/2 6476/1083/2 6477/1082/2
f 6478/1082/2 6479/1085/2 6480/1084/2
f 6481/1084/2 6482/1087/2 6483/1086/2
f 6484/1086/2 6485/1089/2 6486/1088/2
f 6487/1088/2 6488/1091/2 6489/1090/2
f 6490/1090/2 6491/1093/2 6492/1092/2
f 6493/1092/2 6494/1095/2 6495/1094/2
f 6496/1094/2 6497/1097/2 6498/1096/2
f 6499/1096/2 6500/1099/2 6501/1098/2
f 6502/1098/2 6503/1101/2 6504/1100/2
f 6505/1100/2 6506/1103/2 6507/1102/2
f 6508/1102/2 6509/1105/2 6510/1104/2
f 6511/1104/2 6512/1107/2 6513/1106/2
f 6514/1106/2 6515/1109/2 6516/1108/2
f 6517/1108/2 6518/1111/2 6519/1110/2
f 6520/1110/2 6521/1113/2 6522/1112/2
f 6523/1112/2 6524/1115/2 6525/1114/2
f 6526/1114/2 6527/1117/2 6528/1116/2
f 6529/1116/2 6530/1119/2 6531/1118/2
f 6532/1118/2 6533/1121/2 6534/1120/2
f 6535/1120/2 6536/1123/2 6537/1122/2
f 6538/1122/2 6539/1125/2 6540/1124/2
f 6541/1124/2 6542/1127/2 6543/1126/2
f 6544/1126/2 6545/1129/2 6546/1128/2
f 6547/1128/2 6548/1131/2 6549/1130/2
f 6550/1130/2 6551/1133/2 6552/1132/2
f 6553/1132/2 6554/1135/2 6555/1134/2
f 6556/1134/2 6557/1137/2 6558/1136/2
f 6559/1136/2 6560/1139/2 6561/1138/2
f 6562/1138/2 6563/1141/2 6564/1140/2
f 6565/1140/2 6566/1143/2 6567/1142/2
f 6568/1142/2 6569/1145/2 6570/1144/2
f 6571/1144/2 6572/1147/2 6573/1146/2
f 6574/1146/2 6575/1147/2 6576/1148/2
f 6577/1148/2 6578/1150/2 6579/1149/2
f 6580/1149/2 6581/1152/2 6582/1151/2
f 6583/1151/149 6584/1154/149 6585/1153/149
f 6586/1153/2 6587/1156/2 6588/1155/2
f 6589/1155/148 6590/1158/148 6591/1157/148
f 6592/1157/2 6593/1160/2 6594/1159/2
f 6595/1159/2 6596/1162/2 6597/1161/2
f 6598/1161/2 6599/1164/2 6600/1163/2
f 6601/1163/2 6602/1166/2 6603/1165/2
f 6604/1165/2 6605/1168/2 6606/1167/2
f 6607/1167/2 6608/1170/2 6609/1169/2
f 6610/1169/14 6611/1172/14 6612/1171/14
f 6613/1171/150 6614/1174/150 6615/1173/150
f 6616/1173/2 6617/1176/2 6618/1175/2
f 6619/1175/14 6620/1178/14 6621/1177/14
f 6622/1177/150 6623/1180/150 6624/1179/150
f 6625/1179/2 6626/1182/2 6627/1181/2
f 6628/1181/2 6629/1070/2 6630/1068/2
f 6631/1073/2 6632/1071/2 6633/1074/2
f 6634/1074/2 6635/1076/2 6636/1078/2
f 6637/1078/2 6638/1080/2 6639/1082/2
f 6640/1082/2 6641/1084/2 6642/1086/2
f 6643/1086/2 6644/1088/2 6645/1090/2
f 6646/1090/2 6647/1092/2 6648/1094/2
f 6649/1094/2 6650/1096/2 6651/1098/2
f 6652/1098/2 6653/1100/2 6654/1102/2
f 6655/1102/2 6656/1104/2 6657/1106/2
f 6658/1106/2 6659/1108/2 6660/1110/2
f 6661/1110/2 6662/1112/2 6663/1114/2
f 6664/1114/2 6665/1116/2 6666/1118/2
f 6667/1118/2 6668/1120/2 6669/1122/2
f 6670/1122/2 6671/1124/2 6672/1126/2
f 6673/1126/2 6674/1128/2 6675/1130/2
f 6676/1130/2 6677/1132/2 6678/1134/2
f 6679/1134/2 6680/1136/2 6681/1138/2
f 6682/1138/2 6683/1140/2 6684/1142/2
f 6685/1142/2 6686/1144/2 6687/1146/2
f 6688/1146/2 6689/1148/2 6690/1149/2
f 6691/1149/2 6692/1151/2 6693/1153/2
f 6694/1153/2 6695/1155/2 6696/1157/2
f 6697/1157/2 6698/1159/2 6699/1161/2
f 6700/1161/2 6701/1163/2 6702/1165/2
f 6703/1165/2 6704/1167/2 6705/1169/2
f 6706/1169/2 6707/1171/2 6708/1173/2
f 6709/1173/2 6710/1175/2 6711/1177/2
f 6712/1177/2 6713/1179/2 6714/1181/2
f 6715/1181/2 6716/1068/2 6717/1183/2
f 6718/1073/2 6719/1074/2 6720/1078/2
f 6721/1078/2 6722/1082/2 6723/1086/2
f 6724/1086/2 6725/1090/2 6726/1094/2
f 6727/1094/2 6728/1098/2 6729/1102/2
f 6730/1102/2 6731/1106/2 6732/1110/2
f 6733/1110/2 6734/1114/2 6735/1118/2
f 6736/1118/2 6737/1122/2 6738/1126/2
f 6739/1126/2 6740/1130/2 6741/1134/2
f 6742/1134/2 6743/1138/2 6744/1142/2
f 6745/1142/2 6746/1146/2 6747/1184/2
f 6748/1146/2 6749/1149/2 6750/1153/2
f 6751/1153/2 6752/1157/2 6753/1161/2
f 6754/1161/2 6755/1165/2 6756/1169/2
f 6757/1169/2 6758/1173/2 6759/1177/2
f 6760/1177/2 6761/1181/2 6762/1183/2
f 6763/1073/2 6764/1078/2 6765/1086/2
f 6766/1086/2 6767/1094/2 6768/1102/2
f 6769/1102/2 6770/1110/2 6771/1118/2
f 6772/1118/2 6773/1126/2 6774/1134/2
f 6775/1134/2 6776/1142/2 6777/1184/2
f 6778/1146/2 6779/1153/2 6780/1161/2
f 6781/1161/2 6782/1169/2 6783/1177/2
f 6784/1177/2 6785/1183/2 6786/1185/2
f 6787/1073/2 6788/1086/2 6789/1102/2
f 6790/1102/2 6791/1118/2 6792/1134/2
f 6793/1134/2 6794/1184/2 6795/1186/2
f 6796/1161/2 6797/1177/2 6798/1185/2
f 6799/1134/2 6800/1186/2 6801/1187/2
f 6802/1161/2 6803/1185/2 6804/1188/2
f 6805/1134/2 6806/1187/2 6807/1189/2
f 6808/1161/2 6809/1188/2 6810/1190/2
f 6811/1134/2 6812/1189/2 6813/1191/2
f 6814/1161/2 6815/1190/2 6816/1192/2
f 6817/1134/2 6818/1191/2 6819/1193/2
f 6820/1161/2 6821/1192/2 6822/1194/2
f 6823/1134/2 6824/1193/2 6825/1195/2
f 6826/1161/2 6827/1194/2 6828/1196/2
f 6829/1134/2 6830/1195/2 6831/1197/2
f 6832/1161/2 6833/1196/2 6834/1198/2
f 6835/1134/2 6836/1197/2 6837/1199/2
f 6838/1161/2 6839/1198/2 6840/1200/2
f 6841/1134/2 6842/1199/2 6843/1201/2
f 6844/1161/2 6845/1200/2 6846/1202/2
f 6847/1134/2 6848/1201/2 6849/1203/2
f 6850/1161/2 6851/1202/2 6852/1204/2
f 6853/1134/2 6854/1203/2 6855/1205/2
f 6856/1161/2 6857/1204/2 6858/1206/2
f 6859/1134/2 6860/1205/2 6861/1207/2
f 6862/1161/2 6863/1206/2 6864/1208/2
f 6865/1134/2 6866/1207/2 6867/1209/2
f 6868/1161/2 6869/1208/2 6870/1210/2
f 6871/1134/2 6872/1209/2 6873/1211/2
f 6874/1161/2 6875/1210/2 6876/1212/2
f 6877/1134/2 6878/1211/2 6879/1213/2
f 6880/1161/2 6881/1212/2 6882/1214/2
f 6883/1134/2 6884/1213/2 6885/1215/2
f 6886/1161/2 6887/1214/2 6888/1216/2
f 6889/1134/2 6890/1215/2 6891/1217/2
f 6892/1161/2 6893/1216/2 6894/1218/2
f 6895/1134/2 6896/1217/2 6897/1219/2
f 6898/1161/2 6899/1218/2 6900/1220/2
f 6901/1134/2 6902/1219/2 6903/1221/2
f 6904/1161/2 6905/1220/2 6906/1222/2
f 6907/1134/2 6908/1221/2 6909/1223/2
f 6910/1161/2 6911/1222/2 6912/1224/2
f 6913/1134/2 6914/1223/2 6915/1225/2
f 6916/1161/2 6917/1224/2 6918/1226/2
f 6919/1102/2 6920/1134/2 6921/1225/2
f 6922/1161/2 6923/1226/2 6924/1227/2
f 6925/1102/2 6926/1225/2 6927/1228/2
f 6928/1161/2 6929/1227/2 6930/1229/2
f 6931/1102/2 6932/1228/2 6933/1230/2
f 6934/1161/2 6935/1229/2 6936/1231/2
f 6937/1102/2 6938/1230/2 6939/1232/2
f 6940/1161/2 6941/1231/2 6942/1233/2
f 6943/1102/2 6944/1232/2 6945/1234/2
f 6946/1146/2 6947/1161/2 6948/1233/2
f 6949/1102/2 6950/1234/2 6951/1235/2
f 6952/1236/2 6953/1146/2 6954/1233/2
f 6955/1102/2 6956/1235/2 6957/1237/2
f 6958/1236/2 6959/1233/2 6960/1073/2
f 6961/1102/2 6962/1237/2 6963/1238/2
f 6964/1239/2 6965/1236/2 6966/1073/2
f 6967/1102/2 6968/1238/2 6969/1240/2
f 6970/1241/2 6971/1239/2 6972/1073/2
f 6973/1102/2 6974/1240/2 6975/1242/2
f 6976/1243/2 6977/1241/2 6978/1073/2
f 6979/1102/2 6980/1242/2 6981/1244/2
f 6982/1245/2 6983/1243/2 6984/1073/2
f 6985/1102/2 6986/1244/2 6987/1246/2
f 6988/1247/150 6989/1245/150 6990/1073/150
f 6991/1102/2 6992/1246/2 6993/1248/2
f 6994/1249/2 6995/1247/2 6996/1073/2
f 6997/1102/2 6998/1248/2 6999/1250/2
f 7000/1251/2 7001/1249/2 7002/1073/2
f 7003/1102/2 7004/1250/2 7005/1252/2
f 7006/1251/2 7007/1073/2 7008/1102/2
f 7009/1102/2 7010/1252/2 7011/1253/2
f 7012/1254/2 7013/1251/2 7014/1102/2
f 7015/1102/2 7016/1253/2 7017/1255/2
f 7018/1256/2 7019/1254/2 7020/1102/2
f 7021/1102/2 7022/1255/2 7023/1257/2
f 7024/1258/2 7025/1256/2 7026/1102/2
f 7027/1102/2 7028/1257/2 7029/1259/2
f 7030/1259/2 7031/1258/2 7032/1102/2
f 7033/14/12 7034/1260/12 7035/16/12
f 7036/1260/12 7037/1261/12 7038/16/12
f 7039/1262/7 7040/1263/7 7041/1264/7
f 7042/1263/7 7043/1265/7 7044/1264/7
f 7045/1263/490 7046/1266/490 7047/1265/490
f 7048/1266/490 7049/1267/490 7050/1265/490
f 7051/1266/400 7052/1268/400 7053/1267/400
f 7054/1268/400 7055/1269/400 7056/1267/400
f 7057/1268/401 7058/1270/401 7059/1269/401
f 7060/1270/401 7061/1271/401 7062/1269/401
f 7063/1270/402 7064/1272/402 7065/1271/402
f 7066/1272/403 7067/1273/403 7068/1271/403
f 7069/1272/405 7070/1274/405 7071/1273/405
f 7072/1274/525 7073/1275/525 7074/1273/525
f 7075/1274/407 7076/1276/407 7077/1275/407
f 7078/1276/526 7079/1277/526 7080/1275/526
f 7081/1276/527 7082/1278/527 7083/1277/527
f 7084/1278/408 7085/1279/408 7086/1277/408
f 7087/1278/410 7088/1280/410 7089/1279/410
f 7090/1280/410 7091/1281/410 7092/1279/410
f 7093/1280/412 7094/1282/412 7095/1281/412
f 7096/1282/412 7097/1283/412 7098/1281/412
f 7099/1282/415 7100/1284/415 7101/1283/415
f 7102/1284/414 7103/1285/414 7104/1283/414
f 7105/1284/528 7106/1286/528 7107/1285/528
f 7108/1286/528 7109/1287/528 7110/1285/528
f 7111/1286/419 7112/1288/419 7113/1287/419
f 7114/1288/419 7115/1289/419 7116/1287/419
f 7117/840/529 7118/841/530 7119/842/529
f 7120/841/420 7121/843/420 7122/842/420
f 7123/841/531 7124/844/531 7125/843/531
f 7126/844/532 7127/845/532 7128/843/532
f 7129/844/423 7130/846/423 7131/845/423
f 7132/846/423 7133/847/423 7134/845/423
f 7135/846/424 7136/848/424 7137/847/424
f 7138/848/424 7139/849/424 7140/847/424
f 7141/848/533 7142/850/533 7143/849/533
f 7144/850/534 7145/851/534 7146/849/534
f 7147/850/535 7148/852/535 7149/851/535
f 7150/852/535 7151/853/535 7152/851/535
f 7153/852/429 7154/854/429 7155/853/429
f 7156/854/536 7157/855/536 7158/853/536
f 7159/854/537 7160/856/537 7161/855/537
f 7162/856/538 7163/857/538 7164/855/538
f 7165/856/539 7166/858/539 7167/857/539
f 7168/858/540 7169/859/540 7170/857/540
f 7171/858/541 7172/860/541 7173/859/541
f 7174/860/541 7175/861/541 7176/859/541
f 7177/860/542 7178/862/542 7179/861/542
f 7180/862/542 7181/863/542 7182/861/542
f 7183/862/438 7184/34/438 7185/863/438
f 7186/34/439 7187/36/439 7188/863/439
f 7189/34/12 7190/1290/12 7191/36/12
f 7192/1290/12 7193/1291/12 7194/36/12
f 7195/1292/5 7196/1262/5 7197/1293/5
f 7198/1262/5 7199/1264/5 7200/1293/5
f 7201/1290/12 7202/174/12 7203/1291/12
f 7204/174/12 7205/175/12 7206/1291/12
f 7207/174/543 7208/256/543 7209/175/543
f 7210/256/543 7211/257/543 7212/175/543
f 7213/256/510 7214/258/510 7215/257/510
f 7216/258/510 7217/259/510 7218/257/510
f 7219/258/98 7220/260/98 7221/259/98
f 7222/260/98 7223/261/98 7224/259/98
f 7225/260/100 7226/262/100 7227/261/100
f 7228/262/100 7229/263/100 7230/261/100
f 7231/262/101 7232/264/101 7233/263/101
f 7234/264/101 7235/265/101 7236/263/101
f 7237/264/103 7238/266/103 7239/265/103
f 7240/266/103 7241/267/103 7242/265/103
f 7243/266/544 7244/268/544 7245/267/544
f 7246/268/544 7247/269/544 7248/267/544
f 7249/268/106 7250/270/106 7251/269/106
f 7252/270/106 7253/271/106 7254/269/106
f 7255/270/515 7256/272/515 7257/271/515
f 7258/272/515 7259/273/515 7260/271/515
f 7261/272/109 7262/274/109 7263/273/109
f 7264/274/518 7265/275/518 7266/273/518
f 7267/274/111 7268/276/111 7269/275/111
f 7270/276/111 7271/277/111 7272/275/111
f 7273/276/545 7274/278/545 7275/277/545
f 7276/278/546 7277/279/546 7278/277/546
f 7279/278/115 7280/280/115 7281/279/115
f 7282/280/521 7283/281/521 7284/279/521
f 7285/280/117 7286/282/117 7287/281/117
f 7288/282/117 7289/283/117 7290/281/117
f 7291/282/119 7292/284/119 7293/283/119
f 7294/284/119 7295/285/119 7296/283/119
f 7297/284/121 7298/286/121 7299/285/121
f 7300/286/121 7301/287/121 7302/285/121
f 7303/286/122 7304/288/122 7305/287/122
f 7306/288/122 7307/289/122 7308/287/122
f 7309/288/124 7310/290/124 7311/289/124
f 7312/290/522 7313/291/522 7314/289/522
f 7315/1294/125 7316/1295/125 7317/1296/125
f 7318/1295/547 7319/1297/547 7320/1296/547
f 7321/1295/548 7322/1298/548 7323/1297/548
f 7324/1298/126 7325/1299/126 7326/1297/126
f 7327/1298/127 7328/1300/127 7329/1299/127
f 7330/1300/127 7331/1301/127 7332/1299/127
f 7333/1300/129 7334/1302/129 7335/1301/129
f 7336/1302/129 7337/1303/129 7338/1301/129
f 7339/1302/523 7340/1304/523 7341/1303/523
f 7342/1304/130 7343/1305/130 7344/1303/130
f 7345/1304/131 7346/1306/131 7347/1305/131
f 7348/1306/131 7349/1307/131 7350/1305/131
f 7351/1306/244 7352/1308/244 7353/1307/244
f 7354/1308/243 7355/1309/243 7356/1307/243
f 7357/1308/549 7358/1310/549 7359/1309/549
f 7360/1310/245 7361/1311/245 7362/1309/245
f 7363/1310/550 7364/1312/550 7365/1311/550
f 7366/1312/247 7367/1313/247 7368/1311/247
f 7369/1312/248 7370/1314/248 7371/1313/248
f 7372/1314/248 7373/1315/248 7374/1313/248
f 7375/1314/249 7376/1316/249 7377/1315/249
f 7378/1316/249 7379/1317/249 7380/1315/249
f 7381/1316/250 7382/1318/250 7383/1317/250
f 7384/1318/250 7385/1319/250 7386/1317/250
f 7387/1318/551 7388/1320/551 7389/1319/551
f 7390/1320/552 7391/1321/552 7392/1319/552
f 7393/1320/252 7394/1322/252 7395/1321/252
f 7396/1322/553 7397/1323/553 7398/1321/553
f 7399/1322/253 7400/1324/253 7401/1323/253
f 7402/1324/253 7403/1325/253 7404/1323/253
f 7405/1324/255 7406/1326/255 7407/1325/255
f 7408/1326/255 7409/1327/255 7410/1325/255
f 7411/1326/256 7412/1328/256 7413/1327/256
f 7414/1328/256 7415/1329/256 7416/1327/256
f 7417/1328/257 7418/1330/257 7419/1329/257
f 7420/1330/257 7421/1331/257 7422/1329/257
f 7423/1330/7 7424/1263/7 7425/1331/7
f 7426/1263/7 7427/1265/7 7428/1331/7
f 7429/1263/258 7430/1332/258 7431/1265/258
f 7432/1332/258 7433/1333/258 7434/1265/258
f 7435/1332/259 7436/1334/259 7437/1333/259
f 7438/1334/259 7439/1335/259 7440/1333/259
f 7441/1334/260 7442/1336/260 7443/1335/260
f 7444/1336/260 7445/1337/260 7446/1335/260
f 7447/1336/261 7448/1338/261 7449/1337/261
f 7450/1338/261 7451/1339/261 7452/1337/261
f 7453/1338/262 7454/1340/262 7455/1339/262
f 7456/1340/554 7457/1341/554 7458/1339/554
f 7459/1340/263 7460/1342/263 7461/1341/263
f 7462/1342/263 7463/1343/263 7464/1341/263
f 7465/1342/264 7466/1344/264 7467/1343/264
f 7468/1344/265 7469/1345/265 7470/1343/265
f 7471/1344/267 7472/1346/267 7473/1345/267
f 7474/1346/267 7475/1347/267 7476/1345/267
f 7477/1346/269 7478/1348/269 7479/1347/269
f 7480/1348/269 7481/1349/269 7482/1347/269
f 7483/1348/270 7484/1350/270 7485/1349/270
f 7486/1350/555 7487/1351/555 7488/1349/555
f 7489/1350/271 7490/1352/271 7491/1351/271
f 7492/1352/271 7493/1353/271 7494/1351/271
f 7495/1352/272 7496/1354/272 7497/1353/272
f 7498/1354/272 7499/1355/272 7500/1353/272
f 7501/1354/273 7502/1356/273 7503/1355/273
f 7504/1356/556 7505/1357/556 7506/1355/556
f 7507/1356/557 7508/1358/557 7509/1357/557
f 7510/1358/275 7511/1359/275 7512/1357/275
f 7513/1358/558 7514/1360/558 7515/1359/558
f 7516/1360/276 7517/1361/276 7518/1359/276
f 7519/1360/277 7520/1362/277 7521/1361/277
f 7522/1362/277 7523/1363/277 7524/1361/277
f 7525/1362/280 7526/1364/280 7527/1363/280
f 7528/1364/280 7529/1365/280 7530/1363/280
f 7531/1364/282 7532/1366/282 7533/1365/282
f 7534/1366/282 7535/1367/282 7536/1365/282
f 7537/290/283 7538/288/283 7539/291/283
f 7540/288/283 7541/289/283 7542/291/283
f 7543/288/559 7544/286/559 7545/289/559
f 7546/286/559 7547/287/559 7548/289/559
f 7549/286/560 7550/284/560 7551/287/560
f 7552/284/561 7553/285/561 7554/287/561
f 7555/284/288 7556/282/288 7557/285/288
f 7558/282/288 7559/283/288 7560/285/288
f 7561/282/289 7562/280/289 7563/283/289
f 7564/280/289 7565/281/289 7566/283/289
f 7567/280/562 7568/278/562 7569/281/562
f 7570/278/563 7571/279/563 7572/281/563
f 7573/278/292 7574/276/292 7575/279/292
f 7576/276/564 7577/277/564 7578/279/564
f 7579/276/293 7580/274/293 7581/277/293
f 7582/274/293 7583/275/293 7584/277/293
f 7585/274/565 7586/272/565 7587/275/565
f 7588/272/294 7589/273/294 7590/275/294
f 7591/272/566 7592/270/566 7593/273/566
f 7594/270/566 7595/271/566 7596/273/566
f 7597/270/298 7598/268/298 7599/271/298
f 7600/268/567 7601/269/567 7602/271/567
f 7603/268/299 7604/266/299 7605/269/299
f 7606/266/299 7607/267/299 7608/269/299
f 7609/266/301 7610/264/301 7611/267/301
f 7612/264/301 7613/265/301 7614/267/301
f 7615/264/303 7616/262/303 7617/265/303
f 7618/262/303 7619/263/303 7620/265/303
f 7621/262/305 7622/260/305 7623/263/305
f 7624/260/305 7625/261/305 7626/263/305
f 7627/260/307 7628/258/307 7629/261/307
f 7630/258/307 7631/259/307 7632/261/307
f 7633/258/308 7634/256/308 7635/259/308
f 7636/256/308 7637/257/308 7638/259/308
f 7639/256/309 7640/174/309 7641/257/309
f 7642/174/309 7643/175/309 7644/257/309
f 7645/174/13 7646/34/13 7647/175/13
f 7648/34/13 7649/36/13 7650/175/13
f 7651/34/310 7652/724/310 7653/36/310
f 7654/724/310 7655/725/310 7656/36/310
f 7657/724/311 7658/726/311 7659/725/311
f 7660/726/311 7661/727/311 7662/725/311
f 7663/726/312 7664/728/312 7665/727/312
f 7666/728/312 7667/729/312 7668/727/312
f 7669/728/314 7670/730/314 7671/729/314
f 7672/730/314 7673/731/314 7674/729/314
f 7675/730/316 7676/732/316 7677/731/316
f 7678/732/316 7679/733/316 7680/731/316
f 7681/732/318 7682/734/318 7683/733/318
f 7684/734/318 7685/735/318 7686/733/318
f 7687/734/320 7688/736/320 7689/735/320
f 7690/736/320 7691/737/320 7692/735/320
f 7693/736/568 7694/738/568 7695/737/568
f 7696/738/321 7697/739/321 7698/737/321
f 7699/738/569 7700/740/569 7701/739/569
f 7702/740/569 7703/741/569 7704/739/569
f 7705/740/325 7706/742/325 7707/741/325
f 7708/742/570 7709/743/570 7710/741/570
f 7711/742/326 7712/744/326 7713/743/326
f 7714/744/326 7715/745/326 7716/743/326
f 7717/744/571 7718/746/571 7719/745/571
f 7720/746/327 7721/747/327 7722/745/327
f 7723/746/572 7724/748/572 7725/747/572
f 7726/748/573 7727/749/573 7728/747/573
f 7729/748/330 7730/750/330 7731/749/330
f 7732/750/330 7733/751/330 7734/749/330
f 7735/750/331 7736/752/331 7737/751/331
f 7738/752/331 7739/753/331 7740/751/331
f 7741/752/332 7742/754/332 7743/753/332
f 7744/754/574 7745/755/574 7746/753/574
f 7747/754/575 7748/756/575 7749/755/575
f 7750/756/575 7751/757/575 7752/755/575
f 7753/756/336 7754/758/336 7755/757/336
f 7756/758/336 7757/759/336 7758/757/336
f 7759/1366/337 7760/1364/337 7761/1367/337
f 7762/1364/337 7763/1365/337 7764/1367/337
f 7765/1364/339 7766/1362/339 7767/1365/339
f 7768/1362/339 7769/1363/339 7770/1365/339
f 7771/1362/342 7772/1360/342 7773/1363/342
f 7774/1360/342 7775/1361/342 7776/1363/342
f 7777/1360/343 7778/1358/343 7779/1361/343
f 7780/1358/576 7781/1359/576 7782/1361/576
f 7783/1358/344 7784/1356/344 7785/1359/344
f 7786/1356/577 7787/1357/577 7788/1359/577
f 7789/1356/578 7790/1354/578 7791/1357/578
f 7792/1354/346 7793/1355/346 7794/1357/346
f 7795/1354/347 7796/1352/347 7797/1355/347
f 7798/1352/347 7799/1353/347 7800/1355/347
f 7801/1352/348 7802/1350/348 7803/1353/348
f 7804/1350/348 7805/1351/348 7806/1353/348
f 7807/1350/579 7808/1348/579 7809/1351/579
f 7810/1348/349 7811/1349/349 7812/1351/349
f 7813/1348/350 7814/1346/350 7815/1349/350
f 7816/1346/350 7817/1347/350 7818/1349/350
f 7819/1346/352 7820/1344/352 7821/1347/352
f 7822/1344/352 7823/1345/352 7824/1347/352
f 7825/1344/354 7826/1342/354 7827/1345/354
f 7828/1342/355 7829/1343/355 7830/1345/355
f 7831/1342/356 7832/1340/356 7833/1343/356
f 7834/1340/356 7835/1341/356 7836/1343/356
f 7837/1340/357 7838/1338/357 7839/1341/357
f 7840/1338/357 7841/1339/357 7842/1341/357
f 7843/1338/358 7844/1336/358 7845/1339/358
f 7846/1336/358 7847/1337/358 7848/1339/358
f 7849/1336/359 7850/1334/359 7851/1337/359
f 7852/1334/359 7853/1335/359 7854/1337/359
f 7855/1334/360 7856/1332/360 7857/1335/360
f 7858/1332/360 7859/1333/360 7860/1335/360
f 7861/1332/361 7862/1263/361 7863/1333/361
f 7864/1263/361 7865/1265/361 7866/1333/361
f 7867/1263/5 7868/1262/5 7869/1265/5
f 7870/1262/5 7871/1264/5 7872/1265/5
f 7873/174/440 7874/176/440 7875/175/440
f 7876/176/441 7877/177/441 7878/175/441
f 7879/176/580 7880/178/580 7881/177/580
f 7882/178/580 7883/179/580 7884/177/580
f 7885/178/581 7886/180/581 7887/179/581
f 7888/180/582 7889/181/582 7890/179/582
f 7891/180/447 7892/182/447 7893/181/447
f 7894/182/583 7895/183/583 7896/181/583
f 7897/182/584 7898/184/584 7899/183/584
f 7900/184/585 7901/185/585 7902/183/585
f 7903/184/586 7904/186/586 7905/185/586
f 7906/186/450 7907/187/450 7908/185/450
f 7909/186/587 7910/188/587 7911/187/587
f 7912/188/587 7913/189/587 7914/187/587
f 7915/188/588 7916/190/588 7917/189/588
f 7918/190/589 7919/191/589 7920/189/589
f 7921/190/455 7922/192/455 7923/191/455
f 7924/192/455 7925/193/455 7926/191/455
f 7927/192/456 7928/194/456 7929/193/456
f 7930/194/456 7931/195/456 7932/193/456
f 7933/194/590 7934/196/590 7935/195/590
f 7936/196/590 7937/197/590 7938/195/590
f 7939/196/459 7940/198/459 7941/197/459
f 7942/198/591 7943/199/591 7944/197/591
f 7945/1288/460 7946/1286/460 7947/1289/460
f 7948/1286/460 7949/1287/460 7950/1289/460
f 7951/1286/592 7952/1284/592 7953/1287/592
f 7954/1284/592 7955/1285/592 7956/1287/592
f 7957/1284/465 7958/1282/465 7959/1285/465
f 7960/1282/464 7961/1283/464 7962/1285/464
f 7963/1282/467 7964/1280/467 7965/1283/467
f 7966/1280/467 7967/1281/467 7968/1283/467
f 7969/1280/469 7970/1278/469 7971/1281/469
f 7972/1278/469 7973/1279/469 7974/1281/469
f 7975/1278/471 7976/1276/471 7977/1279/471
f 7978/1276/593 7979/1277/593 7980/1279/593
f 7981/1276/594 7982/1274/594 7983/1277/594
f 7984/1274/472 7985/1275/472 7986/1277/472
f 7987/1274/595 7988/1272/595 7989/1275/595
f 7990/1272/474 7991/1273/474 7992/1275/474
f 7993/1272/476 7994/1270/476 7995/1273/476
f 7996/1270/476 7997/1271/476 7998/1273/476
f 7999/1270/477 8000/1268/477 8001/1271/477
f 8002/1268/477 8003/1269/477 8004/1271/477
f 8005/1268/478 8006/1266/478 8007/1269/478
f 8008/1266/478 8009/1267/478 8010/1269/478
f 8011/1266/479 8012/1263/479 8013/1267/479
f 8014/1263/479 8015/1265/479 8016/1267/479
f 8017/1263/5 8018/1330/5 8019/1265/5
f 8020/1330/5 8021/1331/5 8022/1265/5
f 8023/1330/52 8024/1368/52 8025/1331/52
f 8026/1368/52 8027/1369/52 8028/1331/52
f 8029/1368/53 8030/1370/53 8031/1369/53
f 8032/1370/53 8033/1371/53 8034/1369/53
f 8035/1370/54 8036/1372/54 8037/1371/54
f 8038/1372/54 8039/1373/54 8040/1371/54
f 8041/1372/55 8042/1374/55 8043/1373/55
f 8044/1374/55 8045/1375/55 8046/1373/55
f 8047/1374/56 8048/1376/56 8049/1375/56
f 8050/1376/501 8051/1377/501 8052/1375/501
f 8053/1376/596 8054/1378/596 8055/1377/596
f 8056/1378/59 8057/1379/59 8058/1377/59
f 8059/1378/502 8060/1380/502 8061/1379/502
f 8062/1380/61 8063/1381/61 8064/1379/61
f 8065/1380/63 8066/1382/63 8067/1381/63
f 8068/1382/62 8069/1383/62 8070/1381/62
f 8071/1382/503 8072/1384/503 8073/1383/503
f 8074/1384/64 8075/1385/64 8076/1383/64
f 8077/1384/66 8078/1386/66 8079/1385/66
f 8080/1386/66 8081/1387/66 8082/1385/66
f 8083/1386/69 8084/1388/69 8085/1387/69
f 8086/1388/69 8087/1389/69 8088/1387/69
f 8089/1388/71 8090/1390/71 8091/1389/71
f 8092/1390/71 8093/1391/71 8094/1389/71
f 8095/198/483 8096/196/483 8097/199/483
f 8098/196/483 8099/197/483 8100/199/483
f 8101/196/505 8102/194/505 8103/197/505
f 8104/194/505 8105/195/505 8106/197/505
f 8107/194/75 8108/192/75 8109/195/75
f 8110/192/75 8111/193/75 8112/195/75
f 8113/192/597 8114/190/597 8115/193/597
f 8116/190/78 8117/191/78 8118/193/78
f 8119/190/598 8120/188/598 8121/191/598
f 8122/188/80 8123/189/80 8124/191/80
f 8125/188/81 8126/186/81 8127/189/81
f 8128/186/81 8129/187/81 8130/189/81
f 8131/186/83 8132/184/83 8133/187/83
f 8134/184/83 8135/185/83 8136/187/83
f 8137/184/599 8138/182/599 8139/185/599
f 8140/182/85 8141/183/85 8142/185/85
f 8143/182/488 8144/180/488 8145/183/488
f 8146/180/488 8147/181/488 8148/183/488
f 8149/180/89 8150/178/89 8151/181/89
f 8152/178/89 8153/179/89 8154/181/89
f 8155/178/507 8156/176/507 8157/179/507
f 8158/176/507 8159/177/507 8160/179/507
f 8161/176/489 8162/174/489 8163/177/489
f 8164/174/92 8165/175/92 8166/177/92
f 8167/174/13 8168/1392/13 8169/175/13
f 8170/1392/13 8171/1393/13 8172/175/13
f 8173/1394/7 8174/1292/7 8175/1395/7
f 8176/1292/7 8177/1293/7 8178/1395/7
f 8179/1392/12 8180/174/12 8181/1393/12
f 8182/174/12 8183/175/12 8184/1393/12
